ISO-10303-21;
HEADER;
FILE_DESCRIPTION(('FreeCAD Model'),'2;1');
FILE_NAME('Open CASCADE Shape Model','2026-09-13T20:37:05',(''),(''),
  'Open CASCADE STEP processor 7.8','FreeCAD','Unknown');
FILE_SCHEMA(('AUTOMOTIVE_DESIGN { 1 0 10303 214 1 1 1 1 }'));
ENDSEC;
DATA;
#1 = APPLICATION_PROTOCOL_DEFINITION('international standard',
  'automotive_design',2000,#2);
#2 = APPLICATION_CONTEXT(
  'core data for automotive mechanical design processes');
#3 = SHAPE_DEFINITION_REPRESENTATION(#4,#10);
#4 = PRODUCT_DEFINITION_SHAPE('','',#5);
#5 = PRODUCT_DEFINITION('design','',#6,#9);
#6 = PRODUCT_DEFINITION_FORMATION('','',#7);
#7 = PRODUCT('XT30_Female','XT30_Female','',(#8));
#8 = PRODUCT_CONTEXT('',#2,'mechanical');
#9 = PRODUCT_DEFINITION_CONTEXT('part definition',#2,'design');
#10 = SHAPE_REPRESENTATION('',(#11,#15),#19);
#11 = AXIS2_PLACEMENT_3D('',#12,#13,#14);
#12 = CARTESIAN_POINT('',(0.,0.,0.));
#13 = DIRECTION('',(0.,0.,1.));
#14 = DIRECTION('',(1.,0.,-0.));
#15 = AXIS2_PLACEMENT_3D('',#16,#17,#18);
#16 = CARTESIAN_POINT('',(0.,0.,-15.));
#17 = DIRECTION('',(0.,0.,1.));
#18 = DIRECTION('',(1.,0.,0.));
#19 = ( GEOMETRIC_REPRESENTATION_CONTEXT(3) 
GLOBAL_UNCERTAINTY_ASSIGNED_CONTEXT((#23)) GLOBAL_UNIT_ASSIGNED_CONTEXT(
(#20,#21,#22)) REPRESENTATION_CONTEXT('Context #1',
  '3D Context with UNIT and UNCERTAINTY') );
#20 = ( LENGTH_UNIT() NAMED_UNIT(*) SI_UNIT(.MILLI.,.METRE.) );
#21 = ( NAMED_UNIT(*) PLANE_ANGLE_UNIT() SI_UNIT($,.RADIAN.) );
#22 = ( NAMED_UNIT(*) SI_UNIT($,.STERADIAN.) SOLID_ANGLE_UNIT() );
#23 = UNCERTAINTY_MEASURE_WITH_UNIT(LENGTH_MEASURE(1.E-07),#20,
  'distance_accuracy_value','confusion accuracy');
#24 = PRODUCT_RELATED_PRODUCT_CATEGORY('part',$,(#7));
#25 = SHAPE_DEFINITION_REPRESENTATION(#26,#32);
#26 = PRODUCT_DEFINITION_SHAPE('','',#27);
#27 = PRODUCT_DEFINITION('design','',#28,#31);
#28 = PRODUCT_DEFINITION_FORMATION('','',#29);
#29 = PRODUCT('XT30_Female001','XT30_Female001','',(#30));
#30 = PRODUCT_CONTEXT('',#2,'mechanical');
#31 = PRODUCT_DEFINITION_CONTEXT('part definition',#2,'design');
#32 = ADVANCED_BREP_SHAPE_REPRESENTATION('',(#11,#33),#5553);
#33 = MANIFOLD_SOLID_BREP('',#34);
#34 = CLOSED_SHELL('',(#35,#77,#108,#141,#172,#231,#298,#329,#396,#446,
    #486,#519,#550,#583,#614,#664,#704,#726,#759,#809,#849,#882,#913,
    #946,#968,#992,#1016,#1040,#1064,#1106,#1137,#1161,#1262,#1316,#1370
    ,#1403,#1434,#1467,#1498,#1531,#1759,#1781,#1812,#1860,#1894,#1918,
    #1935,#1966,#1991,#2015,#2048,#2143,#2189,#2336,#2361,#2391,#2423,
    #2455,#2622,#2645,#2662,#2685,#2696,#2721,#2751,#2783,#2815,#2982,
    #3005,#3022,#3045,#3056,#3081,#3111,#3143,#3175,#3342,#3365,#3382,
    #3405,#3416,#3441,#3464,#3475,#3487,#3499,#3511,#3523,#3535,#3547,
    #3559,#3571,#3583,#3600,#3611,#3623,#3809,#3840,#3874,#3898,#3986,
    #4029,#4045,#4127,#4152,#4338,#4369,#4403,#4427,#4515,#4558,#4574,
    #4656,#4681,#4712,#4737,#4761,#4786,#4810,#4835,#4859,#4877,#4902,
    #4940,#4958,#4975,#4993,#5010,#5028,#5045,#5057,#5069,#5084,#5096,
    #5111,#5162,#5178,#5205,#5256,#5272,#5318,#5346,#5373,#5385,#5479,
    #5503,#5527,#5540));
#35 = ADVANCED_FACE('',(#36),#72,.T.);
#36 = FACE_BOUND('',#37,.T.);
#37 = EDGE_LOOP('',(#38,#49,#57,#66));
#38 = ORIENTED_EDGE('',*,*,#39,.F.);
#39 = EDGE_CURVE('',#40,#42,#44,.T.);
#40 = VERTEX_POINT('',#41);
#41 = CARTESIAN_POINT('',(3.579288371828,9.644018630536,7.6));
#42 = VERTEX_POINT('',#43);
#43 = CARTESIAN_POINT('',(3.565023800405,9.65,7.6));
#44 = CIRCLE('',#45,2.E-02);
#45 = AXIS2_PLACEMENT_3D('',#46,#47,#48);
#46 = CARTESIAN_POINT('',(3.565023800405,9.63,7.6));
#47 = DIRECTION('',(0.,0.,1.));
#48 = DIRECTION('',(1.,0.,-0.));
#49 = ORIENTED_EDGE('',*,*,#50,.T.);
#50 = EDGE_CURVE('',#40,#51,#53,.T.);
#51 = VERTEX_POINT('',#52);
#52 = CARTESIAN_POINT('',(3.579288371828,9.644018630536,0.));
#53 = LINE('',#54,#55);
#54 = CARTESIAN_POINT('',(3.579288371828,9.644018630536,7.6));
#55 = VECTOR('',#56,1.);
#56 = DIRECTION('',(0.,0.,-1.));
#57 = ORIENTED_EDGE('',*,*,#58,.T.);
#58 = EDGE_CURVE('',#51,#59,#61,.T.);
#59 = VERTEX_POINT('',#60);
#60 = CARTESIAN_POINT('',(3.565023800405,9.65,0.));
#61 = CIRCLE('',#62,2.E-02);
#62 = AXIS2_PLACEMENT_3D('',#63,#64,#65);
#63 = CARTESIAN_POINT('',(3.565023800405,9.63,0.));
#64 = DIRECTION('',(0.,0.,1.));
#65 = DIRECTION('',(1.,0.,-0.));
#66 = ORIENTED_EDGE('',*,*,#67,.F.);
#67 = EDGE_CURVE('',#42,#59,#68,.T.);
#68 = LINE('',#69,#70);
#69 = CARTESIAN_POINT('',(3.565023800405,9.65,7.6));
#70 = VECTOR('',#71,1.);
#71 = DIRECTION('',(0.,0.,-1.));
#72 = CYLINDRICAL_SURFACE('',#73,2.E-02);
#73 = AXIS2_PLACEMENT_3D('',#74,#75,#76);
#74 = CARTESIAN_POINT('',(3.565023800405,9.63,7.6));
#75 = DIRECTION('',(0.,0.,1.));
#76 = DIRECTION('',(1.,0.,-0.));
#77 = ADVANCED_FACE('',(#78),#103,.T.);
#78 = FACE_BOUND('',#79,.T.);
#79 = EDGE_LOOP('',(#80,#88,#96,#102));
#80 = ORIENTED_EDGE('',*,*,#81,.T.);
#81 = EDGE_CURVE('',#40,#82,#84,.T.);
#82 = VERTEX_POINT('',#83);
#83 = CARTESIAN_POINT('',(4.644264571423,8.560358637966,7.6));
#84 = LINE('',#85,#86);
#85 = CARTESIAN_POINT('',(13.05703081908,0.,7.6));
#86 = VECTOR('',#87,1.);
#87 = DIRECTION('',(0.700931526822,-0.713228571152,-0.));
#88 = ORIENTED_EDGE('',*,*,#89,.T.);
#89 = EDGE_CURVE('',#82,#90,#92,.T.);
#90 = VERTEX_POINT('',#91);
#91 = CARTESIAN_POINT('',(4.644264571423,8.560358637966,0.));
#92 = LINE('',#93,#94);
#93 = CARTESIAN_POINT('',(4.644264571423,8.560358637966,7.6));
#94 = VECTOR('',#95,1.);
#95 = DIRECTION('',(0.,0.,-1.));
#96 = ORIENTED_EDGE('',*,*,#97,.T.);
#97 = EDGE_CURVE('',#90,#51,#98,.T.);
#98 = LINE('',#99,#100);
#99 = CARTESIAN_POINT('',(6.988496336321,6.175,0.));
#100 = VECTOR('',#101,1.);
#101 = DIRECTION('',(-0.700931526822,0.713228571152,0.));
#102 = ORIENTED_EDGE('',*,*,#50,.F.);
#103 = PLANE('',#104);
#104 = AXIS2_PLACEMENT_3D('',#105,#106,#107);
#105 = CARTESIAN_POINT('',(4.644264571423,8.560358637966,7.6));
#106 = DIRECTION('',(0.713228571152,0.700931526822,-0.));
#107 = DIRECTION('',(-0.700931526822,0.713228571152,0.));
#108 = ADVANCED_FACE('',(#109),#136,.T.);
#109 = FACE_BOUND('',#110,.T.);
#110 = EDGE_LOOP('',(#111,#120,#128,#135));
#111 = ORIENTED_EDGE('',*,*,#112,.F.);
#112 = EDGE_CURVE('',#113,#82,#115,.T.);
#113 = VERTEX_POINT('',#114);
#114 = CARTESIAN_POINT('',(4.65,8.54634000743,7.6));
#115 = CIRCLE('',#116,2.E-02);
#116 = AXIS2_PLACEMENT_3D('',#117,#118,#119);
#117 = CARTESIAN_POINT('',(4.63,8.54634000743,7.6));
#118 = DIRECTION('',(0.,0.,1.));
#119 = DIRECTION('',(1.,0.,-0.));
#120 = ORIENTED_EDGE('',*,*,#121,.T.);
#121 = EDGE_CURVE('',#113,#122,#124,.T.);
#122 = VERTEX_POINT('',#123);
#123 = CARTESIAN_POINT('',(4.65,8.54634000743,0.));
#124 = LINE('',#125,#126);
#125 = CARTESIAN_POINT('',(4.65,8.54634000743,7.6));
#126 = VECTOR('',#127,1.);
#127 = DIRECTION('',(0.,0.,-1.));
#128 = ORIENTED_EDGE('',*,*,#129,.T.);
#129 = EDGE_CURVE('',#122,#90,#130,.T.);
#130 = CIRCLE('',#131,2.E-02);
#131 = AXIS2_PLACEMENT_3D('',#132,#133,#134);
#132 = CARTESIAN_POINT('',(4.63,8.54634000743,0.));
#133 = DIRECTION('',(0.,0.,1.));
#134 = DIRECTION('',(1.,0.,-0.));
#135 = ORIENTED_EDGE('',*,*,#89,.F.);
#136 = CYLINDRICAL_SURFACE('',#137,2.E-02);
#137 = AXIS2_PLACEMENT_3D('',#138,#139,#140);
#138 = CARTESIAN_POINT('',(4.63,8.54634000743,7.6));
#139 = DIRECTION('',(0.,0.,1.));
#140 = DIRECTION('',(1.,0.,-0.));
#141 = ADVANCED_FACE('',(#142),#167,.T.);
#142 = FACE_BOUND('',#143,.T.);
#143 = EDGE_LOOP('',(#144,#154,#160,#161));
#144 = ORIENTED_EDGE('',*,*,#145,.T.);
#145 = EDGE_CURVE('',#146,#148,#150,.T.);
#146 = VERTEX_POINT('',#147);
#147 = CARTESIAN_POINT('',(4.65,7.343943334793,7.6));
#148 = VERTEX_POINT('',#149);
#149 = CARTESIAN_POINT('',(4.65,7.343943334793,0.));
#150 = LINE('',#151,#152);
#151 = CARTESIAN_POINT('',(4.65,7.343943334793,7.6));
#152 = VECTOR('',#153,1.);
#153 = DIRECTION('',(0.,0.,-1.));
#154 = ORIENTED_EDGE('',*,*,#155,.T.);
#155 = EDGE_CURVE('',#148,#122,#156,.T.);
#156 = LINE('',#157,#158);
#157 = CARTESIAN_POINT('',(4.65,6.175,0.));
#158 = VECTOR('',#159,1.);
#159 = DIRECTION('',(0.,1.,0.));
#160 = ORIENTED_EDGE('',*,*,#121,.F.);
#161 = ORIENTED_EDGE('',*,*,#162,.T.);
#162 = EDGE_CURVE('',#113,#146,#163,.T.);
#163 = LINE('',#164,#165);
#164 = CARTESIAN_POINT('',(4.65,0.,7.6));
#165 = VECTOR('',#166,1.);
#166 = DIRECTION('',(0.,-1.,0.));
#167 = PLANE('',#168);
#168 = AXIS2_PLACEMENT_3D('',#169,#170,#171);
#169 = CARTESIAN_POINT('',(4.65,6.796220777287,7.6));
#170 = DIRECTION('',(1.,0.,-0.));
#171 = DIRECTION('',(0.,1.,0.));
#172 = ADVANCED_FACE('',(#173),#226,.F.);
#173 = FACE_BOUND('',#174,.F.);
#174 = EDGE_LOOP('',(#175,#185,#194,#202,#211,#219));
#175 = ORIENTED_EDGE('',*,*,#176,.T.);
#176 = EDGE_CURVE('',#177,#179,#181,.T.);
#177 = VERTEX_POINT('',#178);
#178 = CARTESIAN_POINT('',(4.419230769231,6.922618290558,7.6));
#179 = VERTEX_POINT('',#180);
#180 = CARTESIAN_POINT('',(4.419230769231,6.922618290558,0.));
#181 = LINE('',#182,#183);
#182 = CARTESIAN_POINT('',(4.419230769231,6.922618290558,7.6));
#183 = VECTOR('',#184,1.);
#184 = DIRECTION('',(0.,0.,-1.));
#185 = ORIENTED_EDGE('',*,*,#186,.F.);
#186 = EDGE_CURVE('',#187,#179,#189,.T.);
#187 = VERTEX_POINT('',#188);
#188 = CARTESIAN_POINT('',(4.65,6.796220777287,0.));
#189 = CIRCLE('',#190,0.15);
#190 = AXIS2_PLACEMENT_3D('',#191,#192,#193);
#191 = CARTESIAN_POINT('',(4.5,6.796220777287,0.));
#192 = DIRECTION('',(0.,0.,1.));
#193 = DIRECTION('',(1.,0.,-0.));
#194 = ORIENTED_EDGE('',*,*,#195,.T.);
#195 = EDGE_CURVE('',#187,#196,#198,.T.);
#196 = VERTEX_POINT('',#197);
#197 = CARTESIAN_POINT('',(4.65,6.796220777287,-2.));
#198 = LINE('',#199,#200);
#199 = CARTESIAN_POINT('',(4.65,6.796220777287,0.));
#200 = VECTOR('',#201,1.);
#201 = DIRECTION('',(0.,0.,-1.));
#202 = ORIENTED_EDGE('',*,*,#203,.T.);
#203 = EDGE_CURVE('',#196,#204,#206,.T.);
#204 = VERTEX_POINT('',#205);
#205 = CARTESIAN_POINT('',(4.362804878049,6.856863159437,-2.));
#206 = CIRCLE('',#207,0.15);
#207 = AXIS2_PLACEMENT_3D('',#208,#209,#210);
#208 = CARTESIAN_POINT('',(4.5,6.796220777287,-2.));
#209 = DIRECTION('',(0.,0.,1.));
#210 = DIRECTION('',(1.,0.,-0.));
#211 = ORIENTED_EDGE('',*,*,#212,.F.);
#212 = EDGE_CURVE('',#213,#204,#215,.T.);
#213 = VERTEX_POINT('',#214);
#214 = CARTESIAN_POINT('',(4.362804878049,6.856863159437,7.6));
#215 = LINE('',#216,#217);
#216 = CARTESIAN_POINT('',(4.362804878049,6.856863159437,7.6));
#217 = VECTOR('',#218,1.);
#218 = DIRECTION('',(0.,0.,-1.));
#219 = ORIENTED_EDGE('',*,*,#220,.F.);
#220 = EDGE_CURVE('',#177,#213,#221,.T.);
#221 = CIRCLE('',#222,0.15);
#222 = AXIS2_PLACEMENT_3D('',#223,#224,#225);
#223 = CARTESIAN_POINT('',(4.5,6.796220777287,7.6));
#224 = DIRECTION('',(0.,0.,1.));
#225 = DIRECTION('',(1.,0.,-0.));
#226 = CYLINDRICAL_SURFACE('',#227,0.15);
#227 = AXIS2_PLACEMENT_3D('',#228,#229,#230);
#228 = CARTESIAN_POINT('',(4.5,6.796220777287,7.6));
#229 = DIRECTION('',(0.,0.,1.));
#230 = DIRECTION('',(1.,0.,-0.));
#231 = ADVANCED_FACE('',(#232),#293,.T.);
#232 = FACE_BOUND('',#233,.T.);
#233 = EDGE_LOOP('',(#234,#243,#251,#260,#268,#277,#285,#292));
#234 = ORIENTED_EDGE('',*,*,#235,.F.);
#235 = EDGE_CURVE('',#236,#213,#238,.T.);
#236 = VERTEX_POINT('',#237);
#237 = CARTESIAN_POINT('',(2.925,5.748833696071,7.6));
#238 = CIRCLE('',#239,1.9);
#239 = AXIS2_PLACEMENT_3D('',#240,#241,#242);
#240 = CARTESIAN_POINT('',(2.625,7.625,7.6));
#241 = DIRECTION('',(0.,0.,1.));
#242 = DIRECTION('',(1.,0.,-0.));
#243 = ORIENTED_EDGE('',*,*,#244,.T.);
#244 = EDGE_CURVE('',#236,#245,#247,.T.);
#245 = VERTEX_POINT('',#246);
#246 = CARTESIAN_POINT('',(2.925,5.748833696071,0.));
#247 = LINE('',#248,#249);
#248 = CARTESIAN_POINT('',(2.925,5.748833696071,7.6));
#249 = VECTOR('',#250,1.);
#250 = DIRECTION('',(0.,0.,-1.));
#251 = ORIENTED_EDGE('',*,*,#252,.F.);
#252 = EDGE_CURVE('',#253,#245,#255,.T.);
#253 = VERTEX_POINT('',#254);
#254 = CARTESIAN_POINT('',(2.325,5.748833696071,0.));
#255 = CIRCLE('',#256,1.9);
#256 = AXIS2_PLACEMENT_3D('',#257,#258,#259);
#257 = CARTESIAN_POINT('',(2.625,7.625,0.));
#258 = DIRECTION('',(0.,0.,1.));
#259 = DIRECTION('',(1.,0.,-0.));
#260 = ORIENTED_EDGE('',*,*,#261,.F.);
#261 = EDGE_CURVE('',#262,#253,#264,.T.);
#262 = VERTEX_POINT('',#263);
#263 = CARTESIAN_POINT('',(2.325,5.748833696071,7.6));
#264 = LINE('',#265,#266);
#265 = CARTESIAN_POINT('',(2.325,5.748833696071,7.6));
#266 = VECTOR('',#267,1.);
#267 = DIRECTION('',(0.,0.,-1.));
#268 = ORIENTED_EDGE('',*,*,#269,.F.);
#269 = EDGE_CURVE('',#270,#262,#272,.T.);
#270 = VERTEX_POINT('',#271);
#271 = CARTESIAN_POINT('',(0.887195121951,6.856863159437,7.6));
#272 = CIRCLE('',#273,1.9);
#273 = AXIS2_PLACEMENT_3D('',#274,#275,#276);
#274 = CARTESIAN_POINT('',(2.625,7.625,7.6));
#275 = DIRECTION('',(0.,0.,1.));
#276 = DIRECTION('',(1.,0.,-0.));
#277 = ORIENTED_EDGE('',*,*,#278,.T.);
#278 = EDGE_CURVE('',#270,#279,#281,.T.);
#279 = VERTEX_POINT('',#280);
#280 = CARTESIAN_POINT('',(0.887195121951,6.856863159437,-2.));
#281 = LINE('',#282,#283);
#282 = CARTESIAN_POINT('',(0.887195121951,6.856863159437,7.6));
#283 = VECTOR('',#284,1.);
#284 = DIRECTION('',(0.,0.,-1.));
#285 = ORIENTED_EDGE('',*,*,#286,.T.);
#286 = EDGE_CURVE('',#279,#204,#287,.T.);
#287 = CIRCLE('',#288,1.9);
#288 = AXIS2_PLACEMENT_3D('',#289,#290,#291);
#289 = CARTESIAN_POINT('',(2.625,7.625,-2.));
#290 = DIRECTION('',(0.,0.,1.));
#291 = DIRECTION('',(1.,0.,-0.));
#292 = ORIENTED_EDGE('',*,*,#212,.F.);
#293 = CYLINDRICAL_SURFACE('',#294,1.9);
#294 = AXIS2_PLACEMENT_3D('',#295,#296,#297);
#295 = CARTESIAN_POINT('',(2.625,7.625,7.6));
#296 = DIRECTION('',(0.,0.,1.));
#297 = DIRECTION('',(1.,0.,-0.));
#298 = ADVANCED_FACE('',(#299),#324,.T.);
#299 = FACE_BOUND('',#300,.T.);
#300 = EDGE_LOOP('',(#301,#309,#317,#323));
#301 = ORIENTED_EDGE('',*,*,#302,.T.);
#302 = EDGE_CURVE('',#236,#303,#305,.T.);
#303 = VERTEX_POINT('',#304);
#304 = CARTESIAN_POINT('',(2.925,4.501166303929,7.6));
#305 = LINE('',#306,#307);
#306 = CARTESIAN_POINT('',(2.925,6.035,7.6));
#307 = VECTOR('',#308,1.);
#308 = DIRECTION('',(0.,-1.,0.));
#309 = ORIENTED_EDGE('',*,*,#310,.T.);
#310 = EDGE_CURVE('',#303,#311,#313,.T.);
#311 = VERTEX_POINT('',#312);
#312 = CARTESIAN_POINT('',(2.925,4.501166303929,0.));
#313 = LINE('',#314,#315);
#314 = CARTESIAN_POINT('',(2.925,4.501166303929,7.6));
#315 = VECTOR('',#316,1.);
#316 = DIRECTION('',(0.,0.,-1.));
#317 = ORIENTED_EDGE('',*,*,#318,.F.);
#318 = EDGE_CURVE('',#245,#311,#319,.T.);
#319 = LINE('',#320,#321);
#320 = CARTESIAN_POINT('',(2.925,6.035,0.));
#321 = VECTOR('',#322,1.);
#322 = DIRECTION('',(0.,-1.,0.));
#323 = ORIENTED_EDGE('',*,*,#244,.F.);
#324 = PLANE('',#325);
#325 = AXIS2_PLACEMENT_3D('',#326,#327,#328);
#326 = CARTESIAN_POINT('',(2.925,4.501166303929,7.6));
#327 = DIRECTION('',(1.,0.,-0.));
#328 = DIRECTION('',(0.,1.,0.));
#329 = ADVANCED_FACE('',(#330),#391,.T.);
#330 = FACE_BOUND('',#331,.T.);
#331 = EDGE_LOOP('',(#332,#341,#349,#358,#366,#375,#383,#390));
#332 = ORIENTED_EDGE('',*,*,#333,.F.);
#333 = EDGE_CURVE('',#334,#303,#336,.T.);
#334 = VERTEX_POINT('',#335);
#335 = CARTESIAN_POINT('',(4.362804878049,3.393136840563,7.6));
#336 = CIRCLE('',#337,1.9);
#337 = AXIS2_PLACEMENT_3D('',#338,#339,#340);
#338 = CARTESIAN_POINT('',(2.625,2.625,7.6));
#339 = DIRECTION('',(0.,0.,1.));
#340 = DIRECTION('',(1.,0.,-0.));
#341 = ORIENTED_EDGE('',*,*,#342,.T.);
#342 = EDGE_CURVE('',#334,#343,#345,.T.);
#343 = VERTEX_POINT('',#344);
#344 = CARTESIAN_POINT('',(4.362804878049,3.393136840563,-2.));
#345 = LINE('',#346,#347);
#346 = CARTESIAN_POINT('',(4.362804878049,3.393136840563,7.6));
#347 = VECTOR('',#348,1.);
#348 = DIRECTION('',(0.,0.,-1.));
#349 = ORIENTED_EDGE('',*,*,#350,.T.);
#350 = EDGE_CURVE('',#343,#351,#353,.T.);
#351 = VERTEX_POINT('',#352);
#352 = CARTESIAN_POINT('',(0.887195121951,3.393136840563,-2.));
#353 = CIRCLE('',#354,1.9);
#354 = AXIS2_PLACEMENT_3D('',#355,#356,#357);
#355 = CARTESIAN_POINT('',(2.625,2.625,-2.));
#356 = DIRECTION('',(0.,0.,1.));
#357 = DIRECTION('',(1.,0.,-0.));
#358 = ORIENTED_EDGE('',*,*,#359,.F.);
#359 = EDGE_CURVE('',#360,#351,#362,.T.);
#360 = VERTEX_POINT('',#361);
#361 = CARTESIAN_POINT('',(0.887195121951,3.393136840563,7.6));
#362 = LINE('',#363,#364);
#363 = CARTESIAN_POINT('',(0.887195121951,3.393136840563,7.6));
#364 = VECTOR('',#365,1.);
#365 = DIRECTION('',(0.,0.,-1.));
#366 = ORIENTED_EDGE('',*,*,#367,.F.);
#367 = EDGE_CURVE('',#368,#360,#370,.T.);
#368 = VERTEX_POINT('',#369);
#369 = CARTESIAN_POINT('',(2.325,4.501166303929,7.6));
#370 = CIRCLE('',#371,1.9);
#371 = AXIS2_PLACEMENT_3D('',#372,#373,#374);
#372 = CARTESIAN_POINT('',(2.625,2.625,7.6));
#373 = DIRECTION('',(0.,0.,1.));
#374 = DIRECTION('',(1.,0.,-0.));
#375 = ORIENTED_EDGE('',*,*,#376,.T.);
#376 = EDGE_CURVE('',#368,#377,#379,.T.);
#377 = VERTEX_POINT('',#378);
#378 = CARTESIAN_POINT('',(2.325,4.501166303929,0.));
#379 = LINE('',#380,#381);
#380 = CARTESIAN_POINT('',(2.325,4.501166303929,7.6));
#381 = VECTOR('',#382,1.);
#382 = DIRECTION('',(0.,0.,-1.));
#383 = ORIENTED_EDGE('',*,*,#384,.F.);
#384 = EDGE_CURVE('',#311,#377,#385,.T.);
#385 = CIRCLE('',#386,1.9);
#386 = AXIS2_PLACEMENT_3D('',#387,#388,#389);
#387 = CARTESIAN_POINT('',(2.625,2.625,0.));
#388 = DIRECTION('',(0.,0.,1.));
#389 = DIRECTION('',(1.,0.,-0.));
#390 = ORIENTED_EDGE('',*,*,#310,.F.);
#391 = CYLINDRICAL_SURFACE('',#392,1.9);
#392 = AXIS2_PLACEMENT_3D('',#393,#394,#395);
#393 = CARTESIAN_POINT('',(2.625,2.625,7.6));
#394 = DIRECTION('',(0.,0.,1.));
#395 = DIRECTION('',(1.,0.,-0.));
#396 = ADVANCED_FACE('',(#397),#441,.F.);
#397 = FACE_BOUND('',#398,.F.);
#398 = EDGE_LOOP('',(#399,#408,#409,#418,#426,#435));
#399 = ORIENTED_EDGE('',*,*,#400,.F.);
#400 = EDGE_CURVE('',#334,#401,#403,.T.);
#401 = VERTEX_POINT('',#402);
#402 = CARTESIAN_POINT('',(4.419230769231,3.327381709442,7.6));
#403 = CIRCLE('',#404,0.15);
#404 = AXIS2_PLACEMENT_3D('',#405,#406,#407);
#405 = CARTESIAN_POINT('',(4.5,3.453779222713,7.6));
#406 = DIRECTION('',(0.,0.,1.));
#407 = DIRECTION('',(1.,0.,-0.));
#408 = ORIENTED_EDGE('',*,*,#342,.T.);
#409 = ORIENTED_EDGE('',*,*,#410,.T.);
#410 = EDGE_CURVE('',#343,#411,#413,.T.);
#411 = VERTEX_POINT('',#412);
#412 = CARTESIAN_POINT('',(4.65,3.453779222713,-2.));
#413 = CIRCLE('',#414,0.15);
#414 = AXIS2_PLACEMENT_3D('',#415,#416,#417);
#415 = CARTESIAN_POINT('',(4.5,3.453779222713,-2.));
#416 = DIRECTION('',(0.,0.,1.));
#417 = DIRECTION('',(1.,0.,-0.));
#418 = ORIENTED_EDGE('',*,*,#419,.F.);
#419 = EDGE_CURVE('',#420,#411,#422,.T.);
#420 = VERTEX_POINT('',#421);
#421 = CARTESIAN_POINT('',(4.65,3.453779222713,0.));
#422 = LINE('',#423,#424);
#423 = CARTESIAN_POINT('',(4.65,3.453779222713,0.));
#424 = VECTOR('',#425,1.);
#425 = DIRECTION('',(0.,0.,-1.));
#426 = ORIENTED_EDGE('',*,*,#427,.F.);
#427 = EDGE_CURVE('',#428,#420,#430,.T.);
#428 = VERTEX_POINT('',#429);
#429 = CARTESIAN_POINT('',(4.419230769231,3.327381709442,0.));
#430 = CIRCLE('',#431,0.15);
#431 = AXIS2_PLACEMENT_3D('',#432,#433,#434);
#432 = CARTESIAN_POINT('',(4.5,3.453779222713,0.));
#433 = DIRECTION('',(0.,0.,1.));
#434 = DIRECTION('',(1.,0.,-0.));
#435 = ORIENTED_EDGE('',*,*,#436,.F.);
#436 = EDGE_CURVE('',#401,#428,#437,.T.);
#437 = LINE('',#438,#439);
#438 = CARTESIAN_POINT('',(4.419230769231,3.327381709442,7.6));
#439 = VECTOR('',#440,1.);
#440 = DIRECTION('',(0.,0.,-1.));
#441 = CYLINDRICAL_SURFACE('',#442,0.15);
#442 = AXIS2_PLACEMENT_3D('',#443,#444,#445);
#443 = CARTESIAN_POINT('',(4.5,3.453779222713,7.6));
#444 = DIRECTION('',(0.,0.,1.));
#445 = DIRECTION('',(1.,0.,-0.));
#446 = ADVANCED_FACE('',(#447),#481,.T.);
#447 = FACE_BOUND('',#448,.T.);
#448 = EDGE_LOOP('',(#449,#459,#467,#475));
#449 = ORIENTED_EDGE('',*,*,#450,.T.);
#450 = EDGE_CURVE('',#451,#453,#455,.T.);
#451 = VERTEX_POINT('',#452);
#452 = CARTESIAN_POINT('',(4.65,2.906056665207,7.6));
#453 = VERTEX_POINT('',#454);
#454 = CARTESIAN_POINT('',(4.65,0.62,7.6));
#455 = LINE('',#456,#457);
#456 = CARTESIAN_POINT('',(4.65,0.,7.6));
#457 = VECTOR('',#458,1.);
#458 = DIRECTION('',(0.,-1.,0.));
#459 = ORIENTED_EDGE('',*,*,#460,.T.);
#460 = EDGE_CURVE('',#453,#461,#463,.T.);
#461 = VERTEX_POINT('',#462);
#462 = CARTESIAN_POINT('',(4.65,0.62,0.));
#463 = LINE('',#464,#465);
#464 = CARTESIAN_POINT('',(4.65,0.62,7.6));
#465 = VECTOR('',#466,1.);
#466 = DIRECTION('',(0.,0.,-1.));
#467 = ORIENTED_EDGE('',*,*,#468,.T.);
#468 = EDGE_CURVE('',#461,#469,#471,.T.);
#469 = VERTEX_POINT('',#470);
#470 = CARTESIAN_POINT('',(4.65,2.906056665207,0.));
#471 = LINE('',#472,#473);
#472 = CARTESIAN_POINT('',(4.65,6.175,0.));
#473 = VECTOR('',#474,1.);
#474 = DIRECTION('',(0.,1.,0.));
#475 = ORIENTED_EDGE('',*,*,#476,.F.);
#476 = EDGE_CURVE('',#451,#469,#477,.T.);
#477 = LINE('',#478,#479);
#478 = CARTESIAN_POINT('',(4.65,2.906056665207,7.6));
#479 = VECTOR('',#480,1.);
#480 = DIRECTION('',(0.,0.,-1.));
#481 = PLANE('',#482);
#482 = AXIS2_PLACEMENT_3D('',#483,#484,#485);
#483 = CARTESIAN_POINT('',(4.65,0.62,7.6));
#484 = DIRECTION('',(1.,0.,-0.));
#485 = DIRECTION('',(0.,1.,0.));
#486 = ADVANCED_FACE('',(#487),#514,.T.);
#487 = FACE_BOUND('',#488,.T.);
#488 = EDGE_LOOP('',(#489,#498,#506,#513));
#489 = ORIENTED_EDGE('',*,*,#490,.F.);
#490 = EDGE_CURVE('',#491,#453,#493,.T.);
#491 = VERTEX_POINT('',#492);
#492 = CARTESIAN_POINT('',(4.63,0.6,7.6));
#493 = CIRCLE('',#494,2.E-02);
#494 = AXIS2_PLACEMENT_3D('',#495,#496,#497);
#495 = CARTESIAN_POINT('',(4.63,0.62,7.6));
#496 = DIRECTION('',(0.,0.,1.));
#497 = DIRECTION('',(1.,0.,-0.));
#498 = ORIENTED_EDGE('',*,*,#499,.T.);
#499 = EDGE_CURVE('',#491,#500,#502,.T.);
#500 = VERTEX_POINT('',#501);
#501 = CARTESIAN_POINT('',(4.63,0.6,0.));
#502 = LINE('',#503,#504);
#503 = CARTESIAN_POINT('',(4.63,0.6,7.6));
#504 = VECTOR('',#505,1.);
#505 = DIRECTION('',(0.,0.,-1.));
#506 = ORIENTED_EDGE('',*,*,#507,.T.);
#507 = EDGE_CURVE('',#500,#461,#508,.T.);
#508 = CIRCLE('',#509,2.E-02);
#509 = AXIS2_PLACEMENT_3D('',#510,#511,#512);
#510 = CARTESIAN_POINT('',(4.63,0.62,0.));
#511 = DIRECTION('',(0.,0.,1.));
#512 = DIRECTION('',(1.,0.,-0.));
#513 = ORIENTED_EDGE('',*,*,#460,.F.);
#514 = CYLINDRICAL_SURFACE('',#515,2.E-02);
#515 = AXIS2_PLACEMENT_3D('',#516,#517,#518);
#516 = CARTESIAN_POINT('',(4.63,0.62,7.6));
#517 = DIRECTION('',(0.,0.,1.));
#518 = DIRECTION('',(1.,0.,-0.));
#519 = ADVANCED_FACE('',(#520),#545,.T.);
#520 = FACE_BOUND('',#521,.T.);
#521 = EDGE_LOOP('',(#522,#530,#538,#544));
#522 = ORIENTED_EDGE('',*,*,#523,.T.);
#523 = EDGE_CURVE('',#491,#524,#526,.T.);
#524 = VERTEX_POINT('',#525);
#525 = CARTESIAN_POINT('',(0.62,0.6,7.6));
#526 = LINE('',#527,#528);
#527 = CARTESIAN_POINT('',(0.,0.6,7.6));
#528 = VECTOR('',#529,1.);
#529 = DIRECTION('',(-1.,0.,0.));
#530 = ORIENTED_EDGE('',*,*,#531,.T.);
#531 = EDGE_CURVE('',#524,#532,#534,.T.);
#532 = VERTEX_POINT('',#533);
#533 = CARTESIAN_POINT('',(0.62,0.6,0.));
#534 = LINE('',#535,#536);
#535 = CARTESIAN_POINT('',(0.62,0.6,7.6));
#536 = VECTOR('',#537,1.);
#537 = DIRECTION('',(0.,0.,-1.));
#538 = ORIENTED_EDGE('',*,*,#539,.T.);
#539 = EDGE_CURVE('',#532,#500,#540,.T.);
#540 = LINE('',#541,#542);
#541 = CARTESIAN_POINT('',(2.625,0.6,0.));
#542 = VECTOR('',#543,1.);
#543 = DIRECTION('',(1.,0.,-0.));
#544 = ORIENTED_EDGE('',*,*,#499,.F.);
#545 = PLANE('',#546);
#546 = AXIS2_PLACEMENT_3D('',#547,#548,#549);
#547 = CARTESIAN_POINT('',(0.62,0.6,7.6));
#548 = DIRECTION('',(0.,-1.,0.));
#549 = DIRECTION('',(1.,0.,0.));
#550 = ADVANCED_FACE('',(#551),#578,.T.);
#551 = FACE_BOUND('',#552,.T.);
#552 = EDGE_LOOP('',(#553,#562,#570,#577));
#553 = ORIENTED_EDGE('',*,*,#554,.F.);
#554 = EDGE_CURVE('',#555,#524,#557,.T.);
#555 = VERTEX_POINT('',#556);
#556 = CARTESIAN_POINT('',(0.6,0.62,7.6));
#557 = CIRCLE('',#558,2.E-02);
#558 = AXIS2_PLACEMENT_3D('',#559,#560,#561);
#559 = CARTESIAN_POINT('',(0.62,0.62,7.6));
#560 = DIRECTION('',(0.,0.,1.));
#561 = DIRECTION('',(1.,0.,-0.));
#562 = ORIENTED_EDGE('',*,*,#563,.T.);
#563 = EDGE_CURVE('',#555,#564,#566,.T.);
#564 = VERTEX_POINT('',#565);
#565 = CARTESIAN_POINT('',(0.6,0.62,0.));
#566 = LINE('',#567,#568);
#567 = CARTESIAN_POINT('',(0.6,0.62,7.6));
#568 = VECTOR('',#569,1.);
#569 = DIRECTION('',(0.,0.,-1.));
#570 = ORIENTED_EDGE('',*,*,#571,.T.);
#571 = EDGE_CURVE('',#564,#532,#572,.T.);
#572 = CIRCLE('',#573,2.E-02);
#573 = AXIS2_PLACEMENT_3D('',#574,#575,#576);
#574 = CARTESIAN_POINT('',(0.62,0.62,0.));
#575 = DIRECTION('',(0.,0.,1.));
#576 = DIRECTION('',(1.,0.,-0.));
#577 = ORIENTED_EDGE('',*,*,#531,.F.);
#578 = CYLINDRICAL_SURFACE('',#579,2.E-02);
#579 = AXIS2_PLACEMENT_3D('',#580,#581,#582);
#580 = CARTESIAN_POINT('',(0.62,0.62,7.6));
#581 = DIRECTION('',(0.,0.,1.));
#582 = DIRECTION('',(1.,0.,-0.));
#583 = ADVANCED_FACE('',(#584),#609,.T.);
#584 = FACE_BOUND('',#585,.T.);
#585 = EDGE_LOOP('',(#586,#596,#602,#603));
#586 = ORIENTED_EDGE('',*,*,#587,.T.);
#587 = EDGE_CURVE('',#588,#590,#592,.T.);
#588 = VERTEX_POINT('',#589);
#589 = CARTESIAN_POINT('',(0.6,2.906056665207,7.6));
#590 = VERTEX_POINT('',#591);
#591 = CARTESIAN_POINT('',(0.6,2.906056665207,0.));
#592 = LINE('',#593,#594);
#593 = CARTESIAN_POINT('',(0.6,2.906056665207,7.6));
#594 = VECTOR('',#595,1.);
#595 = DIRECTION('',(0.,0.,-1.));
#596 = ORIENTED_EDGE('',*,*,#597,.T.);
#597 = EDGE_CURVE('',#590,#564,#598,.T.);
#598 = LINE('',#599,#600);
#599 = CARTESIAN_POINT('',(0.6,6.175,0.));
#600 = VECTOR('',#601,1.);
#601 = DIRECTION('',(-0.,-1.,0.));
#602 = ORIENTED_EDGE('',*,*,#563,.F.);
#603 = ORIENTED_EDGE('',*,*,#604,.T.);
#604 = EDGE_CURVE('',#555,#588,#605,.T.);
#605 = LINE('',#606,#607);
#606 = CARTESIAN_POINT('',(0.6,0.,7.6));
#607 = VECTOR('',#608,1.);
#608 = DIRECTION('',(0.,1.,0.));
#609 = PLANE('',#610);
#610 = AXIS2_PLACEMENT_3D('',#611,#612,#613);
#611 = CARTESIAN_POINT('',(0.6,3.453779222713,7.6));
#612 = DIRECTION('',(-1.,0.,0.));
#613 = DIRECTION('',(-0.,-1.,-0.));
#614 = ADVANCED_FACE('',(#615),#659,.F.);
#615 = FACE_BOUND('',#616,.F.);
#616 = EDGE_LOOP('',(#617,#627,#636,#644,#651,#652));
#617 = ORIENTED_EDGE('',*,*,#618,.T.);
#618 = EDGE_CURVE('',#619,#621,#623,.T.);
#619 = VERTEX_POINT('',#620);
#620 = CARTESIAN_POINT('',(0.830769230769,3.327381709442,7.6));
#621 = VERTEX_POINT('',#622);
#622 = CARTESIAN_POINT('',(0.830769230769,3.327381709442,0.));
#623 = LINE('',#624,#625);
#624 = CARTESIAN_POINT('',(0.830769230769,3.327381709442,7.6));
#625 = VECTOR('',#626,1.);
#626 = DIRECTION('',(0.,0.,-1.));
#627 = ORIENTED_EDGE('',*,*,#628,.F.);
#628 = EDGE_CURVE('',#629,#621,#631,.T.);
#629 = VERTEX_POINT('',#630);
#630 = CARTESIAN_POINT('',(0.6,3.453779222713,0.));
#631 = CIRCLE('',#632,0.15);
#632 = AXIS2_PLACEMENT_3D('',#633,#634,#635);
#633 = CARTESIAN_POINT('',(0.75,3.453779222713,0.));
#634 = DIRECTION('',(0.,0.,1.));
#635 = DIRECTION('',(1.,0.,-0.));
#636 = ORIENTED_EDGE('',*,*,#637,.T.);
#637 = EDGE_CURVE('',#629,#638,#640,.T.);
#638 = VERTEX_POINT('',#639);
#639 = CARTESIAN_POINT('',(0.6,3.453779222713,-2.));
#640 = LINE('',#641,#642);
#641 = CARTESIAN_POINT('',(0.6,3.453779222713,0.));
#642 = VECTOR('',#643,1.);
#643 = DIRECTION('',(0.,0.,-1.));
#644 = ORIENTED_EDGE('',*,*,#645,.T.);
#645 = EDGE_CURVE('',#638,#351,#646,.T.);
#646 = CIRCLE('',#647,0.15);
#647 = AXIS2_PLACEMENT_3D('',#648,#649,#650);
#648 = CARTESIAN_POINT('',(0.75,3.453779222713,-2.));
#649 = DIRECTION('',(0.,0.,1.));
#650 = DIRECTION('',(1.,0.,-0.));
#651 = ORIENTED_EDGE('',*,*,#359,.F.);
#652 = ORIENTED_EDGE('',*,*,#653,.F.);
#653 = EDGE_CURVE('',#619,#360,#654,.T.);
#654 = CIRCLE('',#655,0.15);
#655 = AXIS2_PLACEMENT_3D('',#656,#657,#658);
#656 = CARTESIAN_POINT('',(0.75,3.453779222713,7.6));
#657 = DIRECTION('',(0.,0.,1.));
#658 = DIRECTION('',(1.,0.,-0.));
#659 = CYLINDRICAL_SURFACE('',#660,0.15);
#660 = AXIS2_PLACEMENT_3D('',#661,#662,#663);
#661 = CARTESIAN_POINT('',(0.75,3.453779222713,7.6));
#662 = DIRECTION('',(0.,0.,1.));
#663 = DIRECTION('',(1.,0.,-0.));
#664 = ADVANCED_FACE('',(#665),#699,.T.);
#665 = FACE_BOUND('',#666,.T.);
#666 = EDGE_LOOP('',(#667,#677,#685,#693));
#667 = ORIENTED_EDGE('',*,*,#668,.F.);
#668 = EDGE_CURVE('',#669,#671,#673,.T.);
#669 = VERTEX_POINT('',#670);
#670 = CARTESIAN_POINT('',(5.25,0.5,0.));
#671 = VERTEX_POINT('',#672);
#672 = CARTESIAN_POINT('',(5.25,8.791817419595,0.));
#673 = LINE('',#674,#675);
#674 = CARTESIAN_POINT('',(5.25,0.,0.));
#675 = VECTOR('',#676,1.);
#676 = DIRECTION('',(0.,1.,0.));
#677 = ORIENTED_EDGE('',*,*,#678,.T.);
#678 = EDGE_CURVE('',#669,#679,#681,.T.);
#679 = VERTEX_POINT('',#680);
#680 = CARTESIAN_POINT('',(5.25,0.5,-5.));
#681 = LINE('',#682,#683);
#682 = CARTESIAN_POINT('',(5.25,0.5,0.));
#683 = VECTOR('',#684,1.);
#684 = DIRECTION('',(0.,0.,-1.));
#685 = ORIENTED_EDGE('',*,*,#686,.T.);
#686 = EDGE_CURVE('',#679,#687,#689,.T.);
#687 = VERTEX_POINT('',#688);
#688 = CARTESIAN_POINT('',(5.25,8.791817419595,-5.));
#689 = LINE('',#690,#691);
#690 = CARTESIAN_POINT('',(5.25,0.,-5.));
#691 = VECTOR('',#692,1.);
#692 = DIRECTION('',(0.,1.,0.));
#693 = ORIENTED_EDGE('',*,*,#694,.F.);
#694 = EDGE_CURVE('',#671,#687,#695,.T.);
#695 = LINE('',#696,#697);
#696 = CARTESIAN_POINT('',(5.25,8.791817419595,0.));
#697 = VECTOR('',#698,1.);
#698 = DIRECTION('',(0.,0.,-1.));
#699 = PLANE('',#700);
#700 = AXIS2_PLACEMENT_3D('',#701,#702,#703);
#701 = CARTESIAN_POINT('',(5.25,0.5,0.));
#702 = DIRECTION('',(1.,0.,-0.));
#703 = DIRECTION('',(0.,1.,0.));
#704 = ADVANCED_FACE('',(#705),#721,.T.);
#705 = FACE_BOUND('',#706,.T.);
#706 = EDGE_LOOP('',(#707,#713,#714,#720));
#707 = ORIENTED_EDGE('',*,*,#708,.T.);
#708 = EDGE_CURVE('',#368,#262,#709,.T.);
#709 = LINE('',#710,#711);
#710 = CARTESIAN_POINT('',(2.325,4.115,7.6));
#711 = VECTOR('',#712,1.);
#712 = DIRECTION('',(0.,1.,0.));
#713 = ORIENTED_EDGE('',*,*,#261,.T.);
#714 = ORIENTED_EDGE('',*,*,#715,.F.);
#715 = EDGE_CURVE('',#377,#253,#716,.T.);
#716 = LINE('',#717,#718);
#717 = CARTESIAN_POINT('',(2.325,4.115,0.));
#718 = VECTOR('',#719,1.);
#719 = DIRECTION('',(0.,1.,0.));
#720 = ORIENTED_EDGE('',*,*,#376,.F.);
#721 = PLANE('',#722);
#722 = AXIS2_PLACEMENT_3D('',#723,#724,#725);
#723 = CARTESIAN_POINT('',(2.325,5.748833696071,7.6));
#724 = DIRECTION('',(-1.,-0.,0.));
#725 = DIRECTION('',(0.,-1.,-0.));
#726 = ADVANCED_FACE('',(#727),#754,.T.);
#727 = FACE_BOUND('',#728,.T.);
#728 = EDGE_LOOP('',(#729,#738,#746,#753));
#729 = ORIENTED_EDGE('',*,*,#730,.F.);
#730 = EDGE_CURVE('',#731,#669,#733,.T.);
#731 = VERTEX_POINT('',#732);
#732 = CARTESIAN_POINT('',(4.75,0.,0.));
#733 = CIRCLE('',#734,0.5);
#734 = AXIS2_PLACEMENT_3D('',#735,#736,#737);
#735 = CARTESIAN_POINT('',(4.75,0.5,0.));
#736 = DIRECTION('',(0.,0.,1.));
#737 = DIRECTION('',(1.,0.,-0.));
#738 = ORIENTED_EDGE('',*,*,#739,.T.);
#739 = EDGE_CURVE('',#731,#740,#742,.T.);
#740 = VERTEX_POINT('',#741);
#741 = CARTESIAN_POINT('',(4.75,0.,-5.));
#742 = LINE('',#743,#744);
#743 = CARTESIAN_POINT('',(4.75,0.,0.));
#744 = VECTOR('',#745,1.);
#745 = DIRECTION('',(0.,0.,-1.));
#746 = ORIENTED_EDGE('',*,*,#747,.T.);
#747 = EDGE_CURVE('',#740,#679,#748,.T.);
#748 = CIRCLE('',#749,0.5);
#749 = AXIS2_PLACEMENT_3D('',#750,#751,#752);
#750 = CARTESIAN_POINT('',(4.75,0.5,-5.));
#751 = DIRECTION('',(0.,0.,1.));
#752 = DIRECTION('',(1.,0.,-0.));
#753 = ORIENTED_EDGE('',*,*,#678,.F.);
#754 = CYLINDRICAL_SURFACE('',#755,0.5);
#755 = AXIS2_PLACEMENT_3D('',#756,#757,#758);
#756 = CARTESIAN_POINT('',(4.75,0.5,0.));
#757 = DIRECTION('',(0.,0.,1.));
#758 = DIRECTION('',(1.,0.,-0.));
#759 = ADVANCED_FACE('',(#760),#804,.F.);
#760 = FACE_BOUND('',#761,.F.);
#761 = EDGE_LOOP('',(#762,#771,#772,#781,#789,#798));
#762 = ORIENTED_EDGE('',*,*,#763,.F.);
#763 = EDGE_CURVE('',#270,#764,#766,.T.);
#764 = VERTEX_POINT('',#765);
#765 = CARTESIAN_POINT('',(0.830769230769,6.922618290558,7.6));
#766 = CIRCLE('',#767,0.15);
#767 = AXIS2_PLACEMENT_3D('',#768,#769,#770);
#768 = CARTESIAN_POINT('',(0.75,6.796220777287,7.6));
#769 = DIRECTION('',(0.,0.,1.));
#770 = DIRECTION('',(1.,0.,-0.));
#771 = ORIENTED_EDGE('',*,*,#278,.T.);
#772 = ORIENTED_EDGE('',*,*,#773,.T.);
#773 = EDGE_CURVE('',#279,#774,#776,.T.);
#774 = VERTEX_POINT('',#775);
#775 = CARTESIAN_POINT('',(0.6,6.796220777287,-2.));
#776 = CIRCLE('',#777,0.15);
#777 = AXIS2_PLACEMENT_3D('',#778,#779,#780);
#778 = CARTESIAN_POINT('',(0.75,6.796220777287,-2.));
#779 = DIRECTION('',(0.,0.,1.));
#780 = DIRECTION('',(1.,0.,-0.));
#781 = ORIENTED_EDGE('',*,*,#782,.F.);
#782 = EDGE_CURVE('',#783,#774,#785,.T.);
#783 = VERTEX_POINT('',#784);
#784 = CARTESIAN_POINT('',(0.6,6.796220777287,0.));
#785 = LINE('',#786,#787);
#786 = CARTESIAN_POINT('',(0.6,6.796220777287,0.));
#787 = VECTOR('',#788,1.);
#788 = DIRECTION('',(0.,0.,-1.));
#789 = ORIENTED_EDGE('',*,*,#790,.F.);
#790 = EDGE_CURVE('',#791,#783,#793,.T.);
#791 = VERTEX_POINT('',#792);
#792 = CARTESIAN_POINT('',(0.830769230769,6.922618290558,0.));
#793 = CIRCLE('',#794,0.15);
#794 = AXIS2_PLACEMENT_3D('',#795,#796,#797);
#795 = CARTESIAN_POINT('',(0.75,6.796220777287,0.));
#796 = DIRECTION('',(0.,0.,1.));
#797 = DIRECTION('',(1.,0.,-0.));
#798 = ORIENTED_EDGE('',*,*,#799,.F.);
#799 = EDGE_CURVE('',#764,#791,#800,.T.);
#800 = LINE('',#801,#802);
#801 = CARTESIAN_POINT('',(0.830769230769,6.922618290558,7.6));
#802 = VECTOR('',#803,1.);
#803 = DIRECTION('',(0.,0.,-1.));
#804 = CYLINDRICAL_SURFACE('',#805,0.15);
#805 = AXIS2_PLACEMENT_3D('',#806,#807,#808);
#806 = CARTESIAN_POINT('',(0.75,6.796220777287,7.6));
#807 = DIRECTION('',(0.,0.,1.));
#808 = DIRECTION('',(1.,0.,-0.));
#809 = ADVANCED_FACE('',(#810),#844,.T.);
#810 = FACE_BOUND('',#811,.T.);
#811 = EDGE_LOOP('',(#812,#822,#830,#838));
#812 = ORIENTED_EDGE('',*,*,#813,.T.);
#813 = EDGE_CURVE('',#814,#816,#818,.T.);
#814 = VERTEX_POINT('',#815);
#815 = CARTESIAN_POINT('',(0.6,7.343943334793,7.6));
#816 = VERTEX_POINT('',#817);
#817 = CARTESIAN_POINT('',(0.6,8.54634000743,7.6));
#818 = LINE('',#819,#820);
#819 = CARTESIAN_POINT('',(0.6,0.,7.6));
#820 = VECTOR('',#821,1.);
#821 = DIRECTION('',(0.,1.,0.));
#822 = ORIENTED_EDGE('',*,*,#823,.T.);
#823 = EDGE_CURVE('',#816,#824,#826,.T.);
#824 = VERTEX_POINT('',#825);
#825 = CARTESIAN_POINT('',(0.6,8.54634000743,0.));
#826 = LINE('',#827,#828);
#827 = CARTESIAN_POINT('',(0.6,8.54634000743,7.6));
#828 = VECTOR('',#829,1.);
#829 = DIRECTION('',(0.,0.,-1.));
#830 = ORIENTED_EDGE('',*,*,#831,.T.);
#831 = EDGE_CURVE('',#824,#832,#834,.T.);
#832 = VERTEX_POINT('',#833);
#833 = CARTESIAN_POINT('',(0.6,7.343943334793,0.));
#834 = LINE('',#835,#836);
#835 = CARTESIAN_POINT('',(0.6,6.175,0.));
#836 = VECTOR('',#837,1.);
#837 = DIRECTION('',(-0.,-1.,0.));
#838 = ORIENTED_EDGE('',*,*,#839,.F.);
#839 = EDGE_CURVE('',#814,#832,#840,.T.);
#840 = LINE('',#841,#842);
#841 = CARTESIAN_POINT('',(0.6,7.343943334793,7.6));
#842 = VECTOR('',#843,1.);
#843 = DIRECTION('',(0.,0.,-1.));
#844 = PLANE('',#845);
#845 = AXIS2_PLACEMENT_3D('',#846,#847,#848);
#846 = CARTESIAN_POINT('',(0.6,8.54634000743,7.6));
#847 = DIRECTION('',(-1.,0.,0.));
#848 = DIRECTION('',(-0.,-1.,-0.));
#849 = ADVANCED_FACE('',(#850),#877,.T.);
#850 = FACE_BOUND('',#851,.T.);
#851 = EDGE_LOOP('',(#852,#861,#869,#876));
#852 = ORIENTED_EDGE('',*,*,#853,.T.);
#853 = EDGE_CURVE('',#816,#854,#856,.T.);
#854 = VERTEX_POINT('',#855);
#855 = CARTESIAN_POINT('',(0.605735428577,8.560358637966,7.6));
#856 = CIRCLE('',#857,2.E-02);
#857 = AXIS2_PLACEMENT_3D('',#858,#859,#860);
#858 = CARTESIAN_POINT('',(0.62,8.54634000743,7.6));
#859 = DIRECTION('',(0.,0.,-1.));
#860 = DIRECTION('',(-1.,0.,0.));
#861 = ORIENTED_EDGE('',*,*,#862,.T.);
#862 = EDGE_CURVE('',#854,#863,#865,.T.);
#863 = VERTEX_POINT('',#864);
#864 = CARTESIAN_POINT('',(0.605735428577,8.560358637966,0.));
#865 = LINE('',#866,#867);
#866 = CARTESIAN_POINT('',(0.605735428577,8.560358637966,7.6));
#867 = VECTOR('',#868,1.);
#868 = DIRECTION('',(0.,0.,-1.));
#869 = ORIENTED_EDGE('',*,*,#870,.F.);
#870 = EDGE_CURVE('',#824,#863,#871,.T.);
#871 = CIRCLE('',#872,2.E-02);
#872 = AXIS2_PLACEMENT_3D('',#873,#874,#875);
#873 = CARTESIAN_POINT('',(0.62,8.54634000743,0.));
#874 = DIRECTION('',(0.,0.,-1.));
#875 = DIRECTION('',(-1.,0.,0.));
#876 = ORIENTED_EDGE('',*,*,#823,.F.);
#877 = CYLINDRICAL_SURFACE('',#878,2.E-02);
#878 = AXIS2_PLACEMENT_3D('',#879,#880,#881);
#879 = CARTESIAN_POINT('',(0.62,8.54634000743,7.6));
#880 = DIRECTION('',(0.,0.,-1.));
#881 = DIRECTION('',(-1.,0.,0.));
#882 = ADVANCED_FACE('',(#883),#908,.T.);
#883 = FACE_BOUND('',#884,.T.);
#884 = EDGE_LOOP('',(#885,#893,#901,#907));
#885 = ORIENTED_EDGE('',*,*,#886,.T.);
#886 = EDGE_CURVE('',#854,#887,#889,.T.);
#887 = VERTEX_POINT('',#888);
#888 = CARTESIAN_POINT('',(1.670711628172,9.644018630536,7.6));
#889 = LINE('',#890,#891);
#890 = CARTESIAN_POINT('',(-7.80703081908,0.,7.6));
#891 = VECTOR('',#892,1.);
#892 = DIRECTION('',(0.700931526822,0.713228571152,0.));
#893 = ORIENTED_EDGE('',*,*,#894,.T.);
#894 = EDGE_CURVE('',#887,#895,#897,.T.);
#895 = VERTEX_POINT('',#896);
#896 = CARTESIAN_POINT('',(1.670711628172,9.644018630536,0.));
#897 = LINE('',#898,#899);
#898 = CARTESIAN_POINT('',(1.670711628172,9.644018630536,7.6));
#899 = VECTOR('',#900,1.);
#900 = DIRECTION('',(0.,0.,-1.));
#901 = ORIENTED_EDGE('',*,*,#902,.T.);
#902 = EDGE_CURVE('',#895,#863,#903,.T.);
#903 = LINE('',#904,#905);
#904 = CARTESIAN_POINT('',(-1.738496336321,6.175,0.));
#905 = VECTOR('',#906,1.);
#906 = DIRECTION('',(-0.700931526822,-0.713228571152,0.));
#907 = ORIENTED_EDGE('',*,*,#862,.F.);
#908 = PLANE('',#909);
#909 = AXIS2_PLACEMENT_3D('',#910,#911,#912);
#910 = CARTESIAN_POINT('',(1.670711628172,9.644018630536,7.6));
#911 = DIRECTION('',(-0.713228571152,0.700931526822,-0.));
#912 = DIRECTION('',(-0.700931526822,-0.713228571152,0.));
#913 = ADVANCED_FACE('',(#914),#941,.T.);
#914 = FACE_BOUND('',#915,.T.);
#915 = EDGE_LOOP('',(#916,#925,#933,#940));
#916 = ORIENTED_EDGE('',*,*,#917,.F.);
#917 = EDGE_CURVE('',#918,#887,#920,.T.);
#918 = VERTEX_POINT('',#919);
#919 = CARTESIAN_POINT('',(1.684976199595,9.65,7.6));
#920 = CIRCLE('',#921,2.E-02);
#921 = AXIS2_PLACEMENT_3D('',#922,#923,#924);
#922 = CARTESIAN_POINT('',(1.684976199595,9.63,7.6));
#923 = DIRECTION('',(0.,0.,1.));
#924 = DIRECTION('',(1.,0.,-0.));
#925 = ORIENTED_EDGE('',*,*,#926,.T.);
#926 = EDGE_CURVE('',#918,#927,#929,.T.);
#927 = VERTEX_POINT('',#928);
#928 = CARTESIAN_POINT('',(1.684976199595,9.65,0.));
#929 = LINE('',#930,#931);
#930 = CARTESIAN_POINT('',(1.684976199595,9.65,7.6));
#931 = VECTOR('',#932,1.);
#932 = DIRECTION('',(0.,0.,-1.));
#933 = ORIENTED_EDGE('',*,*,#934,.T.);
#934 = EDGE_CURVE('',#927,#895,#935,.T.);
#935 = CIRCLE('',#936,2.E-02);
#936 = AXIS2_PLACEMENT_3D('',#937,#938,#939);
#937 = CARTESIAN_POINT('',(1.684976199595,9.63,0.));
#938 = DIRECTION('',(0.,0.,1.));
#939 = DIRECTION('',(1.,0.,-0.));
#940 = ORIENTED_EDGE('',*,*,#894,.F.);
#941 = CYLINDRICAL_SURFACE('',#942,2.E-02);
#942 = AXIS2_PLACEMENT_3D('',#943,#944,#945);
#943 = CARTESIAN_POINT('',(1.684976199595,9.63,7.6));
#944 = DIRECTION('',(0.,0.,1.));
#945 = DIRECTION('',(1.,0.,-0.));
#946 = ADVANCED_FACE('',(#947),#963,.T.);
#947 = FACE_BOUND('',#948,.T.);
#948 = EDGE_LOOP('',(#949,#955,#956,#962));
#949 = ORIENTED_EDGE('',*,*,#950,.T.);
#950 = EDGE_CURVE('',#918,#42,#951,.T.);
#951 = LINE('',#952,#953);
#952 = CARTESIAN_POINT('',(0.,9.65,7.6));
#953 = VECTOR('',#954,1.);
#954 = DIRECTION('',(1.,0.,-0.));
#955 = ORIENTED_EDGE('',*,*,#67,.T.);
#956 = ORIENTED_EDGE('',*,*,#957,.T.);
#957 = EDGE_CURVE('',#59,#927,#958,.T.);
#958 = LINE('',#959,#960);
#959 = CARTESIAN_POINT('',(2.625,9.65,0.));
#960 = VECTOR('',#961,1.);
#961 = DIRECTION('',(-1.,0.,0.));
#962 = ORIENTED_EDGE('',*,*,#926,.F.);
#963 = PLANE('',#964);
#964 = AXIS2_PLACEMENT_3D('',#965,#966,#967);
#965 = CARTESIAN_POINT('',(3.565023800405,9.65,7.6));
#966 = DIRECTION('',(0.,1.,0.));
#967 = DIRECTION('',(-1.,0.,0.));
#968 = ADVANCED_FACE('',(#969),#987,.T.);
#969 = FACE_BOUND('',#970,.T.);
#970 = EDGE_LOOP('',(#971,#972,#979,#980));
#971 = ORIENTED_EDGE('',*,*,#145,.F.);
#972 = ORIENTED_EDGE('',*,*,#973,.F.);
#973 = EDGE_CURVE('',#177,#146,#974,.T.);
#974 = CIRCLE('',#975,0.5);
#975 = AXIS2_PLACEMENT_3D('',#976,#977,#978);
#976 = CARTESIAN_POINT('',(4.15,7.343943334793,7.6));
#977 = DIRECTION('',(0.,-0.,1.));
#978 = DIRECTION('',(0.,1.,0.));
#979 = ORIENTED_EDGE('',*,*,#176,.T.);
#980 = ORIENTED_EDGE('',*,*,#981,.T.);
#981 = EDGE_CURVE('',#179,#148,#982,.T.);
#982 = CIRCLE('',#983,0.5);
#983 = AXIS2_PLACEMENT_3D('',#984,#985,#986);
#984 = CARTESIAN_POINT('',(4.15,7.343943334793,0.));
#985 = DIRECTION('',(0.,-0.,1.));
#986 = DIRECTION('',(0.,1.,0.));
#987 = CYLINDRICAL_SURFACE('',#988,0.5);
#988 = AXIS2_PLACEMENT_3D('',#989,#990,#991);
#989 = CARTESIAN_POINT('',(4.15,7.343943334793,7.6));
#990 = DIRECTION('',(0.,0.,1.));
#991 = DIRECTION('',(0.,1.,0.));
#992 = ADVANCED_FACE('',(#993),#1011,.T.);
#993 = FACE_BOUND('',#994,.T.);
#994 = EDGE_LOOP('',(#995,#996,#1003,#1004));
#995 = ORIENTED_EDGE('',*,*,#799,.F.);
#996 = ORIENTED_EDGE('',*,*,#997,.F.);
#997 = EDGE_CURVE('',#814,#764,#998,.T.);
#998 = CIRCLE('',#999,0.5);
#999 = AXIS2_PLACEMENT_3D('',#1000,#1001,#1002);
#1000 = CARTESIAN_POINT('',(1.1,7.343943334793,7.6));
#1001 = DIRECTION('',(0.,-0.,1.));
#1002 = DIRECTION('',(0.,1.,0.));
#1003 = ORIENTED_EDGE('',*,*,#839,.T.);
#1004 = ORIENTED_EDGE('',*,*,#1005,.T.);
#1005 = EDGE_CURVE('',#832,#791,#1006,.T.);
#1006 = CIRCLE('',#1007,0.5);
#1007 = AXIS2_PLACEMENT_3D('',#1008,#1009,#1010);
#1008 = CARTESIAN_POINT('',(1.1,7.343943334793,0.));
#1009 = DIRECTION('',(0.,-0.,1.));
#1010 = DIRECTION('',(0.,1.,0.));
#1011 = CYLINDRICAL_SURFACE('',#1012,0.5);
#1012 = AXIS2_PLACEMENT_3D('',#1013,#1014,#1015);
#1013 = CARTESIAN_POINT('',(1.1,7.343943334793,7.6));
#1014 = DIRECTION('',(0.,0.,1.));
#1015 = DIRECTION('',(0.,1.,0.));
#1016 = ADVANCED_FACE('',(#1017),#1035,.T.);
#1017 = FACE_BOUND('',#1018,.T.);
#1018 = EDGE_LOOP('',(#1019,#1020,#1027,#1028));
#1019 = ORIENTED_EDGE('',*,*,#587,.F.);
#1020 = ORIENTED_EDGE('',*,*,#1021,.F.);
#1021 = EDGE_CURVE('',#619,#588,#1022,.T.);
#1022 = CIRCLE('',#1023,0.5);
#1023 = AXIS2_PLACEMENT_3D('',#1024,#1025,#1026);
#1024 = CARTESIAN_POINT('',(1.1,2.906056665207,7.6));
#1025 = DIRECTION('',(0.,-0.,1.));
#1026 = DIRECTION('',(0.,1.,0.));
#1027 = ORIENTED_EDGE('',*,*,#618,.T.);
#1028 = ORIENTED_EDGE('',*,*,#1029,.T.);
#1029 = EDGE_CURVE('',#621,#590,#1030,.T.);
#1030 = CIRCLE('',#1031,0.5);
#1031 = AXIS2_PLACEMENT_3D('',#1032,#1033,#1034);
#1032 = CARTESIAN_POINT('',(1.1,2.906056665207,0.));
#1033 = DIRECTION('',(0.,-0.,1.));
#1034 = DIRECTION('',(0.,1.,0.));
#1035 = CYLINDRICAL_SURFACE('',#1036,0.5);
#1036 = AXIS2_PLACEMENT_3D('',#1037,#1038,#1039);
#1037 = CARTESIAN_POINT('',(1.1,2.906056665207,7.6));
#1038 = DIRECTION('',(0.,0.,1.));
#1039 = DIRECTION('',(0.,1.,0.));
#1040 = ADVANCED_FACE('',(#1041),#1059,.T.);
#1041 = FACE_BOUND('',#1042,.T.);
#1042 = EDGE_LOOP('',(#1043,#1044,#1051,#1052));
#1043 = ORIENTED_EDGE('',*,*,#436,.F.);
#1044 = ORIENTED_EDGE('',*,*,#1045,.F.);
#1045 = EDGE_CURVE('',#451,#401,#1046,.T.);
#1046 = CIRCLE('',#1047,0.5);
#1047 = AXIS2_PLACEMENT_3D('',#1048,#1049,#1050);
#1048 = CARTESIAN_POINT('',(4.15,2.906056665207,7.6));
#1049 = DIRECTION('',(0.,-0.,1.));
#1050 = DIRECTION('',(0.,1.,0.));
#1051 = ORIENTED_EDGE('',*,*,#476,.T.);
#1052 = ORIENTED_EDGE('',*,*,#1053,.T.);
#1053 = EDGE_CURVE('',#469,#428,#1054,.T.);
#1054 = CIRCLE('',#1055,0.5);
#1055 = AXIS2_PLACEMENT_3D('',#1056,#1057,#1058);
#1056 = CARTESIAN_POINT('',(4.15,2.906056665207,0.));
#1057 = DIRECTION('',(0.,-0.,1.));
#1058 = DIRECTION('',(0.,1.,0.));
#1059 = CYLINDRICAL_SURFACE('',#1060,0.5);
#1060 = AXIS2_PLACEMENT_3D('',#1061,#1062,#1063);
#1061 = CARTESIAN_POINT('',(4.15,2.906056665207,7.6));
#1062 = DIRECTION('',(0.,0.,1.));
#1063 = DIRECTION('',(0.,1.,0.));
#1064 = ADVANCED_FACE('',(#1065),#1101,.T.);
#1065 = FACE_BOUND('',#1066,.T.);
#1066 = EDGE_LOOP('',(#1067,#1078,#1086,#1095));
#1067 = ORIENTED_EDGE('',*,*,#1068,.F.);
#1068 = EDGE_CURVE('',#1069,#1071,#1073,.T.);
#1069 = VERTEX_POINT('',#1070);
#1070 = CARTESIAN_POINT('',(3.830878242404,10.244018630536,0.));
#1071 = VERTEX_POINT('',#1072);
#1072 = CARTESIAN_POINT('',(3.816613670981,10.25,0.));
#1073 = CIRCLE('',#1074,2.E-02);
#1074 = AXIS2_PLACEMENT_3D('',#1075,#1076,#1077);
#1075 = CARTESIAN_POINT('',(3.816613670981,10.23,0.));
#1076 = DIRECTION('',(0.,0.,1.));
#1077 = DIRECTION('',(1.,0.,-0.));
#1078 = ORIENTED_EDGE('',*,*,#1079,.T.);
#1079 = EDGE_CURVE('',#1069,#1080,#1082,.T.);
#1080 = VERTEX_POINT('',#1081);
#1081 = CARTESIAN_POINT('',(3.830878242404,10.244018630536,-5.));
#1082 = LINE('',#1083,#1084);
#1083 = CARTESIAN_POINT('',(3.830878242404,10.244018630536,0.));
#1084 = VECTOR('',#1085,1.);
#1085 = DIRECTION('',(0.,0.,-1.));
#1086 = ORIENTED_EDGE('',*,*,#1087,.T.);
#1087 = EDGE_CURVE('',#1080,#1088,#1090,.T.);
#1088 = VERTEX_POINT('',#1089);
#1089 = CARTESIAN_POINT('',(3.816613670981,10.25,-5.));
#1090 = CIRCLE('',#1091,2.E-02);
#1091 = AXIS2_PLACEMENT_3D('',#1092,#1093,#1094);
#1092 = CARTESIAN_POINT('',(3.816613670981,10.23,-5.));
#1093 = DIRECTION('',(0.,0.,1.));
#1094 = DIRECTION('',(1.,0.,-0.));
#1095 = ORIENTED_EDGE('',*,*,#1096,.F.);
#1096 = EDGE_CURVE('',#1071,#1088,#1097,.T.);
#1097 = LINE('',#1098,#1099);
#1098 = CARTESIAN_POINT('',(3.816613670981,10.25,0.));
#1099 = VECTOR('',#1100,1.);
#1100 = DIRECTION('',(0.,0.,-1.));
#1101 = CYLINDRICAL_SURFACE('',#1102,2.E-02);
#1102 = AXIS2_PLACEMENT_3D('',#1103,#1104,#1105);
#1103 = CARTESIAN_POINT('',(3.816613670981,10.23,0.));
#1104 = DIRECTION('',(0.,0.,1.));
#1105 = DIRECTION('',(1.,0.,-0.));
#1106 = ADVANCED_FACE('',(#1107),#1132,.T.);
#1107 = FACE_BOUND('',#1108,.T.);
#1108 = EDGE_LOOP('',(#1109,#1117,#1125,#1131));
#1109 = ORIENTED_EDGE('',*,*,#1110,.F.);
#1110 = EDGE_CURVE('',#1111,#1069,#1113,.T.);
#1111 = VERTEX_POINT('',#1112);
#1112 = CARTESIAN_POINT('',(5.244264571423,8.805836050131,0.));
#1113 = LINE('',#1114,#1115);
#1114 = CARTESIAN_POINT('',(13.884498932059,1.401863053643E-02,0.));
#1115 = VECTOR('',#1116,1.);
#1116 = DIRECTION('',(-0.700931526822,0.713228571152,0.));
#1117 = ORIENTED_EDGE('',*,*,#1118,.T.);
#1118 = EDGE_CURVE('',#1111,#1119,#1121,.T.);
#1119 = VERTEX_POINT('',#1120);
#1120 = CARTESIAN_POINT('',(5.244264571423,8.805836050131,-5.));
#1121 = LINE('',#1122,#1123);
#1122 = CARTESIAN_POINT('',(5.244264571423,8.805836050131,0.));
#1123 = VECTOR('',#1124,1.);
#1124 = DIRECTION('',(0.,0.,-1.));
#1125 = ORIENTED_EDGE('',*,*,#1126,.T.);
#1126 = EDGE_CURVE('',#1119,#1080,#1127,.T.);
#1127 = LINE('',#1128,#1129);
#1128 = CARTESIAN_POINT('',(13.884498932059,1.401863053643E-02,-5.));
#1129 = VECTOR('',#1130,1.);
#1130 = DIRECTION('',(-0.700931526822,0.713228571152,0.));
#1131 = ORIENTED_EDGE('',*,*,#1079,.F.);
#1132 = PLANE('',#1133);
#1133 = AXIS2_PLACEMENT_3D('',#1134,#1135,#1136);
#1134 = CARTESIAN_POINT('',(5.244264571423,8.805836050131,0.));
#1135 = DIRECTION('',(0.713228571152,0.700931526822,-0.));
#1136 = DIRECTION('',(-0.700931526822,0.713228571152,0.));
#1137 = ADVANCED_FACE('',(#1138),#1156,.T.);
#1138 = FACE_BOUND('',#1139,.T.);
#1139 = EDGE_LOOP('',(#1140,#1147,#1148,#1155));
#1140 = ORIENTED_EDGE('',*,*,#1141,.F.);
#1141 = EDGE_CURVE('',#671,#1111,#1142,.T.);
#1142 = CIRCLE('',#1143,2.E-02);
#1143 = AXIS2_PLACEMENT_3D('',#1144,#1145,#1146);
#1144 = CARTESIAN_POINT('',(5.23,8.791817419595,0.));
#1145 = DIRECTION('',(0.,0.,1.));
#1146 = DIRECTION('',(1.,0.,-0.));
#1147 = ORIENTED_EDGE('',*,*,#694,.T.);
#1148 = ORIENTED_EDGE('',*,*,#1149,.T.);
#1149 = EDGE_CURVE('',#687,#1119,#1150,.T.);
#1150 = CIRCLE('',#1151,2.E-02);
#1151 = AXIS2_PLACEMENT_3D('',#1152,#1153,#1154);
#1152 = CARTESIAN_POINT('',(5.23,8.791817419595,-5.));
#1153 = DIRECTION('',(0.,0.,1.));
#1154 = DIRECTION('',(1.,0.,-0.));
#1155 = ORIENTED_EDGE('',*,*,#1118,.F.);
#1156 = CYLINDRICAL_SURFACE('',#1157,2.E-02);
#1157 = AXIS2_PLACEMENT_3D('',#1158,#1159,#1160);
#1158 = CARTESIAN_POINT('',(5.23,8.791817419595,0.));
#1159 = DIRECTION('',(0.,0.,1.));
#1160 = DIRECTION('',(1.,0.,-0.));
#1161 = ADVANCED_FACE('',(#1162,#1232),#1257,.T.);
#1162 = FACE_BOUND('',#1163,.T.);
#1163 = EDGE_LOOP('',(#1164,#1174,#1183,#1191,#1200,#1208,#1217,#1225));
#1164 = ORIENTED_EDGE('',*,*,#1165,.F.);
#1165 = EDGE_CURVE('',#1166,#1168,#1170,.T.);
#1166 = VERTEX_POINT('',#1167);
#1167 = CARTESIAN_POINT('',(1.645,10.25,-2.45));
#1168 = VERTEX_POINT('',#1169);
#1169 = CARTESIAN_POINT('',(3.605,10.25,-2.45));
#1170 = LINE('',#1171,#1172);
#1171 = CARTESIAN_POINT('',(2.625,10.25,-2.45));
#1172 = VECTOR('',#1173,1.);
#1173 = DIRECTION('',(1.,-0.,0.));
#1174 = ORIENTED_EDGE('',*,*,#1175,.T.);
#1175 = EDGE_CURVE('',#1166,#1176,#1178,.T.);
#1176 = VERTEX_POINT('',#1177);
#1177 = CARTESIAN_POINT('',(1.625,10.25,-2.47));
#1178 = CIRCLE('',#1179,2.E-02);
#1179 = AXIS2_PLACEMENT_3D('',#1180,#1181,#1182);
#1180 = CARTESIAN_POINT('',(1.645,10.25,-2.47));
#1181 = DIRECTION('',(0.,-1.,0.));
#1182 = DIRECTION('',(-1.,0.,0.));
#1183 = ORIENTED_EDGE('',*,*,#1184,.F.);
#1184 = EDGE_CURVE('',#1185,#1176,#1187,.T.);
#1185 = VERTEX_POINT('',#1186);
#1186 = CARTESIAN_POINT('',(1.625,10.25,-2.93));
#1187 = LINE('',#1188,#1189);
#1188 = CARTESIAN_POINT('',(1.625,10.25,7.6));
#1189 = VECTOR('',#1190,1.);
#1190 = DIRECTION('',(-0.,0.,1.));
#1191 = ORIENTED_EDGE('',*,*,#1192,.F.);
#1192 = EDGE_CURVE('',#1193,#1185,#1195,.T.);
#1193 = VERTEX_POINT('',#1194);
#1194 = CARTESIAN_POINT('',(1.645,10.25,-2.95));
#1195 = CIRCLE('',#1196,2.E-02);
#1196 = AXIS2_PLACEMENT_3D('',#1197,#1198,#1199);
#1197 = CARTESIAN_POINT('',(1.645,10.25,-2.93));
#1198 = DIRECTION('',(0.,1.,0.));
#1199 = DIRECTION('',(1.,0.,-0.));
#1200 = ORIENTED_EDGE('',*,*,#1201,.F.);
#1201 = EDGE_CURVE('',#1202,#1193,#1204,.T.);
#1202 = VERTEX_POINT('',#1203);
#1203 = CARTESIAN_POINT('',(3.605,10.25,-2.95));
#1204 = LINE('',#1205,#1206);
#1205 = CARTESIAN_POINT('',(2.625,10.25,-2.95));
#1206 = VECTOR('',#1207,1.);
#1207 = DIRECTION('',(-1.,0.,0.));
#1208 = ORIENTED_EDGE('',*,*,#1209,.F.);
#1209 = EDGE_CURVE('',#1210,#1202,#1212,.T.);
#1210 = VERTEX_POINT('',#1211);
#1211 = CARTESIAN_POINT('',(3.625,10.25,-2.93));
#1212 = CIRCLE('',#1213,2.E-02);
#1213 = AXIS2_PLACEMENT_3D('',#1214,#1215,#1216);
#1214 = CARTESIAN_POINT('',(3.605,10.25,-2.93));
#1215 = DIRECTION('',(0.,1.,0.));
#1216 = DIRECTION('',(1.,0.,-0.));
#1217 = ORIENTED_EDGE('',*,*,#1218,.F.);
#1218 = EDGE_CURVE('',#1219,#1210,#1221,.T.);
#1219 = VERTEX_POINT('',#1220);
#1220 = CARTESIAN_POINT('',(3.625,10.25,-2.47));
#1221 = LINE('',#1222,#1223);
#1222 = CARTESIAN_POINT('',(3.625,10.25,7.6));
#1223 = VECTOR('',#1224,1.);
#1224 = DIRECTION('',(0.,0.,-1.));
#1225 = ORIENTED_EDGE('',*,*,#1226,.F.);
#1226 = EDGE_CURVE('',#1168,#1219,#1227,.T.);
#1227 = CIRCLE('',#1228,2.E-02);
#1228 = AXIS2_PLACEMENT_3D('',#1229,#1230,#1231);
#1229 = CARTESIAN_POINT('',(3.605,10.25,-2.47));
#1230 = DIRECTION('',(0.,1.,0.));
#1231 = DIRECTION('',(1.,0.,-0.));
#1232 = FACE_BOUND('',#1233,.T.);
#1233 = EDGE_LOOP('',(#1234,#1242,#1243,#1251));
#1234 = ORIENTED_EDGE('',*,*,#1235,.F.);
#1235 = EDGE_CURVE('',#1071,#1236,#1238,.T.);
#1236 = VERTEX_POINT('',#1237);
#1237 = CARTESIAN_POINT('',(1.433386329019,10.25,0.));
#1238 = LINE('',#1239,#1240);
#1239 = CARTESIAN_POINT('',(0.,10.25,0.));
#1240 = VECTOR('',#1241,1.);
#1241 = DIRECTION('',(-1.,0.,0.));
#1242 = ORIENTED_EDGE('',*,*,#1096,.T.);
#1243 = ORIENTED_EDGE('',*,*,#1244,.T.);
#1244 = EDGE_CURVE('',#1088,#1245,#1247,.T.);
#1245 = VERTEX_POINT('',#1246);
#1246 = CARTESIAN_POINT('',(1.433386329019,10.25,-5.));
#1247 = LINE('',#1248,#1249);
#1248 = CARTESIAN_POINT('',(0.,10.25,-5.));
#1249 = VECTOR('',#1250,1.);
#1250 = DIRECTION('',(-1.,0.,0.));
#1251 = ORIENTED_EDGE('',*,*,#1252,.F.);
#1252 = EDGE_CURVE('',#1236,#1245,#1253,.T.);
#1253 = LINE('',#1254,#1255);
#1254 = CARTESIAN_POINT('',(1.433386329019,10.25,0.));
#1255 = VECTOR('',#1256,1.);
#1256 = DIRECTION('',(0.,0.,-1.));
#1257 = PLANE('',#1258);
#1258 = AXIS2_PLACEMENT_3D('',#1259,#1260,#1261);
#1259 = CARTESIAN_POINT('',(3.816613670981,10.25,0.));
#1260 = DIRECTION('',(0.,1.,0.));
#1261 = DIRECTION('',(-1.,0.,0.));
#1262 = ADVANCED_FACE('',(#1263),#1311,.T.);
#1263 = FACE_BOUND('',#1264,.T.);
#1264 = EDGE_LOOP('',(#1265,#1271,#1272,#1280,#1288,#1296,#1304,#1310));
#1265 = ORIENTED_EDGE('',*,*,#1266,.T.);
#1266 = EDGE_CURVE('',#420,#187,#1267,.T.);
#1267 = LINE('',#1268,#1269);
#1268 = CARTESIAN_POINT('',(4.65,3.453779222713,0.));
#1269 = VECTOR('',#1270,1.);
#1270 = DIRECTION('',(0.,1.,0.));
#1271 = ORIENTED_EDGE('',*,*,#195,.T.);
#1272 = ORIENTED_EDGE('',*,*,#1273,.T.);
#1273 = EDGE_CURVE('',#196,#1274,#1276,.T.);
#1274 = VERTEX_POINT('',#1275);
#1275 = CARTESIAN_POINT('',(4.65,8.554522587835,-2.));
#1276 = LINE('',#1277,#1278);
#1277 = CARTESIAN_POINT('',(4.65,0.,-2.));
#1278 = VECTOR('',#1279,1.);
#1279 = DIRECTION('',(0.,1.,0.));
#1280 = ORIENTED_EDGE('',*,*,#1281,.F.);
#1281 = EDGE_CURVE('',#1282,#1274,#1284,.T.);
#1282 = VERTEX_POINT('',#1283);
#1283 = CARTESIAN_POINT('',(4.65,8.554522587835,-5.));
#1284 = LINE('',#1285,#1286);
#1285 = CARTESIAN_POINT('',(4.65,8.554522587835,-5.));
#1286 = VECTOR('',#1287,1.);
#1287 = DIRECTION('',(0.,0.,1.));
#1288 = ORIENTED_EDGE('',*,*,#1289,.T.);
#1289 = EDGE_CURVE('',#1282,#1290,#1292,.T.);
#1290 = VERTEX_POINT('',#1291);
#1291 = CARTESIAN_POINT('',(4.65,0.6,-5.));
#1292 = LINE('',#1293,#1294);
#1293 = CARTESIAN_POINT('',(4.65,6.175,-5.));
#1294 = VECTOR('',#1295,1.);
#1295 = DIRECTION('',(-0.,-1.,0.));
#1296 = ORIENTED_EDGE('',*,*,#1297,.T.);
#1297 = EDGE_CURVE('',#1290,#1298,#1300,.T.);
#1298 = VERTEX_POINT('',#1299);
#1299 = CARTESIAN_POINT('',(4.65,0.6,-2.));
#1300 = LINE('',#1301,#1302);
#1301 = CARTESIAN_POINT('',(4.65,0.6,-5.));
#1302 = VECTOR('',#1303,1.);
#1303 = DIRECTION('',(0.,0.,1.));
#1304 = ORIENTED_EDGE('',*,*,#1305,.T.);
#1305 = EDGE_CURVE('',#1298,#411,#1306,.T.);
#1306 = LINE('',#1307,#1308);
#1307 = CARTESIAN_POINT('',(4.65,0.,-2.));
#1308 = VECTOR('',#1309,1.);
#1309 = DIRECTION('',(0.,1.,0.));
#1310 = ORIENTED_EDGE('',*,*,#419,.F.);
#1311 = PLANE('',#1312);
#1312 = AXIS2_PLACEMENT_3D('',#1313,#1314,#1315);
#1313 = CARTESIAN_POINT('',(4.65,6.796220777287,0.));
#1314 = DIRECTION('',(-1.,-0.,0.));
#1315 = DIRECTION('',(0.,-1.,-0.));
#1316 = ADVANCED_FACE('',(#1317),#1365,.T.);
#1317 = FACE_BOUND('',#1318,.T.);
#1318 = EDGE_LOOP('',(#1319,#1325,#1326,#1334,#1342,#1350,#1358,#1364));
#1319 = ORIENTED_EDGE('',*,*,#1320,.T.);
#1320 = EDGE_CURVE('',#783,#629,#1321,.T.);
#1321 = LINE('',#1322,#1323);
#1322 = CARTESIAN_POINT('',(0.6,6.796220777287,0.));
#1323 = VECTOR('',#1324,1.);
#1324 = DIRECTION('',(0.,-1.,0.));
#1325 = ORIENTED_EDGE('',*,*,#637,.T.);
#1326 = ORIENTED_EDGE('',*,*,#1327,.T.);
#1327 = EDGE_CURVE('',#638,#1328,#1330,.T.);
#1328 = VERTEX_POINT('',#1329);
#1329 = CARTESIAN_POINT('',(0.6,0.6,-2.));
#1330 = LINE('',#1331,#1332);
#1331 = CARTESIAN_POINT('',(0.6,0.,-2.));
#1332 = VECTOR('',#1333,1.);
#1333 = DIRECTION('',(0.,-1.,0.));
#1334 = ORIENTED_EDGE('',*,*,#1335,.F.);
#1335 = EDGE_CURVE('',#1336,#1328,#1338,.T.);
#1336 = VERTEX_POINT('',#1337);
#1337 = CARTESIAN_POINT('',(0.6,0.6,-5.));
#1338 = LINE('',#1339,#1340);
#1339 = CARTESIAN_POINT('',(0.6,0.6,-5.));
#1340 = VECTOR('',#1341,1.);
#1341 = DIRECTION('',(0.,0.,1.));
#1342 = ORIENTED_EDGE('',*,*,#1343,.T.);
#1343 = EDGE_CURVE('',#1336,#1344,#1346,.T.);
#1344 = VERTEX_POINT('',#1345);
#1345 = CARTESIAN_POINT('',(0.6,8.554522587835,-5.));
#1346 = LINE('',#1347,#1348);
#1347 = CARTESIAN_POINT('',(0.6,6.175,-5.));
#1348 = VECTOR('',#1349,1.);
#1349 = DIRECTION('',(0.,1.,0.));
#1350 = ORIENTED_EDGE('',*,*,#1351,.T.);
#1351 = EDGE_CURVE('',#1344,#1352,#1354,.T.);
#1352 = VERTEX_POINT('',#1353);
#1353 = CARTESIAN_POINT('',(0.6,8.554522587835,-2.));
#1354 = LINE('',#1355,#1356);
#1355 = CARTESIAN_POINT('',(0.6,8.554522587835,-5.));
#1356 = VECTOR('',#1357,1.);
#1357 = DIRECTION('',(0.,0.,1.));
#1358 = ORIENTED_EDGE('',*,*,#1359,.T.);
#1359 = EDGE_CURVE('',#1352,#774,#1360,.T.);
#1360 = LINE('',#1361,#1362);
#1361 = CARTESIAN_POINT('',(0.6,0.,-2.));
#1362 = VECTOR('',#1363,1.);
#1363 = DIRECTION('',(0.,-1.,0.));
#1364 = ORIENTED_EDGE('',*,*,#782,.F.);
#1365 = PLANE('',#1366);
#1366 = AXIS2_PLACEMENT_3D('',#1367,#1368,#1369);
#1367 = CARTESIAN_POINT('',(0.6,3.453779222713,0.));
#1368 = DIRECTION('',(1.,0.,-0.));
#1369 = DIRECTION('',(0.,1.,0.));
#1370 = ADVANCED_FACE('',(#1371),#1398,.T.);
#1371 = FACE_BOUND('',#1372,.T.);
#1372 = EDGE_LOOP('',(#1373,#1382,#1383,#1392));
#1373 = ORIENTED_EDGE('',*,*,#1374,.F.);
#1374 = EDGE_CURVE('',#1236,#1375,#1377,.T.);
#1375 = VERTEX_POINT('',#1376);
#1376 = CARTESIAN_POINT('',(1.419121757596,10.244018630536,0.));
#1377 = CIRCLE('',#1378,2.E-02);
#1378 = AXIS2_PLACEMENT_3D('',#1379,#1380,#1381);
#1379 = CARTESIAN_POINT('',(1.433386329019,10.23,0.));
#1380 = DIRECTION('',(0.,0.,1.));
#1381 = DIRECTION('',(1.,0.,-0.));
#1382 = ORIENTED_EDGE('',*,*,#1252,.T.);
#1383 = ORIENTED_EDGE('',*,*,#1384,.T.);
#1384 = EDGE_CURVE('',#1245,#1385,#1387,.T.);
#1385 = VERTEX_POINT('',#1386);
#1386 = CARTESIAN_POINT('',(1.419121757596,10.244018630536,-5.));
#1387 = CIRCLE('',#1388,2.E-02);
#1388 = AXIS2_PLACEMENT_3D('',#1389,#1390,#1391);
#1389 = CARTESIAN_POINT('',(1.433386329019,10.23,-5.));
#1390 = DIRECTION('',(0.,0.,1.));
#1391 = DIRECTION('',(1.,0.,-0.));
#1392 = ORIENTED_EDGE('',*,*,#1393,.F.);
#1393 = EDGE_CURVE('',#1375,#1385,#1394,.T.);
#1394 = LINE('',#1395,#1396);
#1395 = CARTESIAN_POINT('',(1.419121757596,10.244018630536,0.));
#1396 = VECTOR('',#1397,1.);
#1397 = DIRECTION('',(0.,0.,-1.));
#1398 = CYLINDRICAL_SURFACE('',#1399,2.E-02);
#1399 = AXIS2_PLACEMENT_3D('',#1400,#1401,#1402);
#1400 = CARTESIAN_POINT('',(1.433386329019,10.23,0.));
#1401 = DIRECTION('',(0.,0.,1.));
#1402 = DIRECTION('',(1.,0.,-0.));
#1403 = ADVANCED_FACE('',(#1404),#1429,.T.);
#1404 = FACE_BOUND('',#1405,.T.);
#1405 = EDGE_LOOP('',(#1406,#1414,#1415,#1423));
#1406 = ORIENTED_EDGE('',*,*,#1407,.F.);
#1407 = EDGE_CURVE('',#1375,#1408,#1410,.T.);
#1408 = VERTEX_POINT('',#1409);
#1409 = CARTESIAN_POINT('',(5.735428576962E-03,8.805836050131,0.));
#1410 = LINE('',#1411,#1412);
#1411 = CARTESIAN_POINT('',(-8.634498932059,1.401863053643E-02,0.));
#1412 = VECTOR('',#1413,1.);
#1413 = DIRECTION('',(-0.700931526822,-0.713228571152,0.));
#1414 = ORIENTED_EDGE('',*,*,#1393,.T.);
#1415 = ORIENTED_EDGE('',*,*,#1416,.T.);
#1416 = EDGE_CURVE('',#1385,#1417,#1419,.T.);
#1417 = VERTEX_POINT('',#1418);
#1418 = CARTESIAN_POINT('',(5.735428576962E-03,8.805836050131,-5.));
#1419 = LINE('',#1420,#1421);
#1420 = CARTESIAN_POINT('',(-8.634498932059,1.401863053643E-02,-5.));
#1421 = VECTOR('',#1422,1.);
#1422 = DIRECTION('',(-0.700931526822,-0.713228571152,0.));
#1423 = ORIENTED_EDGE('',*,*,#1424,.F.);
#1424 = EDGE_CURVE('',#1408,#1417,#1425,.T.);
#1425 = LINE('',#1426,#1427);
#1426 = CARTESIAN_POINT('',(5.735428576962E-03,8.805836050131,0.));
#1427 = VECTOR('',#1428,1.);
#1428 = DIRECTION('',(0.,0.,-1.));
#1429 = PLANE('',#1430);
#1430 = AXIS2_PLACEMENT_3D('',#1431,#1432,#1433);
#1431 = CARTESIAN_POINT('',(1.419121757596,10.244018630536,0.));
#1432 = DIRECTION('',(-0.713228571152,0.700931526822,-0.));
#1433 = DIRECTION('',(-0.700931526822,-0.713228571152,0.));
#1434 = ADVANCED_FACE('',(#1435),#1462,.T.);
#1435 = FACE_BOUND('',#1436,.T.);
#1436 = EDGE_LOOP('',(#1437,#1446,#1447,#1456));
#1437 = ORIENTED_EDGE('',*,*,#1438,.F.);
#1438 = EDGE_CURVE('',#1408,#1439,#1441,.T.);
#1439 = VERTEX_POINT('',#1440);
#1440 = CARTESIAN_POINT('',(0.,8.791817419595,0.));
#1441 = CIRCLE('',#1442,2.E-02);
#1442 = AXIS2_PLACEMENT_3D('',#1443,#1444,#1445);
#1443 = CARTESIAN_POINT('',(2.E-02,8.791817419595,0.));
#1444 = DIRECTION('',(0.,0.,1.));
#1445 = DIRECTION('',(1.,0.,-0.));
#1446 = ORIENTED_EDGE('',*,*,#1424,.T.);
#1447 = ORIENTED_EDGE('',*,*,#1448,.T.);
#1448 = EDGE_CURVE('',#1417,#1449,#1451,.T.);
#1449 = VERTEX_POINT('',#1450);
#1450 = CARTESIAN_POINT('',(0.,8.791817419595,-5.));
#1451 = CIRCLE('',#1452,2.E-02);
#1452 = AXIS2_PLACEMENT_3D('',#1453,#1454,#1455);
#1453 = CARTESIAN_POINT('',(2.E-02,8.791817419595,-5.));
#1454 = DIRECTION('',(0.,0.,1.));
#1455 = DIRECTION('',(1.,0.,-0.));
#1456 = ORIENTED_EDGE('',*,*,#1457,.F.);
#1457 = EDGE_CURVE('',#1439,#1449,#1458,.T.);
#1458 = LINE('',#1459,#1460);
#1459 = CARTESIAN_POINT('',(0.,8.791817419595,0.));
#1460 = VECTOR('',#1461,1.);
#1461 = DIRECTION('',(0.,0.,-1.));
#1462 = CYLINDRICAL_SURFACE('',#1463,2.E-02);
#1463 = AXIS2_PLACEMENT_3D('',#1464,#1465,#1466);
#1464 = CARTESIAN_POINT('',(2.E-02,8.791817419595,0.));
#1465 = DIRECTION('',(0.,0.,1.));
#1466 = DIRECTION('',(1.,0.,-0.));
#1467 = ADVANCED_FACE('',(#1468),#1493,.T.);
#1468 = FACE_BOUND('',#1469,.T.);
#1469 = EDGE_LOOP('',(#1470,#1478,#1479,#1487));
#1470 = ORIENTED_EDGE('',*,*,#1471,.F.);
#1471 = EDGE_CURVE('',#1439,#1472,#1474,.T.);
#1472 = VERTEX_POINT('',#1473);
#1473 = CARTESIAN_POINT('',(0.,0.5,0.));
#1474 = LINE('',#1475,#1476);
#1475 = CARTESIAN_POINT('',(0.,0.,0.));
#1476 = VECTOR('',#1477,1.);
#1477 = DIRECTION('',(0.,-1.,0.));
#1478 = ORIENTED_EDGE('',*,*,#1457,.T.);
#1479 = ORIENTED_EDGE('',*,*,#1480,.T.);
#1480 = EDGE_CURVE('',#1449,#1481,#1483,.T.);
#1481 = VERTEX_POINT('',#1482);
#1482 = CARTESIAN_POINT('',(0.,0.5,-5.));
#1483 = LINE('',#1484,#1485);
#1484 = CARTESIAN_POINT('',(0.,0.,-5.));
#1485 = VECTOR('',#1486,1.);
#1486 = DIRECTION('',(0.,-1.,0.));
#1487 = ORIENTED_EDGE('',*,*,#1488,.F.);
#1488 = EDGE_CURVE('',#1472,#1481,#1489,.T.);
#1489 = LINE('',#1490,#1491);
#1490 = CARTESIAN_POINT('',(0.,0.5,0.));
#1491 = VECTOR('',#1492,1.);
#1492 = DIRECTION('',(0.,0.,-1.));
#1493 = PLANE('',#1494);
#1494 = AXIS2_PLACEMENT_3D('',#1495,#1496,#1497);
#1495 = CARTESIAN_POINT('',(0.,8.791817419595,0.));
#1496 = DIRECTION('',(-1.,0.,0.));
#1497 = DIRECTION('',(-0.,-1.,-0.));
#1498 = ADVANCED_FACE('',(#1499),#1526,.T.);
#1499 = FACE_BOUND('',#1500,.T.);
#1500 = EDGE_LOOP('',(#1501,#1510,#1511,#1520));
#1501 = ORIENTED_EDGE('',*,*,#1502,.T.);
#1502 = EDGE_CURVE('',#1503,#1472,#1505,.T.);
#1503 = VERTEX_POINT('',#1504);
#1504 = CARTESIAN_POINT('',(0.5,0.,0.));
#1505 = CIRCLE('',#1506,0.5);
#1506 = AXIS2_PLACEMENT_3D('',#1507,#1508,#1509);
#1507 = CARTESIAN_POINT('',(0.5,0.5,0.));
#1508 = DIRECTION('',(0.,0.,-1.));
#1509 = DIRECTION('',(-1.,0.,0.));
#1510 = ORIENTED_EDGE('',*,*,#1488,.T.);
#1511 = ORIENTED_EDGE('',*,*,#1512,.F.);
#1512 = EDGE_CURVE('',#1513,#1481,#1515,.T.);
#1513 = VERTEX_POINT('',#1514);
#1514 = CARTESIAN_POINT('',(0.5,0.,-5.));
#1515 = CIRCLE('',#1516,0.5);
#1516 = AXIS2_PLACEMENT_3D('',#1517,#1518,#1519);
#1517 = CARTESIAN_POINT('',(0.5,0.5,-5.));
#1518 = DIRECTION('',(0.,0.,-1.));
#1519 = DIRECTION('',(-1.,0.,0.));
#1520 = ORIENTED_EDGE('',*,*,#1521,.F.);
#1521 = EDGE_CURVE('',#1503,#1513,#1522,.T.);
#1522 = LINE('',#1523,#1524);
#1523 = CARTESIAN_POINT('',(0.5,0.,0.));
#1524 = VECTOR('',#1525,1.);
#1525 = DIRECTION('',(0.,0.,-1.));
#1526 = CYLINDRICAL_SURFACE('',#1527,0.5);
#1527 = AXIS2_PLACEMENT_3D('',#1528,#1529,#1530);
#1528 = CARTESIAN_POINT('',(0.5,0.5,0.));
#1529 = DIRECTION('',(0.,0.,-1.));
#1530 = DIRECTION('',(-1.,0.,0.));
#1531 = ADVANCED_FACE('',(#1532,#1738),#1754,.T.);
#1532 = FACE_BOUND('',#1533,.T.);
#1533 = EDGE_LOOP('',(#1534,#1544,#1553,#1561,#1570,#1578,#1587,#1595,
    #1604,#1612,#1621,#1629,#1638,#1646,#1655,#1663,#1672,#1680,#1689,
    #1697,#1706,#1714,#1723,#1731));
#1534 = ORIENTED_EDGE('',*,*,#1535,.T.);
#1535 = EDGE_CURVE('',#1536,#1538,#1540,.T.);
#1536 = VERTEX_POINT('',#1537);
#1537 = CARTESIAN_POINT('',(2.875,0.,-1.72));
#1538 = VERTEX_POINT('',#1539);
#1539 = CARTESIAN_POINT('',(2.875,0.,-2.43));
#1540 = LINE('',#1541,#1542);
#1541 = CARTESIAN_POINT('',(2.875,0.,7.6));
#1542 = VECTOR('',#1543,1.);
#1543 = DIRECTION('',(0.,0.,-1.));
#1544 = ORIENTED_EDGE('',*,*,#1545,.F.);
#1545 = EDGE_CURVE('',#1546,#1538,#1548,.T.);
#1546 = VERTEX_POINT('',#1547);
#1547 = CARTESIAN_POINT('',(2.895,0.,-2.45));
#1548 = CIRCLE('',#1549,2.E-02);
#1549 = AXIS2_PLACEMENT_3D('',#1550,#1551,#1552);
#1550 = CARTESIAN_POINT('',(2.895,0.,-2.43));
#1551 = DIRECTION('',(0.,1.,0.));
#1552 = DIRECTION('',(1.,0.,-0.));
#1553 = ORIENTED_EDGE('',*,*,#1554,.T.);
#1554 = EDGE_CURVE('',#1546,#1555,#1557,.T.);
#1555 = VERTEX_POINT('',#1556);
#1556 = CARTESIAN_POINT('',(3.605,0.,-2.45));
#1557 = LINE('',#1558,#1559);
#1558 = CARTESIAN_POINT('',(2.625,0.,-2.45));
#1559 = VECTOR('',#1560,1.);
#1560 = DIRECTION('',(1.,0.,-0.));
#1561 = ORIENTED_EDGE('',*,*,#1562,.T.);
#1562 = EDGE_CURVE('',#1555,#1563,#1565,.T.);
#1563 = VERTEX_POINT('',#1564);
#1564 = CARTESIAN_POINT('',(3.625,0.,-2.47));
#1565 = CIRCLE('',#1566,2.E-02);
#1566 = AXIS2_PLACEMENT_3D('',#1567,#1568,#1569);
#1567 = CARTESIAN_POINT('',(3.605,0.,-2.47));
#1568 = DIRECTION('',(0.,1.,0.));
#1569 = DIRECTION('',(1.,0.,-0.));
#1570 = ORIENTED_EDGE('',*,*,#1571,.T.);
#1571 = EDGE_CURVE('',#1563,#1572,#1574,.T.);
#1572 = VERTEX_POINT('',#1573);
#1573 = CARTESIAN_POINT('',(3.625,0.,-2.93));
#1574 = LINE('',#1575,#1576);
#1575 = CARTESIAN_POINT('',(3.625,0.,7.6));
#1576 = VECTOR('',#1577,1.);
#1577 = DIRECTION('',(0.,0.,-1.));
#1578 = ORIENTED_EDGE('',*,*,#1579,.T.);
#1579 = EDGE_CURVE('',#1572,#1580,#1582,.T.);
#1580 = VERTEX_POINT('',#1581);
#1581 = CARTESIAN_POINT('',(3.605,0.,-2.95));
#1582 = CIRCLE('',#1583,2.E-02);
#1583 = AXIS2_PLACEMENT_3D('',#1584,#1585,#1586);
#1584 = CARTESIAN_POINT('',(3.605,0.,-2.93));
#1585 = DIRECTION('',(0.,1.,0.));
#1586 = DIRECTION('',(1.,0.,-0.));
#1587 = ORIENTED_EDGE('',*,*,#1588,.T.);
#1588 = EDGE_CURVE('',#1580,#1589,#1591,.T.);
#1589 = VERTEX_POINT('',#1590);
#1590 = CARTESIAN_POINT('',(2.895,0.,-2.95));
#1591 = LINE('',#1592,#1593);
#1592 = CARTESIAN_POINT('',(2.625,0.,-2.95));
#1593 = VECTOR('',#1594,1.);
#1594 = DIRECTION('',(-1.,0.,0.));
#1595 = ORIENTED_EDGE('',*,*,#1596,.T.);
#1596 = EDGE_CURVE('',#1589,#1597,#1599,.T.);
#1597 = VERTEX_POINT('',#1598);
#1598 = CARTESIAN_POINT('',(2.875,0.,-2.97));
#1599 = CIRCLE('',#1600,2.E-02);
#1600 = AXIS2_PLACEMENT_3D('',#1601,#1602,#1603);
#1601 = CARTESIAN_POINT('',(2.895,0.,-2.97));
#1602 = DIRECTION('',(0.,-1.,0.));
#1603 = DIRECTION('',(-1.,0.,0.));
#1604 = ORIENTED_EDGE('',*,*,#1605,.T.);
#1605 = EDGE_CURVE('',#1597,#1606,#1608,.T.);
#1606 = VERTEX_POINT('',#1607);
#1607 = CARTESIAN_POINT('',(2.875,0.,-3.68));
#1608 = LINE('',#1609,#1610);
#1609 = CARTESIAN_POINT('',(2.875,0.,7.6));
#1610 = VECTOR('',#1611,1.);
#1611 = DIRECTION('',(0.,0.,-1.));
#1612 = ORIENTED_EDGE('',*,*,#1613,.T.);
#1613 = EDGE_CURVE('',#1606,#1614,#1616,.T.);
#1614 = VERTEX_POINT('',#1615);
#1615 = CARTESIAN_POINT('',(2.855,0.,-3.7));
#1616 = CIRCLE('',#1617,2.E-02);
#1617 = AXIS2_PLACEMENT_3D('',#1618,#1619,#1620);
#1618 = CARTESIAN_POINT('',(2.855,0.,-3.68));
#1619 = DIRECTION('',(0.,1.,0.));
#1620 = DIRECTION('',(1.,0.,-0.));
#1621 = ORIENTED_EDGE('',*,*,#1622,.T.);
#1622 = EDGE_CURVE('',#1614,#1623,#1625,.T.);
#1623 = VERTEX_POINT('',#1624);
#1624 = CARTESIAN_POINT('',(2.395,0.,-3.7));
#1625 = LINE('',#1626,#1627);
#1626 = CARTESIAN_POINT('',(2.625,0.,-3.7));
#1627 = VECTOR('',#1628,1.);
#1628 = DIRECTION('',(-1.,0.,0.));
#1629 = ORIENTED_EDGE('',*,*,#1630,.T.);
#1630 = EDGE_CURVE('',#1623,#1631,#1633,.T.);
#1631 = VERTEX_POINT('',#1632);
#1632 = CARTESIAN_POINT('',(2.375,0.,-3.68));
#1633 = CIRCLE('',#1634,2.E-02);
#1634 = AXIS2_PLACEMENT_3D('',#1635,#1636,#1637);
#1635 = CARTESIAN_POINT('',(2.395,0.,-3.68));
#1636 = DIRECTION('',(0.,1.,0.));
#1637 = DIRECTION('',(1.,0.,-0.));
#1638 = ORIENTED_EDGE('',*,*,#1639,.T.);
#1639 = EDGE_CURVE('',#1631,#1640,#1642,.T.);
#1640 = VERTEX_POINT('',#1641);
#1641 = CARTESIAN_POINT('',(2.375,0.,-2.97));
#1642 = LINE('',#1643,#1644);
#1643 = CARTESIAN_POINT('',(2.375,0.,7.6));
#1644 = VECTOR('',#1645,1.);
#1645 = DIRECTION('',(-0.,0.,1.));
#1646 = ORIENTED_EDGE('',*,*,#1647,.T.);
#1647 = EDGE_CURVE('',#1640,#1648,#1650,.T.);
#1648 = VERTEX_POINT('',#1649);
#1649 = CARTESIAN_POINT('',(2.355,0.,-2.95));
#1650 = CIRCLE('',#1651,2.E-02);
#1651 = AXIS2_PLACEMENT_3D('',#1652,#1653,#1654);
#1652 = CARTESIAN_POINT('',(2.355,0.,-2.97));
#1653 = DIRECTION('',(0.,-1.,0.));
#1654 = DIRECTION('',(-1.,0.,0.));
#1655 = ORIENTED_EDGE('',*,*,#1656,.T.);
#1656 = EDGE_CURVE('',#1648,#1657,#1659,.T.);
#1657 = VERTEX_POINT('',#1658);
#1658 = CARTESIAN_POINT('',(1.645,0.,-2.95));
#1659 = LINE('',#1660,#1661);
#1660 = CARTESIAN_POINT('',(2.625,0.,-2.95));
#1661 = VECTOR('',#1662,1.);
#1662 = DIRECTION('',(-1.,0.,0.));
#1663 = ORIENTED_EDGE('',*,*,#1664,.T.);
#1664 = EDGE_CURVE('',#1657,#1665,#1667,.T.);
#1665 = VERTEX_POINT('',#1666);
#1666 = CARTESIAN_POINT('',(1.625,0.,-2.93));
#1667 = CIRCLE('',#1668,2.E-02);
#1668 = AXIS2_PLACEMENT_3D('',#1669,#1670,#1671);
#1669 = CARTESIAN_POINT('',(1.645,0.,-2.93));
#1670 = DIRECTION('',(0.,1.,0.));
#1671 = DIRECTION('',(1.,0.,-0.));
#1672 = ORIENTED_EDGE('',*,*,#1673,.T.);
#1673 = EDGE_CURVE('',#1665,#1674,#1676,.T.);
#1674 = VERTEX_POINT('',#1675);
#1675 = CARTESIAN_POINT('',(1.625,0.,-2.47));
#1676 = LINE('',#1677,#1678);
#1677 = CARTESIAN_POINT('',(1.625,0.,7.6));
#1678 = VECTOR('',#1679,1.);
#1679 = DIRECTION('',(-0.,0.,1.));
#1680 = ORIENTED_EDGE('',*,*,#1681,.T.);
#1681 = EDGE_CURVE('',#1674,#1682,#1684,.T.);
#1682 = VERTEX_POINT('',#1683);
#1683 = CARTESIAN_POINT('',(1.645,0.,-2.45));
#1684 = CIRCLE('',#1685,2.E-02);
#1685 = AXIS2_PLACEMENT_3D('',#1686,#1687,#1688);
#1686 = CARTESIAN_POINT('',(1.645,0.,-2.47));
#1687 = DIRECTION('',(0.,1.,0.));
#1688 = DIRECTION('',(1.,0.,-0.));
#1689 = ORIENTED_EDGE('',*,*,#1690,.T.);
#1690 = EDGE_CURVE('',#1682,#1691,#1693,.T.);
#1691 = VERTEX_POINT('',#1692);
#1692 = CARTESIAN_POINT('',(2.355,0.,-2.45));
#1693 = LINE('',#1694,#1695);
#1694 = CARTESIAN_POINT('',(2.625,0.,-2.45));
#1695 = VECTOR('',#1696,1.);
#1696 = DIRECTION('',(1.,0.,-0.));
#1697 = ORIENTED_EDGE('',*,*,#1698,.T.);
#1698 = EDGE_CURVE('',#1691,#1699,#1701,.T.);
#1699 = VERTEX_POINT('',#1700);
#1700 = CARTESIAN_POINT('',(2.375,0.,-2.43));
#1701 = CIRCLE('',#1702,2.E-02);
#1702 = AXIS2_PLACEMENT_3D('',#1703,#1704,#1705);
#1703 = CARTESIAN_POINT('',(2.355,0.,-2.43));
#1704 = DIRECTION('',(0.,-1.,0.));
#1705 = DIRECTION('',(-1.,0.,0.));
#1706 = ORIENTED_EDGE('',*,*,#1707,.T.);
#1707 = EDGE_CURVE('',#1699,#1708,#1710,.T.);
#1708 = VERTEX_POINT('',#1709);
#1709 = CARTESIAN_POINT('',(2.375,0.,-1.72));
#1710 = LINE('',#1711,#1712);
#1711 = CARTESIAN_POINT('',(2.375,0.,7.6));
#1712 = VECTOR('',#1713,1.);
#1713 = DIRECTION('',(-0.,0.,1.));
#1714 = ORIENTED_EDGE('',*,*,#1715,.T.);
#1715 = EDGE_CURVE('',#1708,#1716,#1718,.T.);
#1716 = VERTEX_POINT('',#1717);
#1717 = CARTESIAN_POINT('',(2.395,0.,-1.7));
#1718 = CIRCLE('',#1719,2.E-02);
#1719 = AXIS2_PLACEMENT_3D('',#1720,#1721,#1722);
#1720 = CARTESIAN_POINT('',(2.395,0.,-1.72));
#1721 = DIRECTION('',(0.,1.,0.));
#1722 = DIRECTION('',(1.,0.,-0.));
#1723 = ORIENTED_EDGE('',*,*,#1724,.T.);
#1724 = EDGE_CURVE('',#1716,#1725,#1727,.T.);
#1725 = VERTEX_POINT('',#1726);
#1726 = CARTESIAN_POINT('',(2.855,0.,-1.7));
#1727 = LINE('',#1728,#1729);
#1728 = CARTESIAN_POINT('',(2.625,0.,-1.7));
#1729 = VECTOR('',#1730,1.);
#1730 = DIRECTION('',(1.,0.,-0.));
#1731 = ORIENTED_EDGE('',*,*,#1732,.T.);
#1732 = EDGE_CURVE('',#1725,#1536,#1733,.T.);
#1733 = CIRCLE('',#1734,2.E-02);
#1734 = AXIS2_PLACEMENT_3D('',#1735,#1736,#1737);
#1735 = CARTESIAN_POINT('',(2.855,0.,-1.72));
#1736 = DIRECTION('',(0.,1.,0.));
#1737 = DIRECTION('',(1.,0.,-0.));
#1738 = FACE_BOUND('',#1739,.T.);
#1739 = EDGE_LOOP('',(#1740,#1746,#1747,#1753));
#1740 = ORIENTED_EDGE('',*,*,#1741,.F.);
#1741 = EDGE_CURVE('',#1503,#731,#1742,.T.);
#1742 = LINE('',#1743,#1744);
#1743 = CARTESIAN_POINT('',(0.,0.,0.));
#1744 = VECTOR('',#1745,1.);
#1745 = DIRECTION('',(1.,0.,-0.));
#1746 = ORIENTED_EDGE('',*,*,#1521,.T.);
#1747 = ORIENTED_EDGE('',*,*,#1748,.T.);
#1748 = EDGE_CURVE('',#1513,#740,#1749,.T.);
#1749 = LINE('',#1750,#1751);
#1750 = CARTESIAN_POINT('',(0.,0.,-5.));
#1751 = VECTOR('',#1752,1.);
#1752 = DIRECTION('',(1.,0.,-0.));
#1753 = ORIENTED_EDGE('',*,*,#739,.F.);
#1754 = PLANE('',#1755);
#1755 = AXIS2_PLACEMENT_3D('',#1756,#1757,#1758);
#1756 = CARTESIAN_POINT('',(0.5,0.,0.));
#1757 = DIRECTION('',(0.,-1.,-0.));
#1758 = DIRECTION('',(1.,0.,0.));
#1759 = ADVANCED_FACE('',(#1760),#1776,.T.);
#1760 = FACE_BOUND('',#1761,.T.);
#1761 = EDGE_LOOP('',(#1762,#1768,#1769,#1775));
#1762 = ORIENTED_EDGE('',*,*,#1763,.F.);
#1763 = EDGE_CURVE('',#1336,#1290,#1764,.T.);
#1764 = LINE('',#1765,#1766);
#1765 = CARTESIAN_POINT('',(2.625,0.6,-5.));
#1766 = VECTOR('',#1767,1.);
#1767 = DIRECTION('',(1.,0.,0.));
#1768 = ORIENTED_EDGE('',*,*,#1335,.T.);
#1769 = ORIENTED_EDGE('',*,*,#1770,.F.);
#1770 = EDGE_CURVE('',#1298,#1328,#1771,.T.);
#1771 = LINE('',#1772,#1773);
#1772 = CARTESIAN_POINT('',(0.,0.6,-2.));
#1773 = VECTOR('',#1774,1.);
#1774 = DIRECTION('',(-1.,0.,0.));
#1775 = ORIENTED_EDGE('',*,*,#1297,.F.);
#1776 = PLANE('',#1777);
#1777 = AXIS2_PLACEMENT_3D('',#1778,#1779,#1780);
#1778 = CARTESIAN_POINT('',(0.6,0.6,-5.));
#1779 = DIRECTION('',(0.,1.,0.));
#1780 = DIRECTION('',(-1.,0.,0.));
#1781 = ADVANCED_FACE('',(#1782),#1807,.T.);
#1782 = FACE_BOUND('',#1783,.T.);
#1783 = EDGE_LOOP('',(#1784,#1792,#1793,#1801));
#1784 = ORIENTED_EDGE('',*,*,#1785,.F.);
#1785 = EDGE_CURVE('',#1282,#1786,#1788,.T.);
#1786 = VERTEX_POINT('',#1787);
#1787 = CARTESIAN_POINT('',(3.573410129424,9.65,-5.));
#1788 = LINE('',#1789,#1790);
#1789 = CARTESIAN_POINT('',(6.988496336321,6.175,-5.));
#1790 = VECTOR('',#1791,1.);
#1791 = DIRECTION('',(-0.700931526822,0.713228571152,0.));
#1792 = ORIENTED_EDGE('',*,*,#1281,.T.);
#1793 = ORIENTED_EDGE('',*,*,#1794,.T.);
#1794 = EDGE_CURVE('',#1274,#1795,#1797,.T.);
#1795 = VERTEX_POINT('',#1796);
#1796 = CARTESIAN_POINT('',(3.573410129424,9.65,-2.));
#1797 = LINE('',#1798,#1799);
#1798 = CARTESIAN_POINT('',(13.05703081908,0.,-2.));
#1799 = VECTOR('',#1800,1.);
#1800 = DIRECTION('',(-0.700931526822,0.713228571152,0.));
#1801 = ORIENTED_EDGE('',*,*,#1802,.F.);
#1802 = EDGE_CURVE('',#1786,#1795,#1803,.T.);
#1803 = LINE('',#1804,#1805);
#1804 = CARTESIAN_POINT('',(3.573410129424,9.65,-5.));
#1805 = VECTOR('',#1806,1.);
#1806 = DIRECTION('',(0.,0.,1.));
#1807 = PLANE('',#1808);
#1808 = AXIS2_PLACEMENT_3D('',#1809,#1810,#1811);
#1809 = CARTESIAN_POINT('',(4.65,8.554522587835,-5.));
#1810 = DIRECTION('',(-0.713228571152,-0.700931526822,0.));
#1811 = DIRECTION('',(0.700931526822,-0.713228571152,-0.));
#1812 = ADVANCED_FACE('',(#1813,#1833),#1855,.T.);
#1813 = FACE_BOUND('',#1814,.T.);
#1814 = EDGE_LOOP('',(#1815,#1826));
#1815 = ORIENTED_EDGE('',*,*,#1816,.F.);
#1816 = EDGE_CURVE('',#1817,#1819,#1821,.T.);
#1817 = VERTEX_POINT('',#1818);
#1818 = CARTESIAN_POINT('',(1.625,7.625,-2.));
#1819 = VERTEX_POINT('',#1820);
#1820 = CARTESIAN_POINT('',(3.625,7.625,-2.));
#1821 = CIRCLE('',#1822,1.);
#1822 = AXIS2_PLACEMENT_3D('',#1823,#1824,#1825);
#1823 = CARTESIAN_POINT('',(2.625,7.625,-2.));
#1824 = DIRECTION('',(0.,0.,-1.));
#1825 = DIRECTION('',(1.,-0.,0.));
#1826 = ORIENTED_EDGE('',*,*,#1827,.F.);
#1827 = EDGE_CURVE('',#1819,#1817,#1828,.T.);
#1828 = CIRCLE('',#1829,1.);
#1829 = AXIS2_PLACEMENT_3D('',#1830,#1831,#1832);
#1830 = CARTESIAN_POINT('',(2.625,7.625,-2.));
#1831 = DIRECTION('',(0.,0.,-1.));
#1832 = DIRECTION('',(1.,-0.,0.));
#1833 = FACE_BOUND('',#1834,.T.);
#1834 = EDGE_LOOP('',(#1835,#1843,#1844,#1845,#1846,#1847,#1848,#1849));
#1835 = ORIENTED_EDGE('',*,*,#1836,.F.);
#1836 = EDGE_CURVE('',#1795,#1837,#1839,.T.);
#1837 = VERTEX_POINT('',#1838);
#1838 = CARTESIAN_POINT('',(1.676589870576,9.65,-2.));
#1839 = LINE('',#1840,#1841);
#1840 = CARTESIAN_POINT('',(0.,9.65,-2.));
#1841 = VECTOR('',#1842,1.);
#1842 = DIRECTION('',(-1.,0.,0.));
#1843 = ORIENTED_EDGE('',*,*,#1794,.F.);
#1844 = ORIENTED_EDGE('',*,*,#1273,.F.);
#1845 = ORIENTED_EDGE('',*,*,#203,.T.);
#1846 = ORIENTED_EDGE('',*,*,#286,.F.);
#1847 = ORIENTED_EDGE('',*,*,#773,.T.);
#1848 = ORIENTED_EDGE('',*,*,#1359,.F.);
#1849 = ORIENTED_EDGE('',*,*,#1850,.T.);
#1850 = EDGE_CURVE('',#1352,#1837,#1851,.T.);
#1851 = LINE('',#1852,#1853);
#1852 = CARTESIAN_POINT('',(-7.80703081908,0.,-2.));
#1853 = VECTOR('',#1854,1.);
#1854 = DIRECTION('',(0.700931526822,0.713228571152,0.));
#1855 = PLANE('',#1856);
#1856 = AXIS2_PLACEMENT_3D('',#1857,#1858,#1859);
#1857 = CARTESIAN_POINT('',(0.3,4.645908709797,-2.));
#1858 = DIRECTION('',(-0.,-0.,-1.));
#1859 = DIRECTION('',(0.,-1.,0.));
#1860 = ADVANCED_FACE('',(#1861,#1881),#1889,.T.);
#1861 = FACE_BOUND('',#1862,.T.);
#1862 = EDGE_LOOP('',(#1863,#1874));
#1863 = ORIENTED_EDGE('',*,*,#1864,.F.);
#1864 = EDGE_CURVE('',#1865,#1867,#1869,.T.);
#1865 = VERTEX_POINT('',#1866);
#1866 = CARTESIAN_POINT('',(3.625,2.625,-2.));
#1867 = VERTEX_POINT('',#1868);
#1868 = CARTESIAN_POINT('',(1.625,2.625,-2.));
#1869 = CIRCLE('',#1870,1.);
#1870 = AXIS2_PLACEMENT_3D('',#1871,#1872,#1873);
#1871 = CARTESIAN_POINT('',(2.625,2.625,-2.));
#1872 = DIRECTION('',(0.,0.,-1.));
#1873 = DIRECTION('',(-1.,0.,0.));
#1874 = ORIENTED_EDGE('',*,*,#1875,.F.);
#1875 = EDGE_CURVE('',#1867,#1865,#1876,.T.);
#1876 = CIRCLE('',#1877,1.);
#1877 = AXIS2_PLACEMENT_3D('',#1878,#1879,#1880);
#1878 = CARTESIAN_POINT('',(2.625,2.625,-2.));
#1879 = DIRECTION('',(0.,0.,-1.));
#1880 = DIRECTION('',(-1.,0.,0.));
#1881 = FACE_BOUND('',#1882,.T.);
#1882 = EDGE_LOOP('',(#1883,#1884,#1885,#1886,#1887,#1888));
#1883 = ORIENTED_EDGE('',*,*,#350,.F.);
#1884 = ORIENTED_EDGE('',*,*,#410,.T.);
#1885 = ORIENTED_EDGE('',*,*,#1305,.F.);
#1886 = ORIENTED_EDGE('',*,*,#1770,.T.);
#1887 = ORIENTED_EDGE('',*,*,#1327,.F.);
#1888 = ORIENTED_EDGE('',*,*,#645,.T.);
#1889 = PLANE('',#1890);
#1890 = AXIS2_PLACEMENT_3D('',#1891,#1892,#1893);
#1891 = CARTESIAN_POINT('',(0.3,4.645908709797,-2.));
#1892 = DIRECTION('',(-0.,-0.,-1.));
#1893 = DIRECTION('',(0.,-1.,0.));
#1894 = ADVANCED_FACE('',(#1895),#1913,.T.);
#1895 = FACE_BOUND('',#1896,.T.);
#1896 = EDGE_LOOP('',(#1897,#1905,#1911,#1912));
#1897 = ORIENTED_EDGE('',*,*,#1898,.F.);
#1898 = EDGE_CURVE('',#1899,#1344,#1901,.T.);
#1899 = VERTEX_POINT('',#1900);
#1900 = CARTESIAN_POINT('',(1.676589870576,9.65,-5.));
#1901 = LINE('',#1902,#1903);
#1902 = CARTESIAN_POINT('',(-1.738496336321,6.175,-5.));
#1903 = VECTOR('',#1904,1.);
#1904 = DIRECTION('',(-0.700931526822,-0.713228571152,0.));
#1905 = ORIENTED_EDGE('',*,*,#1906,.T.);
#1906 = EDGE_CURVE('',#1899,#1837,#1907,.T.);
#1907 = LINE('',#1908,#1909);
#1908 = CARTESIAN_POINT('',(1.676589870576,9.65,-5.));
#1909 = VECTOR('',#1910,1.);
#1910 = DIRECTION('',(0.,0.,1.));
#1911 = ORIENTED_EDGE('',*,*,#1850,.F.);
#1912 = ORIENTED_EDGE('',*,*,#1351,.F.);
#1913 = PLANE('',#1914);
#1914 = AXIS2_PLACEMENT_3D('',#1915,#1916,#1917);
#1915 = CARTESIAN_POINT('',(1.676589870576,9.65,-5.));
#1916 = DIRECTION('',(0.713228571152,-0.700931526822,-0.));
#1917 = DIRECTION('',(0.700931526822,0.713228571152,0.));
#1918 = ADVANCED_FACE('',(#1919),#1930,.T.);
#1919 = FACE_BOUND('',#1920,.T.);
#1920 = EDGE_LOOP('',(#1921,#1927,#1928,#1929));
#1921 = ORIENTED_EDGE('',*,*,#1922,.F.);
#1922 = EDGE_CURVE('',#1786,#1899,#1923,.T.);
#1923 = LINE('',#1924,#1925);
#1924 = CARTESIAN_POINT('',(2.625,9.65,-5.));
#1925 = VECTOR('',#1926,1.);
#1926 = DIRECTION('',(-1.,0.,0.));
#1927 = ORIENTED_EDGE('',*,*,#1802,.T.);
#1928 = ORIENTED_EDGE('',*,*,#1836,.T.);
#1929 = ORIENTED_EDGE('',*,*,#1906,.F.);
#1930 = PLANE('',#1931);
#1931 = AXIS2_PLACEMENT_3D('',#1932,#1933,#1934);
#1932 = CARTESIAN_POINT('',(3.573410129424,9.65,-5.));
#1933 = DIRECTION('',(0.,-1.,0.));
#1934 = DIRECTION('',(1.,0.,0.));
#1935 = ADVANCED_FACE('',(#1936),#1961,.F.);
#1936 = FACE_BOUND('',#1937,.T.);
#1937 = EDGE_LOOP('',(#1938,#1946,#1954,#1960));
#1938 = ORIENTED_EDGE('',*,*,#1939,.T.);
#1939 = EDGE_CURVE('',#1546,#1940,#1942,.T.);
#1940 = VERTEX_POINT('',#1941);
#1941 = CARTESIAN_POINT('',(2.895,-8.E-02,-2.45));
#1942 = LINE('',#1943,#1944);
#1943 = CARTESIAN_POINT('',(2.895,0.,-2.45));
#1944 = VECTOR('',#1945,1.);
#1945 = DIRECTION('',(0.,-1.,0.));
#1946 = ORIENTED_EDGE('',*,*,#1947,.F.);
#1947 = EDGE_CURVE('',#1948,#1940,#1950,.T.);
#1948 = VERTEX_POINT('',#1949);
#1949 = CARTESIAN_POINT('',(3.605,-8.E-02,-2.45));
#1950 = LINE('',#1951,#1952);
#1951 = CARTESIAN_POINT('',(0.,-8.E-02,-2.45));
#1952 = VECTOR('',#1953,1.);
#1953 = DIRECTION('',(-1.,0.,0.));
#1954 = ORIENTED_EDGE('',*,*,#1955,.F.);
#1955 = EDGE_CURVE('',#1555,#1948,#1956,.T.);
#1956 = LINE('',#1957,#1958);
#1957 = CARTESIAN_POINT('',(3.605,0.,-2.45));
#1958 = VECTOR('',#1959,1.);
#1959 = DIRECTION('',(0.,-1.,0.));
#1960 = ORIENTED_EDGE('',*,*,#1554,.F.);
#1961 = PLANE('',#1962);
#1962 = AXIS2_PLACEMENT_3D('',#1963,#1964,#1965);
#1963 = CARTESIAN_POINT('',(3.625,0.,-2.45));
#1964 = DIRECTION('',(0.,0.,-1.));
#1965 = DIRECTION('',(1.,0.,0.));
#1966 = ADVANCED_FACE('',(#1967),#1986,.T.);
#1967 = FACE_BOUND('',#1968,.T.);
#1968 = EDGE_LOOP('',(#1969,#1970,#1979,#1985));
#1969 = ORIENTED_EDGE('',*,*,#1955,.T.);
#1970 = ORIENTED_EDGE('',*,*,#1971,.T.);
#1971 = EDGE_CURVE('',#1948,#1972,#1974,.T.);
#1972 = VERTEX_POINT('',#1973);
#1973 = CARTESIAN_POINT('',(3.625,-8.E-02,-2.47));
#1974 = CIRCLE('',#1975,2.E-02);
#1975 = AXIS2_PLACEMENT_3D('',#1976,#1977,#1978);
#1976 = CARTESIAN_POINT('',(3.605,-8.E-02,-2.47));
#1977 = DIRECTION('',(-0.,1.,0.));
#1978 = DIRECTION('',(1.,0.,0.));
#1979 = ORIENTED_EDGE('',*,*,#1980,.F.);
#1980 = EDGE_CURVE('',#1563,#1972,#1981,.T.);
#1981 = LINE('',#1982,#1983);
#1982 = CARTESIAN_POINT('',(3.625,0.,-2.47));
#1983 = VECTOR('',#1984,1.);
#1984 = DIRECTION('',(0.,-1.,0.));
#1985 = ORIENTED_EDGE('',*,*,#1562,.F.);
#1986 = CYLINDRICAL_SURFACE('',#1987,2.E-02);
#1987 = AXIS2_PLACEMENT_3D('',#1988,#1989,#1990);
#1988 = CARTESIAN_POINT('',(3.605,0.,-2.47));
#1989 = DIRECTION('',(0.,1.,0.));
#1990 = DIRECTION('',(1.,0.,-0.));
#1991 = ADVANCED_FACE('',(#1992),#2010,.F.);
#1992 = FACE_BOUND('',#1993,.T.);
#1993 = EDGE_LOOP('',(#1994,#2002,#2003,#2004));
#1994 = ORIENTED_EDGE('',*,*,#1995,.F.);
#1995 = EDGE_CURVE('',#1572,#1996,#1998,.T.);
#1996 = VERTEX_POINT('',#1997);
#1997 = CARTESIAN_POINT('',(3.625,-8.E-02,-2.93));
#1998 = LINE('',#1999,#2000);
#1999 = CARTESIAN_POINT('',(3.625,0.,-2.93));
#2000 = VECTOR('',#2001,1.);
#2001 = DIRECTION('',(-0.,-1.,0.));
#2002 = ORIENTED_EDGE('',*,*,#1571,.F.);
#2003 = ORIENTED_EDGE('',*,*,#1980,.T.);
#2004 = ORIENTED_EDGE('',*,*,#2005,.F.);
#2005 = EDGE_CURVE('',#1996,#1972,#2006,.T.);
#2006 = LINE('',#2007,#2008);
#2007 = CARTESIAN_POINT('',(3.625,-8.E-02,-12.7));
#2008 = VECTOR('',#2009,1.);
#2009 = DIRECTION('',(-0.,0.,1.));
#2010 = PLANE('',#2011);
#2011 = AXIS2_PLACEMENT_3D('',#2012,#2013,#2014);
#2012 = CARTESIAN_POINT('',(3.625,0.,-2.95));
#2013 = DIRECTION('',(-1.,-0.,-0.));
#2014 = DIRECTION('',(0.,0.,-1.));
#2015 = ADVANCED_FACE('',(#2016),#2043,.T.);
#2016 = FACE_BOUND('',#2017,.T.);
#2017 = EDGE_LOOP('',(#2018,#2027,#2035,#2042));
#2018 = ORIENTED_EDGE('',*,*,#2019,.T.);
#2019 = EDGE_CURVE('',#1972,#2020,#2022,.T.);
#2020 = VERTEX_POINT('',#2021);
#2021 = CARTESIAN_POINT('',(3.605,-0.1,-2.47));
#2022 = CIRCLE('',#2023,2.E-02);
#2023 = AXIS2_PLACEMENT_3D('',#2024,#2025,#2026);
#2024 = CARTESIAN_POINT('',(3.605,-8.E-02,-2.47));
#2025 = DIRECTION('',(0.,0.,-1.));
#2026 = DIRECTION('',(1.,-0.,0.));
#2027 = ORIENTED_EDGE('',*,*,#2028,.F.);
#2028 = EDGE_CURVE('',#2029,#2020,#2031,.T.);
#2029 = VERTEX_POINT('',#2030);
#2030 = CARTESIAN_POINT('',(3.605,-0.1,-2.93));
#2031 = LINE('',#2032,#2033);
#2032 = CARTESIAN_POINT('',(3.605,-1.E-01,-12.7));
#2033 = VECTOR('',#2034,1.);
#2034 = DIRECTION('',(-0.,0.,1.));
#2035 = ORIENTED_EDGE('',*,*,#2036,.F.);
#2036 = EDGE_CURVE('',#1996,#2029,#2037,.T.);
#2037 = CIRCLE('',#2038,2.E-02);
#2038 = AXIS2_PLACEMENT_3D('',#2039,#2040,#2041);
#2039 = CARTESIAN_POINT('',(3.605,-8.E-02,-2.93));
#2040 = DIRECTION('',(0.,0.,-1.));
#2041 = DIRECTION('',(1.,-0.,0.));
#2042 = ORIENTED_EDGE('',*,*,#2005,.T.);
#2043 = CYLINDRICAL_SURFACE('',#2044,2.E-02);
#2044 = AXIS2_PLACEMENT_3D('',#2045,#2046,#2047);
#2045 = CARTESIAN_POINT('',(3.605,-8.E-02,-12.7));
#2046 = DIRECTION('',(-0.,0.,1.));
#2047 = DIRECTION('',(1.,0.,0.));
#2048 = ADVANCED_FACE('',(#2049),#2138,.F.);
#2049 = FACE_BOUND('',#2050,.T.);
#2050 = EDGE_LOOP('',(#2051,#2059,#2067,#2075,#2083,#2091,#2099,#2107,
    #2115,#2123,#2131,#2137));
#2051 = ORIENTED_EDGE('',*,*,#2052,.T.);
#2052 = EDGE_CURVE('',#2020,#2053,#2055,.T.);
#2053 = VERTEX_POINT('',#2054);
#2054 = CARTESIAN_POINT('',(2.855,-1.E-01,-2.47));
#2055 = LINE('',#2056,#2057);
#2056 = CARTESIAN_POINT('',(0.,-1.E-01,-2.47));
#2057 = VECTOR('',#2058,1.);
#2058 = DIRECTION('',(-1.,0.,0.));
#2059 = ORIENTED_EDGE('',*,*,#2060,.T.);
#2060 = EDGE_CURVE('',#2053,#2061,#2063,.T.);
#2061 = VERTEX_POINT('',#2062);
#2062 = CARTESIAN_POINT('',(2.855,-0.1,-1.72));
#2063 = LINE('',#2064,#2065);
#2064 = CARTESIAN_POINT('',(2.855,-1.E-01,-12.7));
#2065 = VECTOR('',#2066,1.);
#2066 = DIRECTION('',(-0.,0.,1.));
#2067 = ORIENTED_EDGE('',*,*,#2068,.T.);
#2068 = EDGE_CURVE('',#2061,#2069,#2071,.T.);
#2069 = VERTEX_POINT('',#2070);
#2070 = CARTESIAN_POINT('',(2.395,-0.1,-1.72));
#2071 = LINE('',#2072,#2073);
#2072 = CARTESIAN_POINT('',(0.,-1.E-01,-1.72));
#2073 = VECTOR('',#2074,1.);
#2074 = DIRECTION('',(-1.,0.,0.));
#2075 = ORIENTED_EDGE('',*,*,#2076,.T.);
#2076 = EDGE_CURVE('',#2069,#2077,#2079,.T.);
#2077 = VERTEX_POINT('',#2078);
#2078 = CARTESIAN_POINT('',(2.395,-1.E-01,-2.47));
#2079 = LINE('',#2080,#2081);
#2080 = CARTESIAN_POINT('',(2.395,-1.E-01,-12.7));
#2081 = VECTOR('',#2082,1.);
#2082 = DIRECTION('',(0.,0.,-1.));
#2083 = ORIENTED_EDGE('',*,*,#2084,.T.);
#2084 = EDGE_CURVE('',#2077,#2085,#2087,.T.);
#2085 = VERTEX_POINT('',#2086);
#2086 = CARTESIAN_POINT('',(1.645,-0.1,-2.47));
#2087 = LINE('',#2088,#2089);
#2088 = CARTESIAN_POINT('',(0.,-1.E-01,-2.47));
#2089 = VECTOR('',#2090,1.);
#2090 = DIRECTION('',(-1.,0.,0.));
#2091 = ORIENTED_EDGE('',*,*,#2092,.T.);
#2092 = EDGE_CURVE('',#2085,#2093,#2095,.T.);
#2093 = VERTEX_POINT('',#2094);
#2094 = CARTESIAN_POINT('',(1.645,-0.1,-2.93));
#2095 = LINE('',#2096,#2097);
#2096 = CARTESIAN_POINT('',(1.645,-1.E-01,-12.7));
#2097 = VECTOR('',#2098,1.);
#2098 = DIRECTION('',(0.,0.,-1.));
#2099 = ORIENTED_EDGE('',*,*,#2100,.T.);
#2100 = EDGE_CURVE('',#2093,#2101,#2103,.T.);
#2101 = VERTEX_POINT('',#2102);
#2102 = CARTESIAN_POINT('',(2.395,-1.E-01,-2.93));
#2103 = LINE('',#2104,#2105);
#2104 = CARTESIAN_POINT('',(0.,-1.E-01,-2.93));
#2105 = VECTOR('',#2106,1.);
#2106 = DIRECTION('',(1.,0.,-0.));
#2107 = ORIENTED_EDGE('',*,*,#2108,.T.);
#2108 = EDGE_CURVE('',#2101,#2109,#2111,.T.);
#2109 = VERTEX_POINT('',#2110);
#2110 = CARTESIAN_POINT('',(2.395,-0.1,-3.68));
#2111 = LINE('',#2112,#2113);
#2112 = CARTESIAN_POINT('',(2.395,-1.E-01,-12.7));
#2113 = VECTOR('',#2114,1.);
#2114 = DIRECTION('',(0.,0.,-1.));
#2115 = ORIENTED_EDGE('',*,*,#2116,.T.);
#2116 = EDGE_CURVE('',#2109,#2117,#2119,.T.);
#2117 = VERTEX_POINT('',#2118);
#2118 = CARTESIAN_POINT('',(2.855,-1.E-01,-3.68));
#2119 = LINE('',#2120,#2121);
#2120 = CARTESIAN_POINT('',(0.,-1.E-01,-3.68));
#2121 = VECTOR('',#2122,1.);
#2122 = DIRECTION('',(1.,0.,-0.));
#2123 = ORIENTED_EDGE('',*,*,#2124,.T.);
#2124 = EDGE_CURVE('',#2117,#2125,#2127,.T.);
#2125 = VERTEX_POINT('',#2126);
#2126 = CARTESIAN_POINT('',(2.855,-1.E-01,-2.93));
#2127 = LINE('',#2128,#2129);
#2128 = CARTESIAN_POINT('',(2.855,-1.E-01,-12.7));
#2129 = VECTOR('',#2130,1.);
#2130 = DIRECTION('',(-0.,0.,1.));
#2131 = ORIENTED_EDGE('',*,*,#2132,.T.);
#2132 = EDGE_CURVE('',#2125,#2029,#2133,.T.);
#2133 = LINE('',#2134,#2135);
#2134 = CARTESIAN_POINT('',(0.,-1.E-01,-2.93));
#2135 = VECTOR('',#2136,1.);
#2136 = DIRECTION('',(1.,0.,-0.));
#2137 = ORIENTED_EDGE('',*,*,#2028,.T.);
#2138 = PLANE('',#2139);
#2139 = AXIS2_PLACEMENT_3D('',#2140,#2141,#2142);
#2140 = CARTESIAN_POINT('',(2.625,-1.E-01,-6.45));
#2141 = DIRECTION('',(-0.,1.,0.));
#2142 = DIRECTION('',(1.,0.,0.));
#2143 = ADVANCED_FACE('',(#2144),#2184,.T.);
#2144 = FACE_BOUND('',#2145,.T.);
#2145 = EDGE_LOOP('',(#2146,#2175,#2176,#2183));
#2146 = ORIENTED_EDGE('',*,*,#2147,.F.);
#2147 = EDGE_CURVE('',#2053,#1940,#2148,.T.);
#2148 = B_SPLINE_CURVE_WITH_KNOTS('',3,(#2149,#2150,#2151,#2152,#2153,
    #2154,#2155,#2156,#2157,#2158,#2159,#2160,#2161,#2162,#2163,#2164,
    #2165,#2166,#2167,#2168,#2169,#2170,#2171,#2172,#2173,#2174),
  .UNSPECIFIED.,.F.,.F.,(4,2,2,2,2,2,2,2,2,2,2,2,4),(0.,
    6.74436978009E-03,1.344063482172E-02,2.00257966016E-02,
    2.644424373408E-02,3.022738706433E-02,3.389593709108E-02,
    3.741682421469E-02,4.076765252036E-02,4.338123822379E-02,
    4.58516878663E-02,4.989189666196E-02,5.27337383761E-02),
  .UNSPECIFIED.);
#2149 = CARTESIAN_POINT('',(2.855,-1.E-01,-2.47));
#2150 = CARTESIAN_POINT('',(2.857010571271,-1.E-01,-2.468993701266));
#2151 = CARTESIAN_POINT('',(2.859021402683,-9.992452743295E-02,
    -2.467989298659));
#2152 = CARTESIAN_POINT('',(2.863019732811,-9.961978715701E-02,
    -2.465990133594));
#2153 = CARTESIAN_POINT('',(2.865006565181,-9.939177402328E-02,
    -2.46499671741));
#2154 = CARTESIAN_POINT('',(2.868928222027,-9.877603683778E-02,
    -2.463035888987));
#2155 = CARTESIAN_POINT('',(2.870862130974,-9.83913828975E-02,
    -2.462068934518));
#2156 = CARTESIAN_POINT('',(2.874647361108,-9.745230172233E-02,
    -2.460176319451));
#2157 = CARTESIAN_POINT('',(2.876498113444,-9.690311827523E-02,
    -2.459250943278));
#2158 = CARTESIAN_POINT('',(2.87939444892,-9.586394122922E-02,
    -2.45780277554));
#2159 = CARTESIAN_POINT('',(2.8804578926,-9.544228966043E-02,
    -2.4572710537));
#2160 = CARTESIAN_POINT('',(2.882523895975,-9.452824536698E-02,
    -2.456238052013));
#2161 = CARTESIAN_POINT('',(2.883526759297,-9.40387255756E-02,
    -2.455736620351));
#2162 = CARTESIAN_POINT('',(2.885452740994,-9.298636452101E-02,
    -2.454773629503));
#2163 = CARTESIAN_POINT('',(2.886376737117,-9.242779287495E-02,
    -2.454311631442));
#2164 = CARTESIAN_POINT('',(2.888125363731,-9.123380233592E-02,
    -2.453437318135));
#2165 = CARTESIAN_POINT('',(2.888951722215,-9.060421356898E-02,
    -2.453024138892));
#2166 = CARTESIAN_POINT('',(2.890351693888,-8.937801822957E-02,
    -2.452324153056));
#2167 = CARTESIAN_POINT('',(2.890939952059,-8.88053565036E-02,
    -2.452030023971));
#2168 = CARTESIAN_POINT('',(2.892013865651,-8.760916399245E-02,
    -2.451493067174));
#2169 = CARTESIAN_POINT('',(2.892502358494,-8.699124126109E-02,
    -2.451248820753));
#2170 = CARTESIAN_POINT('',(2.893663371452,-8.525175195125E-02,
    -2.450668314274));
#2171 = CARTESIAN_POINT('',(2.894250790857,-8.40640086566E-02,
    -2.450374604572));
#2172 = CARTESIAN_POINT('',(2.894864056608,-8.188212579588E-02,
    -2.450067971696));
#2173 = CARTESIAN_POINT('',(2.894999551997,-8.094441568377E-02,-2.45));
#2174 = CARTESIAN_POINT('',(2.895,-8.E-02,-2.45));
#2175 = ORIENTED_EDGE('',*,*,#2052,.F.);
#2176 = ORIENTED_EDGE('',*,*,#2177,.T.);
#2177 = EDGE_CURVE('',#2020,#1948,#2178,.T.);
#2178 = CIRCLE('',#2179,2.E-02);
#2179 = AXIS2_PLACEMENT_3D('',#2180,#2181,#2182);
#2180 = CARTESIAN_POINT('',(3.605,-8.E-02,-2.47));
#2181 = DIRECTION('',(-1.,0.,0.));
#2182 = DIRECTION('',(0.,1.,0.));
#2183 = ORIENTED_EDGE('',*,*,#1947,.T.);
#2184 = CYLINDRICAL_SURFACE('',#2185,2.E-02);
#2185 = AXIS2_PLACEMENT_3D('',#2186,#2187,#2188);
#2186 = CARTESIAN_POINT('',(0.,-8.E-02,-2.47));
#2187 = DIRECTION('',(-1.,0.,0.));
#2188 = DIRECTION('',(0.,1.,0.));
#2189 = ADVANCED_FACE('',(#2190),#2231,.T.);
#2190 = FACE_BOUND('',#2191,.T.);
#2191 = EDGE_LOOP('',(#2192,#2193,#2202));
#2192 = ORIENTED_EDGE('',*,*,#2147,.T.);
#2193 = ORIENTED_EDGE('',*,*,#2194,.F.);
#2194 = EDGE_CURVE('',#2195,#1940,#2197,.T.);
#2195 = VERTEX_POINT('',#2196);
#2196 = CARTESIAN_POINT('',(2.875,-8.E-02,-2.43));
#2197 = ( BOUNDED_CURVE() B_SPLINE_CURVE(3,(#2198,#2199,#2200,#2201),
.UNSPECIFIED.,.F.,.F.) B_SPLINE_CURVE_WITH_KNOTS((4,4),(0.,1.),
.PIECEWISE_BEZIER_KNOTS.) CURVE() GEOMETRIC_REPRESENTATION_ITEM() 
RATIONAL_B_SPLINE_CURVE((1.,0.804737854124,0.804737854124,1.)) 
REPRESENTATION_ITEM('') );
#2198 = CARTESIAN_POINT('',(2.875,-8.E-02,-2.43));
#2199 = CARTESIAN_POINT('',(2.875,-8.E-02,-2.441715728753));
#2200 = CARTESIAN_POINT('',(2.883284271247,-8.E-02,-2.45));
#2201 = CARTESIAN_POINT('',(2.895,-8.E-02,-2.45));
#2202 = ORIENTED_EDGE('',*,*,#2203,.F.);
#2203 = EDGE_CURVE('',#2053,#2195,#2204,.T.);
#2204 = B_SPLINE_CURVE_WITH_KNOTS('',3,(#2205,#2206,#2207,#2208,#2209,
    #2210,#2211,#2212,#2213,#2214,#2215,#2216,#2217,#2218,#2219,#2220,
    #2221,#2222,#2223,#2224,#2225,#2226,#2227,#2228,#2229,#2230),
  .UNSPECIFIED.,.F.,.F.,(4,2,2,2,2,2,2,2,2,2,2,2,4),(0.,
    6.74436978009E-03,1.344063482172E-02,2.00257966016E-02,
    2.644424373408E-02,3.022738706433E-02,3.389593709108E-02,
    3.741682421469E-02,4.076765252036E-02,4.338123822379E-02,
    4.58516878663E-02,4.989189666196E-02,5.27337383761E-02),
  .UNSPECIFIED.);
#2205 = CARTESIAN_POINT('',(2.855,-1.E-01,-2.47));
#2206 = CARTESIAN_POINT('',(2.856006298734,-1.E-01,-2.467989428729));
#2207 = CARTESIAN_POINT('',(2.857010701341,-9.992452743295E-02,
    -2.465978597317));
#2208 = CARTESIAN_POINT('',(2.859009866406,-9.961978715701E-02,
    -2.461980267189));
#2209 = CARTESIAN_POINT('',(2.86000328259,-9.939177402328E-02,
    -2.459993434819));
#2210 = CARTESIAN_POINT('',(2.861964111013,-9.877603683778E-02,
    -2.456071777973));
#2211 = CARTESIAN_POINT('',(2.862931065482,-9.83913828975E-02,
    -2.454137869026));
#2212 = CARTESIAN_POINT('',(2.864823680549,-9.745230172233E-02,
    -2.450352638892));
#2213 = CARTESIAN_POINT('',(2.865749056722,-9.690311827523E-02,
    -2.448501886556));
#2214 = CARTESIAN_POINT('',(2.86719722446,-9.586394122922E-02,
    -2.44560555108));
#2215 = CARTESIAN_POINT('',(2.8677289463,-9.544228966043E-02,
    -2.4445421074));
#2216 = CARTESIAN_POINT('',(2.868761947987,-9.452824536698E-02,
    -2.442476104025));
#2217 = CARTESIAN_POINT('',(2.869263379649,-9.40387255756E-02,
    -2.441473240703));
#2218 = CARTESIAN_POINT('',(2.870226370497,-9.298636452101E-02,
    -2.439547259006));
#2219 = CARTESIAN_POINT('',(2.870688368558,-9.242779287495E-02,
    -2.438623262883));
#2220 = CARTESIAN_POINT('',(2.871562681865,-9.123380233592E-02,
    -2.436874636269));
#2221 = CARTESIAN_POINT('',(2.871975861108,-9.060421356898E-02,
    -2.436048277785));
#2222 = CARTESIAN_POINT('',(2.872675846944,-8.937801822957E-02,
    -2.434648306112));
#2223 = CARTESIAN_POINT('',(2.872969976029,-8.88053565036E-02,
    -2.434060047941));
#2224 = CARTESIAN_POINT('',(2.873506932826,-8.760916399245E-02,
    -2.432986134349));
#2225 = CARTESIAN_POINT('',(2.873751179247,-8.699124126109E-02,
    -2.432497641506));
#2226 = CARTESIAN_POINT('',(2.874331685726,-8.525175195125E-02,
    -2.431336628548));
#2227 = CARTESIAN_POINT('',(2.874625395428,-8.40640086566E-02,
    -2.430749209143));
#2228 = CARTESIAN_POINT('',(2.874932028304,-8.188212579588E-02,
    -2.430135943392));
#2229 = CARTESIAN_POINT('',(2.875,-8.094441568377E-02,-2.430000448003));
#2230 = CARTESIAN_POINT('',(2.875,-8.E-02,-2.43));
#2231 = ( BOUNDED_SURFACE() B_SPLINE_SURFACE(3,3,(
    (#2232,#2233,#2234,#2235)
    ,(#2236,#2237,#2238,#2239)
    ,(#2240,#2241,#2242,#2243)
    ,(#2244,#2245,#2246,#2247)
    ,(#2248,#2249,#2250,#2251)
    ,(#2252,#2253,#2254,#2255)
    ,(#2256,#2257,#2258,#2259)
    ,(#2260,#2261,#2262,#2263)
    ,(#2264,#2265,#2266,#2267)
    ,(#2268,#2269,#2270,#2271)
    ,(#2272,#2273,#2274,#2275)
    ,(#2276,#2277,#2278,#2279)
    ,(#2280,#2281,#2282,#2283)
    ,(#2284,#2285,#2286,#2287)
    ,(#2288,#2289,#2290,#2291)
    ,(#2292,#2293,#2294,#2295)
    ,(#2296,#2297,#2298,#2299)
    ,(#2300,#2301,#2302,#2303)
    ,(#2304,#2305,#2306,#2307)
    ,(#2308,#2309,#2310,#2311)
    ,(#2312,#2313,#2314,#2315)
    ,(#2316,#2317,#2318,#2319)
    ,(#2320,#2321,#2322,#2323)
    ,(#2324,#2325,#2326,#2327)
    ,(#2328,#2329,#2330,#2331)
    ,(#2332,#2333,#2334,#2335
)),.UNSPECIFIED.,.F.,.F.,.F.) B_SPLINE_SURFACE_WITH_KNOTS((4,2,2,2,2,2,2
    ,2,2,2,2,2,4),(4,4),(0.,6.74436978009E-03,1.344063482172E-02,
    2.00257966016E-02,2.644424373408E-02,3.022738706433E-02,
    3.389593709108E-02,3.741682421469E-02,4.076765252036E-02,
    4.338123822379E-02,4.58516878663E-02,4.989189666196E-02,
    5.27337383761E-02),(0.,1.),.UNSPECIFIED.) 
GEOMETRIC_REPRESENTATION_ITEM() RATIONAL_B_SPLINE_SURFACE((
    (1.,1.,1.,1.)
    ,(1.,0.999972950081,0.999972950081,1.)
    ,(1.,0.998717336724,0.998717336724,1.)
    ,(1.,0.993663543098,0.993663543098,1.)
    ,(1.,0.989894364971,0.989894364971,1.)
    ,(1.,0.979869518291,0.979869518291,1.)
    ,(1.,0.973664088822,0.973664088822,1.)
    ,(1.,0.958907749686,0.958907749686,1.)
    ,(1.,0.950411675265,0.950411675265,1.)
    ,(1.,0.934982195566,0.934982195566,1.)
    ,(1.,0.92883387919,0.92883387919,1.)
    ,(1.,0.91591213328,0.91591213328,1.)
    ,(1.,0.909172729193,0.909172729193,1.)
    ,(1.,0.895291406093,0.895291406093,1.)
    ,(1.,0.888182320558,0.888182320558,1.)
    ,(1.,0.87387236405,0.87387236405,1.)
    ,(1.,0.866692350744,0.866692350744,1.)
    ,(1.,0.853860976554,0.853860976554,1.)
    ,(1.,0.848224329302,0.848224329302,1.)
    ,(1.,0.837519335925,0.837519335925,1.)
    ,(1.,0.832463622936,0.832463622936,1.)
    ,(1.,0.820163737261,0.820163737261,1.)
    ,(1.,0.813533988867,0.813533988867,1.)
    ,(1.,0.806413486823,0.806413486823,1.)
    ,(1.,0.804829107312,0.804829107312,1.)
,(1.,0.804737854124,0.804737854124,1.
))) REPRESENTATION_ITEM('') SURFACE() );
#2232 = CARTESIAN_POINT('',(2.855,-1.E-01,-2.47));
#2233 = CARTESIAN_POINT('',(2.855,-1.E-01,-2.47));
#2234 = CARTESIAN_POINT('',(2.855,-1.E-01,-2.47));
#2235 = CARTESIAN_POINT('',(2.855,-1.E-01,-2.47));
#2236 = CARTESIAN_POINT('',(2.857010571271,-1.E-01,-2.468993701266));
#2237 = CARTESIAN_POINT('',(2.85667197521,-9.999988455441E-02,
    -2.46866278615));
#2238 = CARTESIAN_POINT('',(2.85633721385,-9.99998845544E-02,
    -2.46832802479));
#2239 = CARTESIAN_POINT('',(2.856006298734,-1.E-01,-2.467989428729));
#2240 = CARTESIAN_POINT('',(2.859021402683,-9.992452743295E-02,
    -2.467989298659));
#2241 = CARTESIAN_POINT('',(2.858355239129,-9.987308481824E-02,
    -2.467315008907));
#2242 = CARTESIAN_POINT('',(2.857684991093,-9.987308481824E-02,
    -2.466644760871));
#2243 = CARTESIAN_POINT('',(2.857010701341,-9.992452743295E-02,
    -2.465978597317));
#2244 = CARTESIAN_POINT('',(2.863019732811,-9.961978715701E-02,
    -2.465990133594));
#2245 = CARTESIAN_POINT('',(2.861659896769,-9.936951662036E-02,
    -2.46468439826));
#2246 = CARTESIAN_POINT('',(2.86031560174,-9.936951662036E-02,
    -2.463340103231));
#2247 = CARTESIAN_POINT('',(2.859009866406,-9.961978715701E-02,
    -2.461980267189));
#2248 = CARTESIAN_POINT('',(2.865006565181,-9.939177402328E-02,
    -2.46499671741));
#2249 = CARTESIAN_POINT('',(2.863305157946,-9.899079098479E-02,
    -2.463377886741));
#2250 = CARTESIAN_POINT('',(2.861622113259,-9.899079098479E-02,
    -2.461694842054));
#2251 = CARTESIAN_POINT('',(2.86000328259,-9.939177402328E-02,
    -2.459993434819));
#2252 = CARTESIAN_POINT('',(2.868928222027,-9.877603683778E-02,
    -2.463035888987));
#2253 = CARTESIAN_POINT('',(2.866485578632,-9.799370161224E-02,
    -2.460881763775));
#2254 = CARTESIAN_POINT('',(2.864118236225,-9.799370161224E-02,
    -2.458514421368));
#2255 = CARTESIAN_POINT('',(2.861964111013,-9.877603683778E-02,
    -2.456071777973));
#2256 = CARTESIAN_POINT('',(2.870862130974,-9.83913828975E-02,
    -2.462068934518));
#2257 = CARTESIAN_POINT('',(2.868048721723,-9.737061214666E-02,
    -2.459663778719));
#2258 = CARTESIAN_POINT('',(2.865336221281,-9.737061214666E-02,
    -2.456951278277));
#2259 = CARTESIAN_POINT('',(2.862931065482,-9.83913828975E-02,
    -2.454137869026));
#2260 = CARTESIAN_POINT('',(2.874647361108,-9.745230172233E-02,
    -2.460176319451));
#2261 = CARTESIAN_POINT('',(2.871010271849,-9.590714405975E-02,
    -2.457401994834));
#2262 = CARTESIAN_POINT('',(2.867598005166,-9.590714405975E-02,
    -2.453989728151));
#2263 = CARTESIAN_POINT('',(2.864823680549,-9.745230172233E-02,
    -2.450352638892));
#2264 = CARTESIAN_POINT('',(2.876498113444,-9.690311827523E-02,
    -2.459250943278));
#2265 = CARTESIAN_POINT('',(2.872433516709,-9.506317929687E-02,
    -2.456332735641));
#2266 = CARTESIAN_POINT('',(2.868667264359,-9.506317929687E-02,
    -2.452566483291));
#2267 = CARTESIAN_POINT('',(2.865749056722,-9.690311827523E-02,
    -2.448501886556));
#2268 = CARTESIAN_POINT('',(2.87939444892,-9.586394122922E-02,
    -2.45780277554));
#2269 = CARTESIAN_POINT('',(2.87458217165,-9.35341559E-02,
    -2.454764977926));
#2270 = CARTESIAN_POINT('',(2.870235022074,-9.35341559E-02,
    -2.45041782835));
#2271 = CARTESIAN_POINT('',(2.86719722446,-9.586394122922E-02,
    -2.44560555108));
#2272 = CARTESIAN_POINT('',(2.8804578926,-9.544228966043E-02,
    -2.4572710537));
#2273 = CARTESIAN_POINT('',(2.875350944657,-9.292845495238E-02,
    -2.454215553399));
#2274 = CARTESIAN_POINT('',(2.870784446601,-9.292845495238E-02,
    -2.449649055343));
#2275 = CARTESIAN_POINT('',(2.8677289463,-9.544228966043E-02,
    -2.4445421074));
#2276 = CARTESIAN_POINT('',(2.882523895975,-9.452824536698E-02,
    -2.456238052013));
#2277 = CARTESIAN_POINT('',(2.876795979908,-9.166559504068E-02,
    -2.453210977638));
#2278 = CARTESIAN_POINT('',(2.871789022362,-9.166559504068E-02,
    -2.448204020092));
#2279 = CARTESIAN_POINT('',(2.868761947987,-9.452824536698E-02,
    -2.442476104025));
#2280 = CARTESIAN_POINT('',(2.883526759297,-9.40387255756E-02,
    -2.455736620351));
#2281 = CARTESIAN_POINT('',(2.877480780684,-9.100404788052E-02,
    -2.452746908562));
#2282 = CARTESIAN_POINT('',(2.872253091438,-9.100404788052E-02,
    -2.447519219316));
#2283 = CARTESIAN_POINT('',(2.869263379649,-9.40387255756E-02,
    -2.441473240703));
#2284 = CARTESIAN_POINT('',(2.885452740994,-9.298636452101E-02,
    -2.454773629503));
#2285 = CARTESIAN_POINT('',(2.878731723806,-8.966174249559E-02,
    -2.451935686267));
#2286 = CARTESIAN_POINT('',(2.873064313733,-8.966174249559E-02,
    -2.446268276194));
#2287 = CARTESIAN_POINT('',(2.870226370497,-9.298636452101E-02,
    -2.439547259006));
#2288 = CARTESIAN_POINT('',(2.886376737117,-9.242779287495E-02,
    -2.454311631442));
#2289 = CARTESIAN_POINT('',(2.879311462104,-8.897168378324E-02,
    -2.451574533902));
#2290 = CARTESIAN_POINT('',(2.873425466098,-8.897168378324E-02,
    -2.445688537896));
#2291 = CARTESIAN_POINT('',(2.870688368558,-9.242779287495E-02,
    -2.438623262883));
#2292 = CARTESIAN_POINT('',(2.888125363731,-9.123380233592E-02,
    -2.453437318135));
#2293 = CARTESIAN_POINT('',(2.880338540861,-8.760625349371E-02,
    -2.45097750059));
#2294 = CARTESIAN_POINT('',(2.87402249941,-8.760625349371E-02,
    -2.444661459139));
#2295 = CARTESIAN_POINT('',(2.871562681865,-9.123380233592E-02,
    -2.436874636269));
#2296 = CARTESIAN_POINT('',(2.888951722215,-9.060421356898E-02,
    -2.453024138892));
#2297 = CARTESIAN_POINT('',(2.880797095951,-8.692411503674E-02,
    -2.450730135576));
#2298 = CARTESIAN_POINT('',(2.874269864424,-8.692411503674E-02,
    -2.444202904049));
#2299 = CARTESIAN_POINT('',(2.871975861108,-9.060421356898E-02,
    -2.436048277785));
#2300 = CARTESIAN_POINT('',(2.890351693888,-8.937801822957E-02,
    -2.452324153056));
#2301 = CARTESIAN_POINT('',(2.881519743512,-8.570743871258E-02,
    -2.450379530624));
#2302 = CARTESIAN_POINT('',(2.874620469376,-8.570743871258E-02,
    -2.443480256488));
#2303 = CARTESIAN_POINT('',(2.872675846944,-8.937801822957E-02,
    -2.434648306112));
#2304 = CARTESIAN_POINT('',(2.890939952059,-8.88053565036E-02,
    -2.452030023971));
#2305 = CARTESIAN_POINT('',(2.881801282131,-8.517934128893E-02,
    -2.4502594971));
#2306 = CARTESIAN_POINT('',(2.8747405029,-8.517934128893E-02,
    -2.443198717869));
#2307 = CARTESIAN_POINT('',(2.872969976029,-8.88053565036E-02,
    -2.434060047941));
#2308 = CARTESIAN_POINT('',(2.892013865651,-8.760916399245E-02,
    -2.451493067174));
#2309 = CARTESIAN_POINT('',(2.882279022949,-8.417285156848E-02,
    -2.450085814784));
#2310 = CARTESIAN_POINT('',(2.874914185216,-8.417285156848E-02,
    -2.442720977051));
#2311 = CARTESIAN_POINT('',(2.873506932826,-8.760916399245E-02,
    -2.432986134349));
#2312 = CARTESIAN_POINT('',(2.892502358494,-8.699124126109E-02,
    -2.451248820753));
#2313 = CARTESIAN_POINT('',(2.882482328892,-8.368245595131E-02,
    -2.450025225543));
#2314 = CARTESIAN_POINT('',(2.874974774457,-8.368245595131E-02,
    -2.442517671108));
#2315 = CARTESIAN_POINT('',(2.873751179247,-8.699124126109E-02,
    -2.432497641506));
#2316 = CARTESIAN_POINT('',(2.893663371452,-8.525175195125E-02,
    -2.450668314274));
#2317 = CARTESIAN_POINT('',(2.882904520161,-8.251284121769E-02,
    -2.449950235264));
#2318 = CARTESIAN_POINT('',(2.875049764736,-8.251284121769E-02,
    -2.442095479839));
#2319 = CARTESIAN_POINT('',(2.874331685726,-8.525175195125E-02,
    -2.431336628548));
#2320 = CARTESIAN_POINT('',(2.894250790857,-8.40640086566E-02,
    -2.450374604572));
#2321 = CARTESIAN_POINT('',(2.883076798178,-8.1877164194E-02,
    -2.449963757762));
#2322 = CARTESIAN_POINT('',(2.875036242238,-8.1877164194E-02,
    -2.441923201822));
#2323 = CARTESIAN_POINT('',(2.874625395428,-8.40640086566E-02,
    -2.430749209143));
#2324 = CARTESIAN_POINT('',(2.894864056608,-8.188212579588E-02,
    -2.450067971696));
#2325 = CARTESIAN_POINT('',(2.883257839832,-8.075816592084E-02,
    -2.449980870474));
#2326 = CARTESIAN_POINT('',(2.875019129526,-8.075816592084E-02,
    -2.441742160168));
#2327 = CARTESIAN_POINT('',(2.874932028304,-8.188212579588E-02,
    -2.430135943392));
#2328 = CARTESIAN_POINT('',(2.894999551997,-8.094441568377E-02,-2.45));
#2329 = CARTESIAN_POINT('',(2.883285364991,-8.03504057542E-02,
    -2.449997824718));
#2330 = CARTESIAN_POINT('',(2.875002175282,-8.03504057542E-02,
    -2.441714635009));
#2331 = CARTESIAN_POINT('',(2.875,-8.094441568377E-02,-2.430000448003));
#2332 = CARTESIAN_POINT('',(2.895,-8.E-02,-2.45));
#2333 = CARTESIAN_POINT('',(2.883284271247,-8.E-02,-2.45));
#2334 = CARTESIAN_POINT('',(2.875,-8.E-02,-2.441715728753));
#2335 = CARTESIAN_POINT('',(2.875,-8.E-02,-2.43));
#2336 = ADVANCED_FACE('',(#2337),#2356,.T.);
#2337 = FACE_BOUND('',#2338,.T.);
#2338 = EDGE_LOOP('',(#2339,#2340,#2348,#2355));
#2339 = ORIENTED_EDGE('',*,*,#2203,.T.);
#2340 = ORIENTED_EDGE('',*,*,#2341,.T.);
#2341 = EDGE_CURVE('',#2195,#2342,#2344,.T.);
#2342 = VERTEX_POINT('',#2343);
#2343 = CARTESIAN_POINT('',(2.875,-8.E-02,-1.72));
#2344 = LINE('',#2345,#2346);
#2345 = CARTESIAN_POINT('',(2.875,-8.E-02,-12.7));
#2346 = VECTOR('',#2347,1.);
#2347 = DIRECTION('',(-0.,0.,1.));
#2348 = ORIENTED_EDGE('',*,*,#2349,.T.);
#2349 = EDGE_CURVE('',#2342,#2061,#2350,.T.);
#2350 = CIRCLE('',#2351,2.E-02);
#2351 = AXIS2_PLACEMENT_3D('',#2352,#2353,#2354);
#2352 = CARTESIAN_POINT('',(2.855,-8.E-02,-1.72));
#2353 = DIRECTION('',(0.,0.,-1.));
#2354 = DIRECTION('',(1.,-0.,0.));
#2355 = ORIENTED_EDGE('',*,*,#2060,.F.);
#2356 = CYLINDRICAL_SURFACE('',#2357,2.E-02);
#2357 = AXIS2_PLACEMENT_3D('',#2358,#2359,#2360);
#2358 = CARTESIAN_POINT('',(2.855,-8.E-02,-12.7));
#2359 = DIRECTION('',(-0.,0.,1.));
#2360 = DIRECTION('',(1.,0.,0.));
#2361 = ADVANCED_FACE('',(#2362),#2386,.T.);
#2362 = FACE_BOUND('',#2363,.T.);
#2363 = EDGE_LOOP('',(#2364,#2372,#2379,#2385));
#2364 = ORIENTED_EDGE('',*,*,#2365,.F.);
#2365 = EDGE_CURVE('',#2366,#1725,#2368,.T.);
#2366 = VERTEX_POINT('',#2367);
#2367 = CARTESIAN_POINT('',(2.855,-8.E-02,-1.7));
#2368 = LINE('',#2369,#2370);
#2369 = CARTESIAN_POINT('',(2.855,0.,-1.7));
#2370 = VECTOR('',#2371,1.);
#2371 = DIRECTION('',(0.,1.,0.));
#2372 = ORIENTED_EDGE('',*,*,#2373,.T.);
#2373 = EDGE_CURVE('',#2366,#2342,#2374,.T.);
#2374 = CIRCLE('',#2375,2.E-02);
#2375 = AXIS2_PLACEMENT_3D('',#2376,#2377,#2378);
#2376 = CARTESIAN_POINT('',(2.855,-8.E-02,-1.72));
#2377 = DIRECTION('',(-0.,1.,0.));
#2378 = DIRECTION('',(1.,0.,0.));
#2379 = ORIENTED_EDGE('',*,*,#2380,.T.);
#2380 = EDGE_CURVE('',#2342,#1536,#2381,.T.);
#2381 = LINE('',#2382,#2383);
#2382 = CARTESIAN_POINT('',(2.875,0.,-1.72));
#2383 = VECTOR('',#2384,1.);
#2384 = DIRECTION('',(0.,1.,0.));
#2385 = ORIENTED_EDGE('',*,*,#1732,.F.);
#2386 = CYLINDRICAL_SURFACE('',#2387,2.E-02);
#2387 = AXIS2_PLACEMENT_3D('',#2388,#2389,#2390);
#2388 = CARTESIAN_POINT('',(2.855,0.,-1.72));
#2389 = DIRECTION('',(0.,1.,0.));
#2390 = DIRECTION('',(1.,0.,-0.));
#2391 = ADVANCED_FACE('',(#2392),#2418,.T.);
#2392 = FACE_BOUND('',#2393,.T.);
#2393 = EDGE_LOOP('',(#2394,#2402,#2411,#2417));
#2394 = ORIENTED_EDGE('',*,*,#2395,.T.);
#2395 = EDGE_CURVE('',#1708,#2396,#2398,.T.);
#2396 = VERTEX_POINT('',#2397);
#2397 = CARTESIAN_POINT('',(2.375,-8.E-02,-1.72));
#2398 = LINE('',#2399,#2400);
#2399 = CARTESIAN_POINT('',(2.375,0.,-1.72));
#2400 = VECTOR('',#2401,1.);
#2401 = DIRECTION('',(0.,-1.,0.));
#2402 = ORIENTED_EDGE('',*,*,#2403,.T.);
#2403 = EDGE_CURVE('',#2396,#2404,#2406,.T.);
#2404 = VERTEX_POINT('',#2405);
#2405 = CARTESIAN_POINT('',(2.395,-8.E-02,-1.7));
#2406 = CIRCLE('',#2407,2.E-02);
#2407 = AXIS2_PLACEMENT_3D('',#2408,#2409,#2410);
#2408 = CARTESIAN_POINT('',(2.395,-8.E-02,-1.72));
#2409 = DIRECTION('',(-0.,1.,0.));
#2410 = DIRECTION('',(1.,0.,0.));
#2411 = ORIENTED_EDGE('',*,*,#2412,.F.);
#2412 = EDGE_CURVE('',#1716,#2404,#2413,.T.);
#2413 = LINE('',#2414,#2415);
#2414 = CARTESIAN_POINT('',(2.395,0.,-1.7));
#2415 = VECTOR('',#2416,1.);
#2416 = DIRECTION('',(0.,-1.,0.));
#2417 = ORIENTED_EDGE('',*,*,#1715,.F.);
#2418 = CYLINDRICAL_SURFACE('',#2419,2.E-02);
#2419 = AXIS2_PLACEMENT_3D('',#2420,#2421,#2422);
#2420 = CARTESIAN_POINT('',(2.395,0.,-1.72));
#2421 = DIRECTION('',(0.,1.,0.));
#2422 = DIRECTION('',(1.,0.,-0.));
#2423 = ADVANCED_FACE('',(#2424),#2450,.F.);
#2424 = FACE_BOUND('',#2425,.F.);
#2425 = EDGE_LOOP('',(#2426,#2427,#2435,#2444));
#2426 = ORIENTED_EDGE('',*,*,#1698,.T.);
#2427 = ORIENTED_EDGE('',*,*,#2428,.T.);
#2428 = EDGE_CURVE('',#1699,#2429,#2431,.T.);
#2429 = VERTEX_POINT('',#2430);
#2430 = CARTESIAN_POINT('',(2.375,-8.E-02,-2.43));
#2431 = LINE('',#2432,#2433);
#2432 = CARTESIAN_POINT('',(2.375,0.,-2.43));
#2433 = VECTOR('',#2434,1.);
#2434 = DIRECTION('',(0.,-1.,0.));
#2435 = ORIENTED_EDGE('',*,*,#2436,.F.);
#2436 = EDGE_CURVE('',#2437,#2429,#2439,.T.);
#2437 = VERTEX_POINT('',#2438);
#2438 = CARTESIAN_POINT('',(2.355,-8.E-02,-2.45));
#2439 = ( BOUNDED_CURVE() B_SPLINE_CURVE(3,(#2440,#2441,#2442,#2443),
.UNSPECIFIED.,.F.,.F.) B_SPLINE_CURVE_WITH_KNOTS((4,4),(0.,1.),
.PIECEWISE_BEZIER_KNOTS.) CURVE() GEOMETRIC_REPRESENTATION_ITEM() 
RATIONAL_B_SPLINE_CURVE((1.,0.804737854124,0.804737854124,1.)) 
REPRESENTATION_ITEM('') );
#2440 = CARTESIAN_POINT('',(2.355,-8.E-02,-2.45));
#2441 = CARTESIAN_POINT('',(2.366715728753,-8.E-02,-2.45));
#2442 = CARTESIAN_POINT('',(2.375,-8.E-02,-2.441715728753));
#2443 = CARTESIAN_POINT('',(2.375,-8.E-02,-2.43));
#2444 = ORIENTED_EDGE('',*,*,#2445,.F.);
#2445 = EDGE_CURVE('',#1691,#2437,#2446,.T.);
#2446 = LINE('',#2447,#2448);
#2447 = CARTESIAN_POINT('',(2.355,0.,-2.45));
#2448 = VECTOR('',#2449,1.);
#2449 = DIRECTION('',(0.,-1.,0.));
#2450 = CYLINDRICAL_SURFACE('',#2451,2.E-02);
#2451 = AXIS2_PLACEMENT_3D('',#2452,#2453,#2454);
#2452 = CARTESIAN_POINT('',(2.355,0.,-2.43));
#2453 = DIRECTION('',(0.,-1.,0.));
#2454 = DIRECTION('',(-1.,0.,0.));
#2455 = ADVANCED_FACE('',(#2456),#2517,.T.);
#2456 = FACE_BOUND('',#2457,.T.);
#2457 = EDGE_LOOP('',(#2458,#2487,#2488));
#2458 = ORIENTED_EDGE('',*,*,#2459,.T.);
#2459 = EDGE_CURVE('',#2077,#2429,#2460,.T.);
#2460 = B_SPLINE_CURVE_WITH_KNOTS('',3,(#2461,#2462,#2463,#2464,#2465,
    #2466,#2467,#2468,#2469,#2470,#2471,#2472,#2473,#2474,#2475,#2476,
    #2477,#2478,#2479,#2480,#2481,#2482,#2483,#2484,#2485,#2486),
  .UNSPECIFIED.,.F.,.F.,(4,2,2,2,2,2,2,2,2,2,2,2,4),(0.,
    6.744369780091E-03,1.344063482172E-02,2.00257966016E-02,
    2.644424373407E-02,3.022738706443E-02,3.389593709128E-02,
    3.741682421499E-02,4.076765252073E-02,4.338123822411E-02,
    4.585168786658E-02,4.989189666192E-02,5.273373837605E-02),
  .UNSPECIFIED.);
#2461 = CARTESIAN_POINT('',(2.395,-1.E-01,-2.47));
#2462 = CARTESIAN_POINT('',(2.393993701266,-1.E-01,-2.467989428729));
#2463 = CARTESIAN_POINT('',(2.392989298659,-9.992452743295E-02,
    -2.465978597317));
#2464 = CARTESIAN_POINT('',(2.390990133594,-9.961978715701E-02,
    -2.461980267189));
#2465 = CARTESIAN_POINT('',(2.38999671741,-9.939177402328E-02,
    -2.459993434819));
#2466 = CARTESIAN_POINT('',(2.388035888987,-9.877603683778E-02,
    -2.456071777973));
#2467 = CARTESIAN_POINT('',(2.387068934518,-9.83913828975E-02,
    -2.454137869026));
#2468 = CARTESIAN_POINT('',(2.385176319451,-9.745230172233E-02,
    -2.450352638892));
#2469 = CARTESIAN_POINT('',(2.384250943278,-9.690311827523E-02,
    -2.448501886556));
#2470 = CARTESIAN_POINT('',(2.38280277554,-9.586394122921E-02,
    -2.44560555108));
#2471 = CARTESIAN_POINT('',(2.3822710537,-9.54422896604E-02,
    -2.4445421074));
#2472 = CARTESIAN_POINT('',(2.381238052013,-9.452824536692E-02,
    -2.442476104025));
#2473 = CARTESIAN_POINT('',(2.380736620351,-9.403872557553E-02,
    -2.441473240703));
#2474 = CARTESIAN_POINT('',(2.379773629503,-9.29863645209E-02,
    -2.439547259006));
#2475 = CARTESIAN_POINT('',(2.379311631442,-9.242779287482E-02,
    -2.438623262883));
#2476 = CARTESIAN_POINT('',(2.378437318135,-9.123380233574E-02,
    -2.436874636269));
#2477 = CARTESIAN_POINT('',(2.378024138892,-9.060421356877E-02,
    -2.436048277784));
#2478 = CARTESIAN_POINT('',(2.377324153056,-8.937801822933E-02,
    -2.434648306112));
#2479 = CARTESIAN_POINT('',(2.377030023971,-8.880535650335E-02,
    -2.434060047941));
#2480 = CARTESIAN_POINT('',(2.376493067174,-8.76091639922E-02,
    -2.432986134349));
#2481 = CARTESIAN_POINT('',(2.376248820753,-8.699124126084E-02,
    -2.432497641506));
#2482 = CARTESIAN_POINT('',(2.375668314274,-8.525175195107E-02,
    -2.431336628548));
#2483 = CARTESIAN_POINT('',(2.375374604572,-8.40640086565E-02,
    -2.430749209143));
#2484 = CARTESIAN_POINT('',(2.375067971696,-8.188212579588E-02,
    -2.430135943392));
#2485 = CARTESIAN_POINT('',(2.375,-8.094441568377E-02,-2.430000448003));
#2486 = CARTESIAN_POINT('',(2.375,-8.E-02,-2.43));
#2487 = ORIENTED_EDGE('',*,*,#2436,.F.);
#2488 = ORIENTED_EDGE('',*,*,#2489,.F.);
#2489 = EDGE_CURVE('',#2077,#2437,#2490,.T.);
#2490 = B_SPLINE_CURVE_WITH_KNOTS('',3,(#2491,#2492,#2493,#2494,#2495,
    #2496,#2497,#2498,#2499,#2500,#2501,#2502,#2503,#2504,#2505,#2506,
    #2507,#2508,#2509,#2510,#2511,#2512,#2513,#2514,#2515,#2516),
  .UNSPECIFIED.,.F.,.F.,(4,2,2,2,2,2,2,2,2,2,2,2,4),(0.,
    6.744369780091E-03,1.344063482172E-02,2.00257966016E-02,
    2.644424373407E-02,3.022738706443E-02,3.389593709128E-02,
    3.741682421499E-02,4.076765252073E-02,4.338123822411E-02,
    4.585168786658E-02,4.989189666192E-02,5.273373837605E-02),
  .UNSPECIFIED.);
#2491 = CARTESIAN_POINT('',(2.395,-1.E-01,-2.47));
#2492 = CARTESIAN_POINT('',(2.392989428729,-1.E-01,-2.468993701266));
#2493 = CARTESIAN_POINT('',(2.390978597317,-9.992452743295E-02,
    -2.467989298659));
#2494 = CARTESIAN_POINT('',(2.386980267189,-9.961978715701E-02,
    -2.465990133594));
#2495 = CARTESIAN_POINT('',(2.384993434819,-9.939177402328E-02,
    -2.46499671741));
#2496 = CARTESIAN_POINT('',(2.381071777973,-9.877603683778E-02,
    -2.463035888987));
#2497 = CARTESIAN_POINT('',(2.379137869026,-9.83913828975E-02,
    -2.462068934518));
#2498 = CARTESIAN_POINT('',(2.375352638892,-9.745230172233E-02,
    -2.460176319451));
#2499 = CARTESIAN_POINT('',(2.373501886556,-9.690311827523E-02,
    -2.459250943278));
#2500 = CARTESIAN_POINT('',(2.37060555108,-9.586394122921E-02,
    -2.45780277554));
#2501 = CARTESIAN_POINT('',(2.3695421074,-9.54422896604E-02,
    -2.4572710537));
#2502 = CARTESIAN_POINT('',(2.367476104025,-9.452824536692E-02,
    -2.456238052013));
#2503 = CARTESIAN_POINT('',(2.366473240703,-9.403872557553E-02,
    -2.455736620351));
#2504 = CARTESIAN_POINT('',(2.364547259006,-9.29863645209E-02,
    -2.454773629503));
#2505 = CARTESIAN_POINT('',(2.363623262883,-9.242779287482E-02,
    -2.454311631442));
#2506 = CARTESIAN_POINT('',(2.361874636269,-9.123380233574E-02,
    -2.453437318135));
#2507 = CARTESIAN_POINT('',(2.361048277784,-9.060421356877E-02,
    -2.453024138892));
#2508 = CARTESIAN_POINT('',(2.359648306112,-8.937801822933E-02,
    -2.452324153056));
#2509 = CARTESIAN_POINT('',(2.359060047941,-8.880535650335E-02,
    -2.452030023971));
#2510 = CARTESIAN_POINT('',(2.357986134349,-8.76091639922E-02,
    -2.451493067174));
#2511 = CARTESIAN_POINT('',(2.357497641506,-8.699124126084E-02,
    -2.451248820753));
#2512 = CARTESIAN_POINT('',(2.356336628548,-8.525175195107E-02,
    -2.450668314274));
#2513 = CARTESIAN_POINT('',(2.355749209143,-8.40640086565E-02,
    -2.450374604572));
#2514 = CARTESIAN_POINT('',(2.355135943392,-8.188212579588E-02,
    -2.450067971696));
#2515 = CARTESIAN_POINT('',(2.355000448003,-8.094441568377E-02,-2.45));
#2516 = CARTESIAN_POINT('',(2.355,-8.E-02,-2.45));
#2517 = ( BOUNDED_SURFACE() B_SPLINE_SURFACE(3,3,(
    (#2518,#2519,#2520,#2521)
    ,(#2522,#2523,#2524,#2525)
    ,(#2526,#2527,#2528,#2529)
    ,(#2530,#2531,#2532,#2533)
    ,(#2534,#2535,#2536,#2537)
    ,(#2538,#2539,#2540,#2541)
    ,(#2542,#2543,#2544,#2545)
    ,(#2546,#2547,#2548,#2549)
    ,(#2550,#2551,#2552,#2553)
    ,(#2554,#2555,#2556,#2557)
    ,(#2558,#2559,#2560,#2561)
    ,(#2562,#2563,#2564,#2565)
    ,(#2566,#2567,#2568,#2569)
    ,(#2570,#2571,#2572,#2573)
    ,(#2574,#2575,#2576,#2577)
    ,(#2578,#2579,#2580,#2581)
    ,(#2582,#2583,#2584,#2585)
    ,(#2586,#2587,#2588,#2589)
    ,(#2590,#2591,#2592,#2593)
    ,(#2594,#2595,#2596,#2597)
    ,(#2598,#2599,#2600,#2601)
    ,(#2602,#2603,#2604,#2605)
    ,(#2606,#2607,#2608,#2609)
    ,(#2610,#2611,#2612,#2613)
    ,(#2614,#2615,#2616,#2617)
    ,(#2618,#2619,#2620,#2621
)),.UNSPECIFIED.,.F.,.F.,.F.) B_SPLINE_SURFACE_WITH_KNOTS((4,2,2,2,2,2,2
    ,2,2,2,2,2,4),(4,4),(0.,6.744369780091E-03,1.344063482172E-02,
    2.00257966016E-02,2.644424373407E-02,3.022738706443E-02,
    3.389593709128E-02,3.741682421499E-02,4.076765252073E-02,
    4.338123822411E-02,4.585168786658E-02,4.989189666192E-02,
    5.273373837605E-02),(0.,1.),.UNSPECIFIED.) 
GEOMETRIC_REPRESENTATION_ITEM() RATIONAL_B_SPLINE_SURFACE((
    (1.,1.,1.,1.)
    ,(1.,0.999972950081,0.999972950081,1.)
    ,(1.,0.998717336724,0.998717336724,1.)
    ,(1.,0.993663543098,0.993663543098,1.)
    ,(1.,0.989894364971,0.989894364971,1.)
    ,(1.,0.979869518291,0.979869518291,1.)
    ,(1.,0.973664088822,0.973664088822,1.)
    ,(1.,0.958907749686,0.958907749686,1.)
    ,(1.,0.950411675265,0.950411675265,1.)
    ,(1.,0.934982195565,0.934982195565,1.)
    ,(1.,0.92883387919,0.92883387919,1.)
    ,(1.,0.915912133279,0.915912133279,1.)
    ,(1.,0.909172729192,0.909172729192,1.)
    ,(1.,0.895291406091,0.895291406091,1.)
    ,(1.,0.888182320556,0.888182320556,1.)
    ,(1.,0.873872364048,0.873872364048,1.)
    ,(1.,0.866692350742,0.866692350742,1.)
    ,(1.,0.853860976552,0.853860976552,1.)
    ,(1.,0.8482243293,0.8482243293,1.)
    ,(1.,0.837519335923,0.837519335923,1.)
    ,(1.,0.832463622934,0.832463622934,1.)
    ,(1.,0.82016373726,0.82016373726,1.)
    ,(1.,0.813533988867,0.813533988867,1.)
    ,(1.,0.806413486823,0.806413486823,1.)
    ,(1.,0.804829107312,0.804829107312,1.)
,(1.,0.804737854124,0.804737854124,1.
))) REPRESENTATION_ITEM('') SURFACE() );
#2518 = CARTESIAN_POINT('',(2.395,-1.E-01,-2.47));
#2519 = CARTESIAN_POINT('',(2.395,-1.E-01,-2.47));
#2520 = CARTESIAN_POINT('',(2.395,-1.E-01,-2.47));
#2521 = CARTESIAN_POINT('',(2.395,-1.E-01,-2.47));
#2522 = CARTESIAN_POINT('',(2.393993701266,-1.E-01,-2.467989428729));
#2523 = CARTESIAN_POINT('',(2.39366278615,-9.99998845544E-02,
    -2.46832802479));
#2524 = CARTESIAN_POINT('',(2.39332802479,-9.99998845544E-02,
    -2.46866278615));
#2525 = CARTESIAN_POINT('',(2.392989428729,-1.E-01,-2.468993701266));
#2526 = CARTESIAN_POINT('',(2.392989298659,-9.992452743295E-02,
    -2.465978597317));
#2527 = CARTESIAN_POINT('',(2.392315008907,-9.987308481824E-02,
    -2.466644760871));
#2528 = CARTESIAN_POINT('',(2.391644760871,-9.987308481824E-02,
    -2.467315008907));
#2529 = CARTESIAN_POINT('',(2.390978597317,-9.992452743295E-02,
    -2.467989298659));
#2530 = CARTESIAN_POINT('',(2.390990133594,-9.961978715701E-02,
    -2.461980267189));
#2531 = CARTESIAN_POINT('',(2.38968439826,-9.936951662036E-02,
    -2.463340103231));
#2532 = CARTESIAN_POINT('',(2.388340103231,-9.936951662036E-02,
    -2.46468439826));
#2533 = CARTESIAN_POINT('',(2.386980267189,-9.961978715701E-02,
    -2.465990133594));
#2534 = CARTESIAN_POINT('',(2.38999671741,-9.939177402328E-02,
    -2.459993434819));
#2535 = CARTESIAN_POINT('',(2.388377886741,-9.899079098479E-02,
    -2.461694842054));
#2536 = CARTESIAN_POINT('',(2.386694842054,-9.899079098479E-02,
    -2.463377886741));
#2537 = CARTESIAN_POINT('',(2.384993434819,-9.939177402328E-02,
    -2.46499671741));
#2538 = CARTESIAN_POINT('',(2.388035888987,-9.877603683778E-02,
    -2.456071777973));
#2539 = CARTESIAN_POINT('',(2.385881763775,-9.799370161224E-02,
    -2.458514421368));
#2540 = CARTESIAN_POINT('',(2.383514421368,-9.799370161224E-02,
    -2.460881763775));
#2541 = CARTESIAN_POINT('',(2.381071777973,-9.877603683778E-02,
    -2.463035888987));
#2542 = CARTESIAN_POINT('',(2.387068934518,-9.83913828975E-02,
    -2.454137869026));
#2543 = CARTESIAN_POINT('',(2.384663778719,-9.737061214667E-02,
    -2.456951278277));
#2544 = CARTESIAN_POINT('',(2.381951278277,-9.737061214666E-02,
    -2.459663778719));
#2545 = CARTESIAN_POINT('',(2.379137869026,-9.83913828975E-02,
    -2.462068934518));
#2546 = CARTESIAN_POINT('',(2.385176319451,-9.745230172233E-02,
    -2.450352638892));
#2547 = CARTESIAN_POINT('',(2.382401994834,-9.590714405975E-02,
    -2.453989728151));
#2548 = CARTESIAN_POINT('',(2.378989728151,-9.590714405975E-02,
    -2.457401994834));
#2549 = CARTESIAN_POINT('',(2.375352638892,-9.745230172233E-02,
    -2.460176319451));
#2550 = CARTESIAN_POINT('',(2.384250943278,-9.690311827523E-02,
    -2.448501886556));
#2551 = CARTESIAN_POINT('',(2.381332735641,-9.506317929686E-02,
    -2.452566483291));
#2552 = CARTESIAN_POINT('',(2.377566483291,-9.506317929687E-02,
    -2.456332735641));
#2553 = CARTESIAN_POINT('',(2.373501886556,-9.690311827523E-02,
    -2.459250943278));
#2554 = CARTESIAN_POINT('',(2.38280277554,-9.586394122921E-02,
    -2.44560555108));
#2555 = CARTESIAN_POINT('',(2.379764977926,-9.353415589998E-02,
    -2.45041782835));
#2556 = CARTESIAN_POINT('',(2.37541782835,-9.353415589998E-02,
    -2.454764977926));
#2557 = CARTESIAN_POINT('',(2.37060555108,-9.586394122921E-02,
    -2.45780277554));
#2558 = CARTESIAN_POINT('',(2.3822710537,-9.54422896604E-02,
    -2.4445421074));
#2559 = CARTESIAN_POINT('',(2.379215553399,-9.292845495235E-02,
    -2.449649055343));
#2560 = CARTESIAN_POINT('',(2.374649055343,-9.292845495235E-02,
    -2.454215553399));
#2561 = CARTESIAN_POINT('',(2.3695421074,-9.54422896604E-02,
    -2.4572710537));
#2562 = CARTESIAN_POINT('',(2.381238052013,-9.452824536692E-02,
    -2.442476104025));
#2563 = CARTESIAN_POINT('',(2.378210977638,-9.166559504061E-02,
    -2.448204020092));
#2564 = CARTESIAN_POINT('',(2.373204020092,-9.166559504061E-02,
    -2.453210977638));
#2565 = CARTESIAN_POINT('',(2.367476104025,-9.452824536692E-02,
    -2.456238052013));
#2566 = CARTESIAN_POINT('',(2.380736620351,-9.403872557553E-02,
    -2.441473240703));
#2567 = CARTESIAN_POINT('',(2.377746908562,-9.100404788043E-02,
    -2.447519219316));
#2568 = CARTESIAN_POINT('',(2.372519219316,-9.100404788042E-02,
    -2.452746908562));
#2569 = CARTESIAN_POINT('',(2.366473240703,-9.403872557553E-02,
    -2.455736620351));
#2570 = CARTESIAN_POINT('',(2.379773629503,-9.29863645209E-02,
    -2.439547259006));
#2571 = CARTESIAN_POINT('',(2.376935686267,-8.966174249545E-02,
    -2.446268276194));
#2572 = CARTESIAN_POINT('',(2.371268276194,-8.966174249545E-02,
    -2.451935686267));
#2573 = CARTESIAN_POINT('',(2.364547259006,-9.29863645209E-02,
    -2.454773629503));
#2574 = CARTESIAN_POINT('',(2.379311631442,-9.242779287482E-02,
    -2.438623262883));
#2575 = CARTESIAN_POINT('',(2.376574533902,-8.897168378308E-02,
    -2.445688537896));
#2576 = CARTESIAN_POINT('',(2.370688537896,-8.897168378307E-02,
    -2.451574533902));
#2577 = CARTESIAN_POINT('',(2.363623262883,-9.242779287482E-02,
    -2.454311631442));
#2578 = CARTESIAN_POINT('',(2.378437318135,-9.123380233574E-02,
    -2.436874636269));
#2579 = CARTESIAN_POINT('',(2.37597750059,-8.760625349351E-02,
    -2.444661459139));
#2580 = CARTESIAN_POINT('',(2.369661459139,-8.760625349351E-02,
    -2.45097750059));
#2581 = CARTESIAN_POINT('',(2.361874636269,-9.123380233574E-02,
    -2.453437318135));
#2582 = CARTESIAN_POINT('',(2.378024138892,-9.060421356877E-02,
    -2.436048277784));
#2583 = CARTESIAN_POINT('',(2.375730135576,-8.692411503652E-02,
    -2.444202904049));
#2584 = CARTESIAN_POINT('',(2.369202904049,-8.692411503652E-02,
    -2.450730135576));
#2585 = CARTESIAN_POINT('',(2.361048277784,-9.060421356877E-02,
    -2.453024138892));
#2586 = CARTESIAN_POINT('',(2.377324153056,-8.937801822933E-02,
    -2.434648306112));
#2587 = CARTESIAN_POINT('',(2.375379530624,-8.570743871236E-02,
    -2.443480256488));
#2588 = CARTESIAN_POINT('',(2.368480256488,-8.570743871236E-02,
    -2.450379530624));
#2589 = CARTESIAN_POINT('',(2.359648306112,-8.937801822933E-02,
    -2.452324153056));
#2590 = CARTESIAN_POINT('',(2.377030023971,-8.880535650335E-02,
    -2.434060047941));
#2591 = CARTESIAN_POINT('',(2.3752594971,-8.517934128871E-02,
    -2.443198717869));
#2592 = CARTESIAN_POINT('',(2.368198717869,-8.517934128872E-02,
    -2.4502594971));
#2593 = CARTESIAN_POINT('',(2.359060047941,-8.880535650335E-02,
    -2.452030023971));
#2594 = CARTESIAN_POINT('',(2.376493067174,-8.76091639922E-02,
    -2.432986134349));
#2595 = CARTESIAN_POINT('',(2.375085814784,-8.417285156829E-02,
    -2.442720977051));
#2596 = CARTESIAN_POINT('',(2.367720977051,-8.417285156829E-02,
    -2.450085814784));
#2597 = CARTESIAN_POINT('',(2.357986134349,-8.76091639922E-02,
    -2.451493067174));
#2598 = CARTESIAN_POINT('',(2.376248820753,-8.699124126084E-02,
    -2.432497641506));
#2599 = CARTESIAN_POINT('',(2.375025225543,-8.368245595112E-02,
    -2.442517671108));
#2600 = CARTESIAN_POINT('',(2.367517671108,-8.368245595113E-02,
    -2.450025225543));
#2601 = CARTESIAN_POINT('',(2.357497641506,-8.699124126084E-02,
    -2.451248820753));
#2602 = CARTESIAN_POINT('',(2.375668314274,-8.525175195107E-02,
    -2.431336628548));
#2603 = CARTESIAN_POINT('',(2.374950235264,-8.251284121758E-02,
    -2.442095479839));
#2604 = CARTESIAN_POINT('',(2.367095479839,-8.251284121758E-02,
    -2.449950235264));
#2605 = CARTESIAN_POINT('',(2.356336628548,-8.525175195107E-02,
    -2.450668314274));
#2606 = CARTESIAN_POINT('',(2.375374604572,-8.40640086565E-02,
    -2.430749209143));
#2607 = CARTESIAN_POINT('',(2.374963757762,-8.187716419395E-02,
    -2.441923201822));
#2608 = CARTESIAN_POINT('',(2.366923201822,-8.187716419395E-02,
    -2.449963757762));
#2609 = CARTESIAN_POINT('',(2.355749209143,-8.40640086565E-02,
    -2.450374604572));
#2610 = CARTESIAN_POINT('',(2.375067971696,-8.188212579588E-02,
    -2.430135943392));
#2611 = CARTESIAN_POINT('',(2.374980870474,-8.075816592085E-02,
    -2.441742160168));
#2612 = CARTESIAN_POINT('',(2.366742160168,-8.075816592085E-02,
    -2.449980870474));
#2613 = CARTESIAN_POINT('',(2.355135943392,-8.188212579588E-02,
    -2.450067971696));
#2614 = CARTESIAN_POINT('',(2.375,-8.094441568377E-02,-2.430000448003));
#2615 = CARTESIAN_POINT('',(2.374997824718,-8.03504057542E-02,
    -2.441714635009));
#2616 = CARTESIAN_POINT('',(2.366714635009,-8.03504057542E-02,
    -2.449997824718));
#2617 = CARTESIAN_POINT('',(2.355000448003,-8.094441568377E-02,-2.45));
#2618 = CARTESIAN_POINT('',(2.375,-8.E-02,-2.43));
#2619 = CARTESIAN_POINT('',(2.375,-8.E-02,-2.441715728753));
#2620 = CARTESIAN_POINT('',(2.366715728753,-8.E-02,-2.45));
#2621 = CARTESIAN_POINT('',(2.355,-8.E-02,-2.45));
#2622 = ADVANCED_FACE('',(#2623),#2640,.T.);
#2623 = FACE_BOUND('',#2624,.T.);
#2624 = EDGE_LOOP('',(#2625,#2626,#2627,#2634));
#2625 = ORIENTED_EDGE('',*,*,#2459,.F.);
#2626 = ORIENTED_EDGE('',*,*,#2076,.F.);
#2627 = ORIENTED_EDGE('',*,*,#2628,.T.);
#2628 = EDGE_CURVE('',#2069,#2396,#2629,.T.);
#2629 = CIRCLE('',#2630,2.E-02);
#2630 = AXIS2_PLACEMENT_3D('',#2631,#2632,#2633);
#2631 = CARTESIAN_POINT('',(2.395,-8.E-02,-1.72));
#2632 = DIRECTION('',(0.,0.,-1.));
#2633 = DIRECTION('',(1.,-0.,0.));
#2634 = ORIENTED_EDGE('',*,*,#2635,.T.);
#2635 = EDGE_CURVE('',#2396,#2429,#2636,.T.);
#2636 = LINE('',#2637,#2638);
#2637 = CARTESIAN_POINT('',(2.375,-8.E-02,-12.7));
#2638 = VECTOR('',#2639,1.);
#2639 = DIRECTION('',(0.,0.,-1.));
#2640 = CYLINDRICAL_SURFACE('',#2641,2.E-02);
#2641 = AXIS2_PLACEMENT_3D('',#2642,#2643,#2644);
#2642 = CARTESIAN_POINT('',(2.395,-8.E-02,-12.7));
#2643 = DIRECTION('',(0.,0.,-1.));
#2644 = DIRECTION('',(-1.,0.,0.));
#2645 = ADVANCED_FACE('',(#2646),#2657,.T.);
#2646 = FACE_BOUND('',#2647,.T.);
#2647 = EDGE_LOOP('',(#2648,#2655,#2656));
#2648 = ORIENTED_EDGE('',*,*,#2649,.T.);
#2649 = EDGE_CURVE('',#2069,#2404,#2650,.T.);
#2650 = CIRCLE('',#2651,2.E-02);
#2651 = AXIS2_PLACEMENT_3D('',#2652,#2653,#2654);
#2652 = CARTESIAN_POINT('',(2.395,-8.E-02,-1.72));
#2653 = DIRECTION('',(-1.,0.,0.));
#2654 = DIRECTION('',(0.,1.,0.));
#2655 = ORIENTED_EDGE('',*,*,#2403,.F.);
#2656 = ORIENTED_EDGE('',*,*,#2628,.F.);
#2657 = SPHERICAL_SURFACE('',#2658,2.E-02);
#2658 = AXIS2_PLACEMENT_3D('',#2659,#2660,#2661);
#2659 = CARTESIAN_POINT('',(2.395,-8.E-02,-1.72));
#2660 = DIRECTION('',(0.,-1.,0.));
#2661 = DIRECTION('',(-1.,0.,0.));
#2662 = ADVANCED_FACE('',(#2663),#2680,.T.);
#2663 = FACE_BOUND('',#2664,.T.);
#2664 = EDGE_LOOP('',(#2665,#2666,#2667,#2674));
#2665 = ORIENTED_EDGE('',*,*,#2649,.F.);
#2666 = ORIENTED_EDGE('',*,*,#2068,.F.);
#2667 = ORIENTED_EDGE('',*,*,#2668,.T.);
#2668 = EDGE_CURVE('',#2061,#2366,#2669,.T.);
#2669 = CIRCLE('',#2670,2.E-02);
#2670 = AXIS2_PLACEMENT_3D('',#2671,#2672,#2673);
#2671 = CARTESIAN_POINT('',(2.855,-8.E-02,-1.72));
#2672 = DIRECTION('',(-1.,0.,0.));
#2673 = DIRECTION('',(0.,1.,0.));
#2674 = ORIENTED_EDGE('',*,*,#2675,.T.);
#2675 = EDGE_CURVE('',#2366,#2404,#2676,.T.);
#2676 = LINE('',#2677,#2678);
#2677 = CARTESIAN_POINT('',(0.,-8.E-02,-1.7));
#2678 = VECTOR('',#2679,1.);
#2679 = DIRECTION('',(-1.,0.,0.));
#2680 = CYLINDRICAL_SURFACE('',#2681,2.E-02);
#2681 = AXIS2_PLACEMENT_3D('',#2682,#2683,#2684);
#2682 = CARTESIAN_POINT('',(0.,-8.E-02,-1.72));
#2683 = DIRECTION('',(-1.,0.,0.));
#2684 = DIRECTION('',(0.,1.,0.));
#2685 = ADVANCED_FACE('',(#2686),#2691,.T.);
#2686 = FACE_BOUND('',#2687,.T.);
#2687 = EDGE_LOOP('',(#2688,#2689,#2690));
#2688 = ORIENTED_EDGE('',*,*,#2349,.F.);
#2689 = ORIENTED_EDGE('',*,*,#2373,.F.);
#2690 = ORIENTED_EDGE('',*,*,#2668,.F.);
#2691 = SPHERICAL_SURFACE('',#2692,2.E-02);
#2692 = AXIS2_PLACEMENT_3D('',#2693,#2694,#2695);
#2693 = CARTESIAN_POINT('',(2.855,-8.E-02,-1.72));
#2694 = DIRECTION('',(0.,-1.,0.));
#2695 = DIRECTION('',(-1.,0.,0.));
#2696 = ADVANCED_FACE('',(#2697),#2716,.T.);
#2697 = FACE_BOUND('',#2698,.T.);
#2698 = EDGE_LOOP('',(#2699,#2700,#2701,#2709));
#2699 = ORIENTED_EDGE('',*,*,#2084,.F.);
#2700 = ORIENTED_EDGE('',*,*,#2489,.T.);
#2701 = ORIENTED_EDGE('',*,*,#2702,.T.);
#2702 = EDGE_CURVE('',#2437,#2703,#2705,.T.);
#2703 = VERTEX_POINT('',#2704);
#2704 = CARTESIAN_POINT('',(1.645,-8.E-02,-2.45));
#2705 = LINE('',#2706,#2707);
#2706 = CARTESIAN_POINT('',(0.,-8.E-02,-2.45));
#2707 = VECTOR('',#2708,1.);
#2708 = DIRECTION('',(-1.,0.,0.));
#2709 = ORIENTED_EDGE('',*,*,#2710,.F.);
#2710 = EDGE_CURVE('',#2085,#2703,#2711,.T.);
#2711 = CIRCLE('',#2712,2.E-02);
#2712 = AXIS2_PLACEMENT_3D('',#2713,#2714,#2715);
#2713 = CARTESIAN_POINT('',(1.645,-8.E-02,-2.47));
#2714 = DIRECTION('',(-1.,0.,0.));
#2715 = DIRECTION('',(0.,1.,0.));
#2716 = CYLINDRICAL_SURFACE('',#2717,2.E-02);
#2717 = AXIS2_PLACEMENT_3D('',#2718,#2719,#2720);
#2718 = CARTESIAN_POINT('',(0.,-8.E-02,-2.47));
#2719 = DIRECTION('',(-1.,0.,0.));
#2720 = DIRECTION('',(0.,1.,0.));
#2721 = ADVANCED_FACE('',(#2722),#2746,.T.);
#2722 = FACE_BOUND('',#2723,.T.);
#2723 = EDGE_LOOP('',(#2724,#2732,#2739,#2745));
#2724 = ORIENTED_EDGE('',*,*,#2725,.F.);
#2725 = EDGE_CURVE('',#2726,#1674,#2728,.T.);
#2726 = VERTEX_POINT('',#2727);
#2727 = CARTESIAN_POINT('',(1.625,-8.E-02,-2.47));
#2728 = LINE('',#2729,#2730);
#2729 = CARTESIAN_POINT('',(1.625,0.,-2.47));
#2730 = VECTOR('',#2731,1.);
#2731 = DIRECTION('',(0.,1.,0.));
#2732 = ORIENTED_EDGE('',*,*,#2733,.T.);
#2733 = EDGE_CURVE('',#2726,#2703,#2734,.T.);
#2734 = CIRCLE('',#2735,2.E-02);
#2735 = AXIS2_PLACEMENT_3D('',#2736,#2737,#2738);
#2736 = CARTESIAN_POINT('',(1.645,-8.E-02,-2.47));
#2737 = DIRECTION('',(-0.,1.,0.));
#2738 = DIRECTION('',(1.,0.,0.));
#2739 = ORIENTED_EDGE('',*,*,#2740,.T.);
#2740 = EDGE_CURVE('',#2703,#1682,#2741,.T.);
#2741 = LINE('',#2742,#2743);
#2742 = CARTESIAN_POINT('',(1.645,0.,-2.45));
#2743 = VECTOR('',#2744,1.);
#2744 = DIRECTION('',(0.,1.,0.));
#2745 = ORIENTED_EDGE('',*,*,#1681,.F.);
#2746 = CYLINDRICAL_SURFACE('',#2747,2.E-02);
#2747 = AXIS2_PLACEMENT_3D('',#2748,#2749,#2750);
#2748 = CARTESIAN_POINT('',(1.645,0.,-2.47));
#2749 = DIRECTION('',(0.,1.,0.));
#2750 = DIRECTION('',(1.,0.,-0.));
#2751 = ADVANCED_FACE('',(#2752),#2778,.T.);
#2752 = FACE_BOUND('',#2753,.T.);
#2753 = EDGE_LOOP('',(#2754,#2762,#2771,#2777));
#2754 = ORIENTED_EDGE('',*,*,#2755,.T.);
#2755 = EDGE_CURVE('',#1657,#2756,#2758,.T.);
#2756 = VERTEX_POINT('',#2757);
#2757 = CARTESIAN_POINT('',(1.645,-8.E-02,-2.95));
#2758 = LINE('',#2759,#2760);
#2759 = CARTESIAN_POINT('',(1.645,0.,-2.95));
#2760 = VECTOR('',#2761,1.);
#2761 = DIRECTION('',(0.,-1.,-0.));
#2762 = ORIENTED_EDGE('',*,*,#2763,.T.);
#2763 = EDGE_CURVE('',#2756,#2764,#2766,.T.);
#2764 = VERTEX_POINT('',#2765);
#2765 = CARTESIAN_POINT('',(1.625,-8.E-02,-2.93));
#2766 = CIRCLE('',#2767,2.E-02);
#2767 = AXIS2_PLACEMENT_3D('',#2768,#2769,#2770);
#2768 = CARTESIAN_POINT('',(1.645,-8.E-02,-2.93));
#2769 = DIRECTION('',(-0.,1.,0.));
#2770 = DIRECTION('',(1.,0.,0.));
#2771 = ORIENTED_EDGE('',*,*,#2772,.F.);
#2772 = EDGE_CURVE('',#1665,#2764,#2773,.T.);
#2773 = LINE('',#2774,#2775);
#2774 = CARTESIAN_POINT('',(1.625,0.,-2.93));
#2775 = VECTOR('',#2776,1.);
#2776 = DIRECTION('',(0.,-1.,-0.));
#2777 = ORIENTED_EDGE('',*,*,#1664,.F.);
#2778 = CYLINDRICAL_SURFACE('',#2779,2.E-02);
#2779 = AXIS2_PLACEMENT_3D('',#2780,#2781,#2782);
#2780 = CARTESIAN_POINT('',(1.645,0.,-2.93));
#2781 = DIRECTION('',(0.,1.,0.));
#2782 = DIRECTION('',(1.,0.,0.));
#2783 = ADVANCED_FACE('',(#2784),#2810,.F.);
#2784 = FACE_BOUND('',#2785,.F.);
#2785 = EDGE_LOOP('',(#2786,#2787,#2795,#2804));
#2786 = ORIENTED_EDGE('',*,*,#1647,.T.);
#2787 = ORIENTED_EDGE('',*,*,#2788,.T.);
#2788 = EDGE_CURVE('',#1648,#2789,#2791,.T.);
#2789 = VERTEX_POINT('',#2790);
#2790 = CARTESIAN_POINT('',(2.355,-8.E-02,-2.95));
#2791 = LINE('',#2792,#2793);
#2792 = CARTESIAN_POINT('',(2.355,0.,-2.95));
#2793 = VECTOR('',#2794,1.);
#2794 = DIRECTION('',(0.,-1.,0.));
#2795 = ORIENTED_EDGE('',*,*,#2796,.F.);
#2796 = EDGE_CURVE('',#2797,#2789,#2799,.T.);
#2797 = VERTEX_POINT('',#2798);
#2798 = CARTESIAN_POINT('',(2.375,-8.E-02,-2.97));
#2799 = ( BOUNDED_CURVE() B_SPLINE_CURVE(3,(#2800,#2801,#2802,#2803),
.UNSPECIFIED.,.F.,.F.) B_SPLINE_CURVE_WITH_KNOTS((4,4),(0.,1.),
.PIECEWISE_BEZIER_KNOTS.) CURVE() GEOMETRIC_REPRESENTATION_ITEM() 
RATIONAL_B_SPLINE_CURVE((1.,0.804737854124,0.804737854124,1.)) 
REPRESENTATION_ITEM('') );
#2800 = CARTESIAN_POINT('',(2.375,-8.E-02,-2.97));
#2801 = CARTESIAN_POINT('',(2.375,-8.E-02,-2.958284271247));
#2802 = CARTESIAN_POINT('',(2.366715728753,-8.E-02,-2.95));
#2803 = CARTESIAN_POINT('',(2.355,-8.E-02,-2.95));
#2804 = ORIENTED_EDGE('',*,*,#2805,.F.);
#2805 = EDGE_CURVE('',#1640,#2797,#2806,.T.);
#2806 = LINE('',#2807,#2808);
#2807 = CARTESIAN_POINT('',(2.375,0.,-2.97));
#2808 = VECTOR('',#2809,1.);
#2809 = DIRECTION('',(0.,-1.,0.));
#2810 = CYLINDRICAL_SURFACE('',#2811,2.E-02);
#2811 = AXIS2_PLACEMENT_3D('',#2812,#2813,#2814);
#2812 = CARTESIAN_POINT('',(2.355,0.,-2.97));
#2813 = DIRECTION('',(0.,-1.,0.));
#2814 = DIRECTION('',(-1.,0.,0.));
#2815 = ADVANCED_FACE('',(#2816),#2877,.T.);
#2816 = FACE_BOUND('',#2817,.T.);
#2817 = EDGE_LOOP('',(#2818,#2847,#2848));
#2818 = ORIENTED_EDGE('',*,*,#2819,.T.);
#2819 = EDGE_CURVE('',#2101,#2789,#2820,.T.);
#2820 = B_SPLINE_CURVE_WITH_KNOTS('',3,(#2821,#2822,#2823,#2824,#2825,
    #2826,#2827,#2828,#2829,#2830,#2831,#2832,#2833,#2834,#2835,#2836,
    #2837,#2838,#2839,#2840,#2841,#2842,#2843,#2844,#2845,#2846),
  .UNSPECIFIED.,.F.,.F.,(4,2,2,2,2,2,2,2,2,2,2,2,4),(0.,
    6.74436978009E-03,1.344063482172E-02,2.00257966016E-02,
    2.644424373408E-02,3.022738706437E-02,3.389593709116E-02,
    3.741682421482E-02,4.076765252052E-02,4.338123822393E-02,
    4.585168786643E-02,4.989189666195E-02,5.273373837609E-02),
  .UNSPECIFIED.);
#2821 = CARTESIAN_POINT('',(2.395,-1.E-01,-2.93));
#2822 = CARTESIAN_POINT('',(2.392989428729,-1.E-01,-2.931006298734));
#2823 = CARTESIAN_POINT('',(2.390978597317,-9.992452743295E-02,
    -2.932010701341));
#2824 = CARTESIAN_POINT('',(2.386980267189,-9.961978715701E-02,
    -2.934009866406));
#2825 = CARTESIAN_POINT('',(2.384993434819,-9.939177402328E-02,
    -2.93500328259));
#2826 = CARTESIAN_POINT('',(2.381071777973,-9.877603683778E-02,
    -2.936964111013));
#2827 = CARTESIAN_POINT('',(2.379137869026,-9.83913828975E-02,
    -2.937931065482));
#2828 = CARTESIAN_POINT('',(2.375352638892,-9.745230172233E-02,
    -2.939823680549));
#2829 = CARTESIAN_POINT('',(2.373501886556,-9.690311827523E-02,
    -2.940749056722));
#2830 = CARTESIAN_POINT('',(2.37060555108,-9.586394122922E-02,
    -2.94219722446));
#2831 = CARTESIAN_POINT('',(2.3695421074,-9.544228966042E-02,
    -2.9427289463));
#2832 = CARTESIAN_POINT('',(2.367476104025,-9.452824536695E-02,
    -2.943761947987));
#2833 = CARTESIAN_POINT('',(2.366473240703,-9.403872557557E-02,
    -2.944263379649));
#2834 = CARTESIAN_POINT('',(2.364547259006,-9.298636452096E-02,
    -2.945226370497));
#2835 = CARTESIAN_POINT('',(2.363623262883,-9.242779287489E-02,
    -2.945688368558));
#2836 = CARTESIAN_POINT('',(2.361874636269,-9.123380233584E-02,
    -2.946562681865));
#2837 = CARTESIAN_POINT('',(2.361048277785,-9.060421356889E-02,
    -2.946975861108));
#2838 = CARTESIAN_POINT('',(2.359648306112,-8.937801822947E-02,
    -2.947675846944));
#2839 = CARTESIAN_POINT('',(2.359060047941,-8.88053565035E-02,
    -2.947969976029));
#2840 = CARTESIAN_POINT('',(2.357986134349,-8.760916399235E-02,
    -2.948506932826));
#2841 = CARTESIAN_POINT('',(2.357497641506,-8.699124126099E-02,
    -2.948751179247));
#2842 = CARTESIAN_POINT('',(2.356336628548,-8.525175195118E-02,
    -2.949331685726));
#2843 = CARTESIAN_POINT('',(2.355749209143,-8.406400865656E-02,
    -2.949625395428));
#2844 = CARTESIAN_POINT('',(2.355135943392,-8.188212579588E-02,
    -2.949932028304));
#2845 = CARTESIAN_POINT('',(2.355000448003,-8.094441568377E-02,-2.95));
#2846 = CARTESIAN_POINT('',(2.355,-8.E-02,-2.95));
#2847 = ORIENTED_EDGE('',*,*,#2796,.F.);
#2848 = ORIENTED_EDGE('',*,*,#2849,.F.);
#2849 = EDGE_CURVE('',#2101,#2797,#2850,.T.);
#2850 = B_SPLINE_CURVE_WITH_KNOTS('',3,(#2851,#2852,#2853,#2854,#2855,
    #2856,#2857,#2858,#2859,#2860,#2861,#2862,#2863,#2864,#2865,#2866,
    #2867,#2868,#2869,#2870,#2871,#2872,#2873,#2874,#2875,#2876),
  .UNSPECIFIED.,.F.,.F.,(4,2,2,2,2,2,2,2,2,2,2,2,4),(0.,
    6.74436978009E-03,1.344063482172E-02,2.00257966016E-02,
    2.644424373408E-02,3.022738706437E-02,3.389593709116E-02,
    3.741682421482E-02,4.076765252052E-02,4.338123822393E-02,
    4.585168786643E-02,4.989189666195E-02,5.273373837609E-02),
  .UNSPECIFIED.);
#2851 = CARTESIAN_POINT('',(2.395,-1.E-01,-2.93));
#2852 = CARTESIAN_POINT('',(2.393993701266,-1.E-01,-2.932010571271));
#2853 = CARTESIAN_POINT('',(2.392989298659,-9.992452743295E-02,
    -2.934021402683));
#2854 = CARTESIAN_POINT('',(2.390990133594,-9.961978715701E-02,
    -2.938019732811));
#2855 = CARTESIAN_POINT('',(2.38999671741,-9.939177402328E-02,
    -2.940006565181));
#2856 = CARTESIAN_POINT('',(2.388035888987,-9.877603683778E-02,
    -2.943928222027));
#2857 = CARTESIAN_POINT('',(2.387068934518,-9.83913828975E-02,
    -2.945862130974));
#2858 = CARTESIAN_POINT('',(2.385176319451,-9.745230172233E-02,
    -2.949647361108));
#2859 = CARTESIAN_POINT('',(2.384250943278,-9.690311827523E-02,
    -2.951498113444));
#2860 = CARTESIAN_POINT('',(2.38280277554,-9.586394122922E-02,
    -2.95439444892));
#2861 = CARTESIAN_POINT('',(2.3822710537,-9.544228966042E-02,
    -2.9554578926));
#2862 = CARTESIAN_POINT('',(2.381238052013,-9.452824536695E-02,
    -2.957523895975));
#2863 = CARTESIAN_POINT('',(2.380736620351,-9.403872557557E-02,
    -2.958526759297));
#2864 = CARTESIAN_POINT('',(2.379773629503,-9.298636452096E-02,
    -2.960452740994));
#2865 = CARTESIAN_POINT('',(2.379311631442,-9.242779287489E-02,
    -2.961376737117));
#2866 = CARTESIAN_POINT('',(2.378437318135,-9.123380233584E-02,
    -2.963125363731));
#2867 = CARTESIAN_POINT('',(2.378024138892,-9.060421356889E-02,
    -2.963951722215));
#2868 = CARTESIAN_POINT('',(2.377324153056,-8.937801822947E-02,
    -2.965351693888));
#2869 = CARTESIAN_POINT('',(2.377030023971,-8.88053565035E-02,
    -2.965939952059));
#2870 = CARTESIAN_POINT('',(2.376493067174,-8.760916399235E-02,
    -2.967013865651));
#2871 = CARTESIAN_POINT('',(2.376248820753,-8.699124126099E-02,
    -2.967502358494));
#2872 = CARTESIAN_POINT('',(2.375668314274,-8.525175195118E-02,
    -2.968663371452));
#2873 = CARTESIAN_POINT('',(2.375374604572,-8.406400865656E-02,
    -2.969250790857));
#2874 = CARTESIAN_POINT('',(2.375067971696,-8.188212579588E-02,
    -2.969864056608));
#2875 = CARTESIAN_POINT('',(2.375,-8.094441568377E-02,-2.969999551997));
#2876 = CARTESIAN_POINT('',(2.375,-8.E-02,-2.97));
#2877 = ( BOUNDED_SURFACE() B_SPLINE_SURFACE(3,3,(
    (#2878,#2879,#2880,#2881)
    ,(#2882,#2883,#2884,#2885)
    ,(#2886,#2887,#2888,#2889)
    ,(#2890,#2891,#2892,#2893)
    ,(#2894,#2895,#2896,#2897)
    ,(#2898,#2899,#2900,#2901)
    ,(#2902,#2903,#2904,#2905)
    ,(#2906,#2907,#2908,#2909)
    ,(#2910,#2911,#2912,#2913)
    ,(#2914,#2915,#2916,#2917)
    ,(#2918,#2919,#2920,#2921)
    ,(#2922,#2923,#2924,#2925)
    ,(#2926,#2927,#2928,#2929)
    ,(#2930,#2931,#2932,#2933)
    ,(#2934,#2935,#2936,#2937)
    ,(#2938,#2939,#2940,#2941)
    ,(#2942,#2943,#2944,#2945)
    ,(#2946,#2947,#2948,#2949)
    ,(#2950,#2951,#2952,#2953)
    ,(#2954,#2955,#2956,#2957)
    ,(#2958,#2959,#2960,#2961)
    ,(#2962,#2963,#2964,#2965)
    ,(#2966,#2967,#2968,#2969)
    ,(#2970,#2971,#2972,#2973)
    ,(#2974,#2975,#2976,#2977)
    ,(#2978,#2979,#2980,#2981
)),.UNSPECIFIED.,.F.,.F.,.F.) B_SPLINE_SURFACE_WITH_KNOTS((4,2,2,2,2,2,2
    ,2,2,2,2,2,4),(4,4),(0.,6.74436978009E-03,1.344063482172E-02,
    2.00257966016E-02,2.644424373408E-02,3.022738706437E-02,
    3.389593709116E-02,3.741682421482E-02,4.076765252052E-02,
    4.338123822393E-02,4.585168786643E-02,4.989189666195E-02,
    5.273373837609E-02),(0.,1.),.UNSPECIFIED.) 
GEOMETRIC_REPRESENTATION_ITEM() RATIONAL_B_SPLINE_SURFACE((
    (1.,1.,1.,1.)
    ,(1.,0.999972950081,0.999972950081,1.)
    ,(1.,0.998717336724,0.998717336724,1.)
    ,(1.,0.993663543098,0.993663543098,1.)
    ,(1.,0.989894364971,0.989894364971,1.)
    ,(1.,0.979869518291,0.979869518291,1.)
    ,(1.,0.973664088822,0.973664088822,1.)
    ,(1.,0.958907749686,0.958907749686,1.)
    ,(1.,0.950411675265,0.950411675265,1.)
    ,(1.,0.934982195566,0.934982195566,1.)
    ,(1.,0.92883387919,0.92883387919,1.)
    ,(1.,0.91591213328,0.91591213328,1.)
    ,(1.,0.909172729193,0.909172729193,1.)
    ,(1.,0.895291406092,0.895291406092,1.)
    ,(1.,0.888182320557,0.888182320557,1.)
    ,(1.,0.873872364049,0.873872364049,1.)
    ,(1.,0.866692350743,0.866692350743,1.)
    ,(1.,0.853860976553,0.853860976553,1.)
    ,(1.,0.848224329302,0.848224329302,1.)
    ,(1.,0.837519335924,0.837519335924,1.)
    ,(1.,0.832463622935,0.832463622935,1.)
    ,(1.,0.82016373726,0.82016373726,1.)
    ,(1.,0.813533988867,0.813533988867,1.)
    ,(1.,0.806413486823,0.806413486823,1.)
    ,(1.,0.804829107312,0.804829107312,1.)
,(1.,0.804737854124,0.804737854124,1.
))) REPRESENTATION_ITEM('') SURFACE() );
#2878 = CARTESIAN_POINT('',(2.395,-1.E-01,-2.93));
#2879 = CARTESIAN_POINT('',(2.395,-1.E-01,-2.93));
#2880 = CARTESIAN_POINT('',(2.395,-1.E-01,-2.93));
#2881 = CARTESIAN_POINT('',(2.395,-1.E-01,-2.93));
#2882 = CARTESIAN_POINT('',(2.392989428729,-1.E-01,-2.931006298734));
#2883 = CARTESIAN_POINT('',(2.39332802479,-9.99998845544E-02,
    -2.93133721385));
#2884 = CARTESIAN_POINT('',(2.39366278615,-9.99998845544E-02,
    -2.93167197521));
#2885 = CARTESIAN_POINT('',(2.393993701266,-1.E-01,-2.932010571271));
#2886 = CARTESIAN_POINT('',(2.390978597317,-9.992452743295E-02,
    -2.932010701341));
#2887 = CARTESIAN_POINT('',(2.391644760871,-9.987308481824E-02,
    -2.932684991093));
#2888 = CARTESIAN_POINT('',(2.392315008907,-9.987308481824E-02,
    -2.933355239129));
#2889 = CARTESIAN_POINT('',(2.392989298659,-9.992452743295E-02,
    -2.934021402683));
#2890 = CARTESIAN_POINT('',(2.386980267189,-9.961978715701E-02,
    -2.934009866406));
#2891 = CARTESIAN_POINT('',(2.388340103231,-9.936951662036E-02,
    -2.93531560174));
#2892 = CARTESIAN_POINT('',(2.38968439826,-9.936951662036E-02,
    -2.936659896769));
#2893 = CARTESIAN_POINT('',(2.390990133594,-9.961978715701E-02,
    -2.938019732811));
#2894 = CARTESIAN_POINT('',(2.384993434819,-9.939177402328E-02,
    -2.93500328259));
#2895 = CARTESIAN_POINT('',(2.386694842054,-9.899079098479E-02,
    -2.936622113259));
#2896 = CARTESIAN_POINT('',(2.388377886741,-9.899079098479E-02,
    -2.938305157946));
#2897 = CARTESIAN_POINT('',(2.38999671741,-9.939177402328E-02,
    -2.940006565181));
#2898 = CARTESIAN_POINT('',(2.381071777973,-9.877603683778E-02,
    -2.936964111013));
#2899 = CARTESIAN_POINT('',(2.383514421368,-9.799370161224E-02,
    -2.939118236225));
#2900 = CARTESIAN_POINT('',(2.385881763775,-9.799370161224E-02,
    -2.941485578632));
#2901 = CARTESIAN_POINT('',(2.388035888987,-9.877603683778E-02,
    -2.943928222027));
#2902 = CARTESIAN_POINT('',(2.379137869026,-9.83913828975E-02,
    -2.937931065482));
#2903 = CARTESIAN_POINT('',(2.381951278277,-9.737061214667E-02,
    -2.940336221281));
#2904 = CARTESIAN_POINT('',(2.384663778719,-9.737061214667E-02,
    -2.943048721723));
#2905 = CARTESIAN_POINT('',(2.387068934518,-9.83913828975E-02,
    -2.945862130974));
#2906 = CARTESIAN_POINT('',(2.375352638892,-9.745230172233E-02,
    -2.939823680549));
#2907 = CARTESIAN_POINT('',(2.378989728151,-9.590714405975E-02,
    -2.942598005166));
#2908 = CARTESIAN_POINT('',(2.382401994834,-9.590714405975E-02,
    -2.946010271849));
#2909 = CARTESIAN_POINT('',(2.385176319451,-9.745230172233E-02,
    -2.949647361108));
#2910 = CARTESIAN_POINT('',(2.373501886556,-9.690311827523E-02,
    -2.940749056722));
#2911 = CARTESIAN_POINT('',(2.377566483291,-9.506317929686E-02,
    -2.943667264359));
#2912 = CARTESIAN_POINT('',(2.381332735641,-9.506317929686E-02,
    -2.947433516709));
#2913 = CARTESIAN_POINT('',(2.384250943278,-9.690311827523E-02,
    -2.951498113444));
#2914 = CARTESIAN_POINT('',(2.37060555108,-9.586394122922E-02,
    -2.94219722446));
#2915 = CARTESIAN_POINT('',(2.37541782835,-9.353415589999E-02,
    -2.945235022074));
#2916 = CARTESIAN_POINT('',(2.379764977926,-9.353415589999E-02,
    -2.94958217165));
#2917 = CARTESIAN_POINT('',(2.38280277554,-9.586394122922E-02,
    -2.95439444892));
#2918 = CARTESIAN_POINT('',(2.3695421074,-9.544228966042E-02,
    -2.9427289463));
#2919 = CARTESIAN_POINT('',(2.374649055343,-9.292845495237E-02,
    -2.945784446601));
#2920 = CARTESIAN_POINT('',(2.379215553399,-9.292845495237E-02,
    -2.950350944657));
#2921 = CARTESIAN_POINT('',(2.3822710537,-9.544228966042E-02,
    -2.9554578926));
#2922 = CARTESIAN_POINT('',(2.367476104025,-9.452824536695E-02,
    -2.943761947987));
#2923 = CARTESIAN_POINT('',(2.373204020092,-9.166559504065E-02,
    -2.946789022362));
#2924 = CARTESIAN_POINT('',(2.378210977638,-9.166559504065E-02,
    -2.951795979908));
#2925 = CARTESIAN_POINT('',(2.381238052013,-9.452824536695E-02,
    -2.957523895975));
#2926 = CARTESIAN_POINT('',(2.366473240703,-9.403872557557E-02,
    -2.944263379649));
#2927 = CARTESIAN_POINT('',(2.372519219316,-9.100404788048E-02,
    -2.947253091438));
#2928 = CARTESIAN_POINT('',(2.377746908562,-9.100404788048E-02,
    -2.952480780684));
#2929 = CARTESIAN_POINT('',(2.380736620351,-9.403872557557E-02,
    -2.958526759297));
#2930 = CARTESIAN_POINT('',(2.364547259006,-9.298636452096E-02,
    -2.945226370497));
#2931 = CARTESIAN_POINT('',(2.371268276194,-8.966174249553E-02,
    -2.948064313733));
#2932 = CARTESIAN_POINT('',(2.376935686267,-8.966174249553E-02,
    -2.953731723806));
#2933 = CARTESIAN_POINT('',(2.379773629503,-9.298636452096E-02,
    -2.960452740994));
#2934 = CARTESIAN_POINT('',(2.363623262883,-9.242779287489E-02,
    -2.945688368558));
#2935 = CARTESIAN_POINT('',(2.370688537896,-8.897168378317E-02,
    -2.948425466098));
#2936 = CARTESIAN_POINT('',(2.376574533902,-8.897168378317E-02,
    -2.954311462104));
#2937 = CARTESIAN_POINT('',(2.379311631442,-9.242779287489E-02,
    -2.961376737117));
#2938 = CARTESIAN_POINT('',(2.361874636269,-9.123380233584E-02,
    -2.946562681865));
#2939 = CARTESIAN_POINT('',(2.369661459139,-8.760625349363E-02,
    -2.94902249941));
#2940 = CARTESIAN_POINT('',(2.37597750059,-8.760625349363E-02,
    -2.955338540861));
#2941 = CARTESIAN_POINT('',(2.378437318135,-9.123380233584E-02,
    -2.963125363731));
#2942 = CARTESIAN_POINT('',(2.361048277785,-9.060421356889E-02,
    -2.946975861108));
#2943 = CARTESIAN_POINT('',(2.369202904049,-8.692411503665E-02,
    -2.949269864424));
#2944 = CARTESIAN_POINT('',(2.375730135576,-8.692411503665E-02,
    -2.955797095951));
#2945 = CARTESIAN_POINT('',(2.378024138892,-9.060421356889E-02,
    -2.963951722215));
#2946 = CARTESIAN_POINT('',(2.359648306112,-8.937801822947E-02,
    -2.947675846944));
#2947 = CARTESIAN_POINT('',(2.368480256488,-8.570743871249E-02,
    -2.949620469376));
#2948 = CARTESIAN_POINT('',(2.375379530624,-8.570743871249E-02,
    -2.956519743512));
#2949 = CARTESIAN_POINT('',(2.377324153056,-8.937801822947E-02,
    -2.965351693888));
#2950 = CARTESIAN_POINT('',(2.359060047941,-8.88053565035E-02,
    -2.947969976029));
#2951 = CARTESIAN_POINT('',(2.368198717869,-8.517934128884E-02,
    -2.9497405029));
#2952 = CARTESIAN_POINT('',(2.3752594971,-8.517934128884E-02,
    -2.956801282131));
#2953 = CARTESIAN_POINT('',(2.377030023971,-8.88053565035E-02,
    -2.965939952059));
#2954 = CARTESIAN_POINT('',(2.357986134349,-8.760916399235E-02,
    -2.948506932826));
#2955 = CARTESIAN_POINT('',(2.367720977051,-8.41728515684E-02,
    -2.949914185216));
#2956 = CARTESIAN_POINT('',(2.375085814784,-8.41728515684E-02,
    -2.957279022949));
#2957 = CARTESIAN_POINT('',(2.376493067174,-8.760916399235E-02,
    -2.967013865651));
#2958 = CARTESIAN_POINT('',(2.357497641506,-8.699124126099E-02,
    -2.948751179247));
#2959 = CARTESIAN_POINT('',(2.367517671108,-8.368245595123E-02,
    -2.949974774457));
#2960 = CARTESIAN_POINT('',(2.375025225543,-8.368245595123E-02,
    -2.957482328892));
#2961 = CARTESIAN_POINT('',(2.376248820753,-8.699124126099E-02,
    -2.967502358494));
#2962 = CARTESIAN_POINT('',(2.356336628548,-8.525175195118E-02,
    -2.949331685726));
#2963 = CARTESIAN_POINT('',(2.367095479839,-8.251284121764E-02,
    -2.950049764736));
#2964 = CARTESIAN_POINT('',(2.374950235264,-8.251284121764E-02,
    -2.957904520161));
#2965 = CARTESIAN_POINT('',(2.375668314274,-8.525175195118E-02,
    -2.968663371452));
#2966 = CARTESIAN_POINT('',(2.355749209143,-8.406400865656E-02,
    -2.949625395428));
#2967 = CARTESIAN_POINT('',(2.366923201822,-8.187716419398E-02,
    -2.950036242238));
#2968 = CARTESIAN_POINT('',(2.374963757762,-8.187716419398E-02,
    -2.958076798178));
#2969 = CARTESIAN_POINT('',(2.375374604572,-8.406400865656E-02,
    -2.969250790857));
#2970 = CARTESIAN_POINT('',(2.355135943392,-8.188212579588E-02,
    -2.949932028304));
#2971 = CARTESIAN_POINT('',(2.366742160168,-8.075816592085E-02,
    -2.950019129526));
#2972 = CARTESIAN_POINT('',(2.374980870474,-8.075816592085E-02,
    -2.958257839832));
#2973 = CARTESIAN_POINT('',(2.375067971696,-8.188212579588E-02,
    -2.969864056608));
#2974 = CARTESIAN_POINT('',(2.355000448003,-8.094441568377E-02,-2.95));
#2975 = CARTESIAN_POINT('',(2.366714635009,-8.03504057542E-02,
    -2.950002175282));
#2976 = CARTESIAN_POINT('',(2.374997824718,-8.03504057542E-02,
    -2.958285364991));
#2977 = CARTESIAN_POINT('',(2.375,-8.094441568377E-02,-2.969999551997));
#2978 = CARTESIAN_POINT('',(2.355,-8.E-02,-2.95));
#2979 = CARTESIAN_POINT('',(2.366715728753,-8.E-02,-2.95));
#2980 = CARTESIAN_POINT('',(2.375,-8.E-02,-2.958284271247));
#2981 = CARTESIAN_POINT('',(2.375,-8.E-02,-2.97));
#2982 = ADVANCED_FACE('',(#2983),#3000,.T.);
#2983 = FACE_BOUND('',#2984,.T.);
#2984 = EDGE_LOOP('',(#2985,#2986,#2987,#2994));
#2985 = ORIENTED_EDGE('',*,*,#2819,.F.);
#2986 = ORIENTED_EDGE('',*,*,#2100,.F.);
#2987 = ORIENTED_EDGE('',*,*,#2988,.T.);
#2988 = EDGE_CURVE('',#2093,#2756,#2989,.T.);
#2989 = CIRCLE('',#2990,2.E-02);
#2990 = AXIS2_PLACEMENT_3D('',#2991,#2992,#2993);
#2991 = CARTESIAN_POINT('',(1.645,-8.E-02,-2.93));
#2992 = DIRECTION('',(1.,0.,0.));
#2993 = DIRECTION('',(0.,-1.,0.));
#2994 = ORIENTED_EDGE('',*,*,#2995,.T.);
#2995 = EDGE_CURVE('',#2756,#2789,#2996,.T.);
#2996 = LINE('',#2997,#2998);
#2997 = CARTESIAN_POINT('',(0.,-8.E-02,-2.95));
#2998 = VECTOR('',#2999,1.);
#2999 = DIRECTION('',(1.,0.,-0.));
#3000 = CYLINDRICAL_SURFACE('',#3001,2.E-02);
#3001 = AXIS2_PLACEMENT_3D('',#3002,#3003,#3004);
#3002 = CARTESIAN_POINT('',(0.,-8.E-02,-2.93));
#3003 = DIRECTION('',(1.,0.,-0.));
#3004 = DIRECTION('',(0.,-1.,0.));
#3005 = ADVANCED_FACE('',(#3006),#3017,.T.);
#3006 = FACE_BOUND('',#3007,.T.);
#3007 = EDGE_LOOP('',(#3008,#3015,#3016));
#3008 = ORIENTED_EDGE('',*,*,#3009,.T.);
#3009 = EDGE_CURVE('',#2093,#2764,#3010,.T.);
#3010 = CIRCLE('',#3011,2.E-02);
#3011 = AXIS2_PLACEMENT_3D('',#3012,#3013,#3014);
#3012 = CARTESIAN_POINT('',(1.645,-8.E-02,-2.93));
#3013 = DIRECTION('',(0.,0.,-1.));
#3014 = DIRECTION('',(1.,-0.,0.));
#3015 = ORIENTED_EDGE('',*,*,#2763,.F.);
#3016 = ORIENTED_EDGE('',*,*,#2988,.F.);
#3017 = SPHERICAL_SURFACE('',#3018,2.E-02);
#3018 = AXIS2_PLACEMENT_3D('',#3019,#3020,#3021);
#3019 = CARTESIAN_POINT('',(1.645,-8.E-02,-2.93));
#3020 = DIRECTION('',(0.,-1.,0.));
#3021 = DIRECTION('',(-1.,0.,0.));
#3022 = ADVANCED_FACE('',(#3023),#3040,.T.);
#3023 = FACE_BOUND('',#3024,.T.);
#3024 = EDGE_LOOP('',(#3025,#3026,#3027,#3034));
#3025 = ORIENTED_EDGE('',*,*,#3009,.F.);
#3026 = ORIENTED_EDGE('',*,*,#2092,.F.);
#3027 = ORIENTED_EDGE('',*,*,#3028,.T.);
#3028 = EDGE_CURVE('',#2085,#2726,#3029,.T.);
#3029 = CIRCLE('',#3030,2.E-02);
#3030 = AXIS2_PLACEMENT_3D('',#3031,#3032,#3033);
#3031 = CARTESIAN_POINT('',(1.645,-8.E-02,-2.47));
#3032 = DIRECTION('',(0.,0.,-1.));
#3033 = DIRECTION('',(1.,-0.,0.));
#3034 = ORIENTED_EDGE('',*,*,#3035,.T.);
#3035 = EDGE_CURVE('',#2726,#2764,#3036,.T.);
#3036 = LINE('',#3037,#3038);
#3037 = CARTESIAN_POINT('',(1.625,-8.E-02,-12.7));
#3038 = VECTOR('',#3039,1.);
#3039 = DIRECTION('',(0.,0.,-1.));
#3040 = CYLINDRICAL_SURFACE('',#3041,2.E-02);
#3041 = AXIS2_PLACEMENT_3D('',#3042,#3043,#3044);
#3042 = CARTESIAN_POINT('',(1.645,-8.E-02,-12.7));
#3043 = DIRECTION('',(0.,0.,-1.));
#3044 = DIRECTION('',(-1.,0.,0.));
#3045 = ADVANCED_FACE('',(#3046),#3051,.T.);
#3046 = FACE_BOUND('',#3047,.T.);
#3047 = EDGE_LOOP('',(#3048,#3049,#3050));
#3048 = ORIENTED_EDGE('',*,*,#3028,.F.);
#3049 = ORIENTED_EDGE('',*,*,#2710,.T.);
#3050 = ORIENTED_EDGE('',*,*,#2733,.F.);
#3051 = SPHERICAL_SURFACE('',#3052,2.E-02);
#3052 = AXIS2_PLACEMENT_3D('',#3053,#3054,#3055);
#3053 = CARTESIAN_POINT('',(1.645,-8.E-02,-2.47));
#3054 = DIRECTION('',(-1.,0.,0.));
#3055 = DIRECTION('',(0.,1.,0.));
#3056 = ADVANCED_FACE('',(#3057),#3076,.T.);
#3057 = FACE_BOUND('',#3058,.T.);
#3058 = EDGE_LOOP('',(#3059,#3060,#3061,#3069));
#3059 = ORIENTED_EDGE('',*,*,#2108,.F.);
#3060 = ORIENTED_EDGE('',*,*,#2849,.T.);
#3061 = ORIENTED_EDGE('',*,*,#3062,.T.);
#3062 = EDGE_CURVE('',#2797,#3063,#3065,.T.);
#3063 = VERTEX_POINT('',#3064);
#3064 = CARTESIAN_POINT('',(2.375,-8.E-02,-3.68));
#3065 = LINE('',#3066,#3067);
#3066 = CARTESIAN_POINT('',(2.375,-8.E-02,-12.7));
#3067 = VECTOR('',#3068,1.);
#3068 = DIRECTION('',(0.,0.,-1.));
#3069 = ORIENTED_EDGE('',*,*,#3070,.F.);
#3070 = EDGE_CURVE('',#2109,#3063,#3071,.T.);
#3071 = CIRCLE('',#3072,2.E-02);
#3072 = AXIS2_PLACEMENT_3D('',#3073,#3074,#3075);
#3073 = CARTESIAN_POINT('',(2.395,-8.E-02,-3.68));
#3074 = DIRECTION('',(0.,0.,-1.));
#3075 = DIRECTION('',(1.,-0.,0.));
#3076 = CYLINDRICAL_SURFACE('',#3077,2.E-02);
#3077 = AXIS2_PLACEMENT_3D('',#3078,#3079,#3080);
#3078 = CARTESIAN_POINT('',(2.395,-8.E-02,-12.7));
#3079 = DIRECTION('',(0.,0.,-1.));
#3080 = DIRECTION('',(-1.,0.,0.));
#3081 = ADVANCED_FACE('',(#3082),#3106,.T.);
#3082 = FACE_BOUND('',#3083,.T.);
#3083 = EDGE_LOOP('',(#3084,#3093,#3099,#3100));
#3084 = ORIENTED_EDGE('',*,*,#3085,.T.);
#3085 = EDGE_CURVE('',#3086,#3063,#3088,.T.);
#3086 = VERTEX_POINT('',#3087);
#3087 = CARTESIAN_POINT('',(2.395,-8.E-02,-3.7));
#3088 = CIRCLE('',#3089,2.E-02);
#3089 = AXIS2_PLACEMENT_3D('',#3090,#3091,#3092);
#3090 = CARTESIAN_POINT('',(2.395,-8.E-02,-3.68));
#3091 = DIRECTION('',(-0.,1.,0.));
#3092 = DIRECTION('',(1.,0.,0.));
#3093 = ORIENTED_EDGE('',*,*,#3094,.T.);
#3094 = EDGE_CURVE('',#3063,#1631,#3095,.T.);
#3095 = LINE('',#3096,#3097);
#3096 = CARTESIAN_POINT('',(2.375,0.,-3.68));
#3097 = VECTOR('',#3098,1.);
#3098 = DIRECTION('',(0.,1.,0.));
#3099 = ORIENTED_EDGE('',*,*,#1630,.F.);
#3100 = ORIENTED_EDGE('',*,*,#3101,.F.);
#3101 = EDGE_CURVE('',#3086,#1623,#3102,.T.);
#3102 = LINE('',#3103,#3104);
#3103 = CARTESIAN_POINT('',(2.395,0.,-3.7));
#3104 = VECTOR('',#3105,1.);
#3105 = DIRECTION('',(0.,1.,0.));
#3106 = CYLINDRICAL_SURFACE('',#3107,2.E-02);
#3107 = AXIS2_PLACEMENT_3D('',#3108,#3109,#3110);
#3108 = CARTESIAN_POINT('',(2.395,0.,-3.68));
#3109 = DIRECTION('',(0.,1.,0.));
#3110 = DIRECTION('',(1.,0.,0.));
#3111 = ADVANCED_FACE('',(#3112),#3138,.T.);
#3112 = FACE_BOUND('',#3113,.T.);
#3113 = EDGE_LOOP('',(#3114,#3125,#3131,#3132));
#3114 = ORIENTED_EDGE('',*,*,#3115,.T.);
#3115 = EDGE_CURVE('',#3116,#3118,#3120,.T.);
#3116 = VERTEX_POINT('',#3117);
#3117 = CARTESIAN_POINT('',(2.875,-8.E-02,-3.68));
#3118 = VERTEX_POINT('',#3119);
#3119 = CARTESIAN_POINT('',(2.855,-8.E-02,-3.7));
#3120 = CIRCLE('',#3121,2.E-02);
#3121 = AXIS2_PLACEMENT_3D('',#3122,#3123,#3124);
#3122 = CARTESIAN_POINT('',(2.855,-8.E-02,-3.68));
#3123 = DIRECTION('',(-0.,1.,0.));
#3124 = DIRECTION('',(1.,0.,0.));
#3125 = ORIENTED_EDGE('',*,*,#3126,.F.);
#3126 = EDGE_CURVE('',#1614,#3118,#3127,.T.);
#3127 = LINE('',#3128,#3129);
#3128 = CARTESIAN_POINT('',(2.855,0.,-3.7));
#3129 = VECTOR('',#3130,1.);
#3130 = DIRECTION('',(-0.,-1.,0.));
#3131 = ORIENTED_EDGE('',*,*,#1613,.F.);
#3132 = ORIENTED_EDGE('',*,*,#3133,.T.);
#3133 = EDGE_CURVE('',#1606,#3116,#3134,.T.);
#3134 = LINE('',#3135,#3136);
#3135 = CARTESIAN_POINT('',(2.875,0.,-3.68));
#3136 = VECTOR('',#3137,1.);
#3137 = DIRECTION('',(-0.,-1.,0.));
#3138 = CYLINDRICAL_SURFACE('',#3139,2.E-02);
#3139 = AXIS2_PLACEMENT_3D('',#3140,#3141,#3142);
#3140 = CARTESIAN_POINT('',(2.855,0.,-3.68));
#3141 = DIRECTION('',(0.,1.,0.));
#3142 = DIRECTION('',(1.,0.,-0.));
#3143 = ADVANCED_FACE('',(#3144),#3170,.F.);
#3144 = FACE_BOUND('',#3145,.F.);
#3145 = EDGE_LOOP('',(#3146,#3147,#3155,#3164));
#3146 = ORIENTED_EDGE('',*,*,#1596,.T.);
#3147 = ORIENTED_EDGE('',*,*,#3148,.T.);
#3148 = EDGE_CURVE('',#1597,#3149,#3151,.T.);
#3149 = VERTEX_POINT('',#3150);
#3150 = CARTESIAN_POINT('',(2.875,-8.E-02,-2.97));
#3151 = LINE('',#3152,#3153);
#3152 = CARTESIAN_POINT('',(2.875,0.,-2.97));
#3153 = VECTOR('',#3154,1.);
#3154 = DIRECTION('',(0.,-1.,0.));
#3155 = ORIENTED_EDGE('',*,*,#3156,.F.);
#3156 = EDGE_CURVE('',#3157,#3149,#3159,.T.);
#3157 = VERTEX_POINT('',#3158);
#3158 = CARTESIAN_POINT('',(2.895,-8.E-02,-2.95));
#3159 = ( BOUNDED_CURVE() B_SPLINE_CURVE(3,(#3160,#3161,#3162,#3163),
.UNSPECIFIED.,.F.,.F.) B_SPLINE_CURVE_WITH_KNOTS((4,4),(0.,1.),
.PIECEWISE_BEZIER_KNOTS.) CURVE() GEOMETRIC_REPRESENTATION_ITEM() 
RATIONAL_B_SPLINE_CURVE((1.,0.804737854124,0.804737854124,1.)) 
REPRESENTATION_ITEM('') );
#3160 = CARTESIAN_POINT('',(2.895,-8.E-02,-2.95));
#3161 = CARTESIAN_POINT('',(2.883284271247,-8.E-02,-2.95));
#3162 = CARTESIAN_POINT('',(2.875,-8.E-02,-2.958284271247));
#3163 = CARTESIAN_POINT('',(2.875,-8.E-02,-2.97));
#3164 = ORIENTED_EDGE('',*,*,#3165,.F.);
#3165 = EDGE_CURVE('',#1589,#3157,#3166,.T.);
#3166 = LINE('',#3167,#3168);
#3167 = CARTESIAN_POINT('',(2.895,0.,-2.95));
#3168 = VECTOR('',#3169,1.);
#3169 = DIRECTION('',(0.,-1.,0.));
#3170 = CYLINDRICAL_SURFACE('',#3171,2.E-02);
#3171 = AXIS2_PLACEMENT_3D('',#3172,#3173,#3174);
#3172 = CARTESIAN_POINT('',(2.895,0.,-2.97));
#3173 = DIRECTION('',(0.,-1.,0.));
#3174 = DIRECTION('',(-1.,0.,0.));
#3175 = ADVANCED_FACE('',(#3176),#3237,.T.);
#3176 = FACE_BOUND('',#3177,.T.);
#3177 = EDGE_LOOP('',(#3178,#3207,#3208));
#3178 = ORIENTED_EDGE('',*,*,#3179,.T.);
#3179 = EDGE_CURVE('',#2125,#3149,#3180,.T.);
#3180 = B_SPLINE_CURVE_WITH_KNOTS('',3,(#3181,#3182,#3183,#3184,#3185,
    #3186,#3187,#3188,#3189,#3190,#3191,#3192,#3193,#3194,#3195,#3196,
    #3197,#3198,#3199,#3200,#3201,#3202,#3203,#3204,#3205,#3206),
  .UNSPECIFIED.,.F.,.F.,(4,2,2,2,2,2,2,2,2,2,2,2,4),(0.,
    6.744369780089E-03,1.344063482172E-02,2.002579660161E-02,
    2.644424373409E-02,3.022738706438E-02,3.389593709117E-02,
    3.741682421482E-02,4.076765252052E-02,4.338123822394E-02,
    4.585168786645E-02,4.9891896662E-02,5.273373837614E-02),
  .UNSPECIFIED.);
#3181 = CARTESIAN_POINT('',(2.855,-1.E-01,-2.93));
#3182 = CARTESIAN_POINT('',(2.856006298734,-1.E-01,-2.932010571271));
#3183 = CARTESIAN_POINT('',(2.857010701341,-9.992452743295E-02,
    -2.934021402683));
#3184 = CARTESIAN_POINT('',(2.859009866406,-9.961978715701E-02,
    -2.938019732811));
#3185 = CARTESIAN_POINT('',(2.86000328259,-9.939177402328E-02,
    -2.940006565181));
#3186 = CARTESIAN_POINT('',(2.861964111013,-9.877603683778E-02,
    -2.943928222027));
#3187 = CARTESIAN_POINT('',(2.862931065482,-9.83913828975E-02,
    -2.945862130974));
#3188 = CARTESIAN_POINT('',(2.864823680549,-9.745230172233E-02,
    -2.949647361108));
#3189 = CARTESIAN_POINT('',(2.865749056722,-9.690311827523E-02,
    -2.951498113444));
#3190 = CARTESIAN_POINT('',(2.86719722446,-9.586394122922E-02,
    -2.95439444892));
#3191 = CARTESIAN_POINT('',(2.8677289463,-9.544228966042E-02,
    -2.9554578926));
#3192 = CARTESIAN_POINT('',(2.868761947987,-9.452824536696E-02,
    -2.957523895975));
#3193 = CARTESIAN_POINT('',(2.869263379649,-9.403872557557E-02,
    -2.958526759297));
#3194 = CARTESIAN_POINT('',(2.870226370497,-9.298636452097E-02,
    -2.960452740994));
#3195 = CARTESIAN_POINT('',(2.870688368558,-9.24277928749E-02,
    -2.961376737117));
#3196 = CARTESIAN_POINT('',(2.871562681865,-9.123380233586E-02,
    -2.963125363731));
#3197 = CARTESIAN_POINT('',(2.871975861108,-9.060421356891E-02,
    -2.963951722215));
#3198 = CARTESIAN_POINT('',(2.872675846944,-8.937801822948E-02,
    -2.965351693888));
#3199 = CARTESIAN_POINT('',(2.872969976029,-8.880535650351E-02,
    -2.965939952059));
#3200 = CARTESIAN_POINT('',(2.873506932826,-8.760916399237E-02,
    -2.967013865651));
#3201 = CARTESIAN_POINT('',(2.873751179247,-8.6991241261E-02,
    -2.967502358494));
#3202 = CARTESIAN_POINT('',(2.874331685726,-8.525175195119E-02,
    -2.968663371452));
#3203 = CARTESIAN_POINT('',(2.874625395428,-8.406400865657E-02,
    -2.969250790857));
#3204 = CARTESIAN_POINT('',(2.874932028304,-8.188212579588E-02,
    -2.969864056608));
#3205 = CARTESIAN_POINT('',(2.875,-8.094441568377E-02,-2.969999551997));
#3206 = CARTESIAN_POINT('',(2.875,-8.E-02,-2.97));
#3207 = ORIENTED_EDGE('',*,*,#3156,.F.);
#3208 = ORIENTED_EDGE('',*,*,#3209,.F.);
#3209 = EDGE_CURVE('',#2125,#3157,#3210,.T.);
#3210 = B_SPLINE_CURVE_WITH_KNOTS('',3,(#3211,#3212,#3213,#3214,#3215,
    #3216,#3217,#3218,#3219,#3220,#3221,#3222,#3223,#3224,#3225,#3226,
    #3227,#3228,#3229,#3230,#3231,#3232,#3233,#3234,#3235,#3236),
  .UNSPECIFIED.,.F.,.F.,(4,2,2,2,2,2,2,2,2,2,2,2,4),(0.,
    6.744369780089E-03,1.344063482172E-02,2.002579660161E-02,
    2.644424373409E-02,3.022738706438E-02,3.389593709117E-02,
    3.741682421482E-02,4.076765252052E-02,4.338123822394E-02,
    4.585168786645E-02,4.9891896662E-02,5.273373837614E-02),
  .UNSPECIFIED.);
#3211 = CARTESIAN_POINT('',(2.855,-1.E-01,-2.93));
#3212 = CARTESIAN_POINT('',(2.857010571271,-1.E-01,-2.931006298734));
#3213 = CARTESIAN_POINT('',(2.859021402683,-9.992452743295E-02,
    -2.932010701341));
#3214 = CARTESIAN_POINT('',(2.863019732811,-9.961978715701E-02,
    -2.934009866406));
#3215 = CARTESIAN_POINT('',(2.865006565181,-9.939177402328E-02,
    -2.93500328259));
#3216 = CARTESIAN_POINT('',(2.868928222027,-9.877603683778E-02,
    -2.936964111013));
#3217 = CARTESIAN_POINT('',(2.870862130974,-9.83913828975E-02,
    -2.937931065482));
#3218 = CARTESIAN_POINT('',(2.874647361108,-9.745230172233E-02,
    -2.939823680549));
#3219 = CARTESIAN_POINT('',(2.876498113444,-9.690311827523E-02,
    -2.940749056722));
#3220 = CARTESIAN_POINT('',(2.87939444892,-9.586394122922E-02,
    -2.94219722446));
#3221 = CARTESIAN_POINT('',(2.8804578926,-9.544228966042E-02,
    -2.9427289463));
#3222 = CARTESIAN_POINT('',(2.882523895975,-9.452824536696E-02,
    -2.943761947987));
#3223 = CARTESIAN_POINT('',(2.883526759297,-9.403872557557E-02,
    -2.944263379649));
#3224 = CARTESIAN_POINT('',(2.885452740994,-9.298636452097E-02,
    -2.945226370497));
#3225 = CARTESIAN_POINT('',(2.886376737117,-9.24277928749E-02,
    -2.945688368558));
#3226 = CARTESIAN_POINT('',(2.888125363731,-9.123380233585E-02,
    -2.946562681865));
#3227 = CARTESIAN_POINT('',(2.888951722215,-9.060421356891E-02,
    -2.946975861108));
#3228 = CARTESIAN_POINT('',(2.890351693888,-8.937801822948E-02,
    -2.947675846944));
#3229 = CARTESIAN_POINT('',(2.890939952059,-8.880535650351E-02,
    -2.947969976029));
#3230 = CARTESIAN_POINT('',(2.892013865651,-8.760916399237E-02,
    -2.948506932826));
#3231 = CARTESIAN_POINT('',(2.892502358494,-8.6991241261E-02,
    -2.948751179247));
#3232 = CARTESIAN_POINT('',(2.893663371452,-8.525175195119E-02,
    -2.949331685726));
#3233 = CARTESIAN_POINT('',(2.894250790857,-8.406400865657E-02,
    -2.949625395428));
#3234 = CARTESIAN_POINT('',(2.894864056608,-8.188212579588E-02,
    -2.949932028304));
#3235 = CARTESIAN_POINT('',(2.894999551997,-8.094441568377E-02,-2.95));
#3236 = CARTESIAN_POINT('',(2.895,-8.E-02,-2.95));
#3237 = ( BOUNDED_SURFACE() B_SPLINE_SURFACE(3,3,(
    (#3238,#3239,#3240,#3241)
    ,(#3242,#3243,#3244,#3245)
    ,(#3246,#3247,#3248,#3249)
    ,(#3250,#3251,#3252,#3253)
    ,(#3254,#3255,#3256,#3257)
    ,(#3258,#3259,#3260,#3261)
    ,(#3262,#3263,#3264,#3265)
    ,(#3266,#3267,#3268,#3269)
    ,(#3270,#3271,#3272,#3273)
    ,(#3274,#3275,#3276,#3277)
    ,(#3278,#3279,#3280,#3281)
    ,(#3282,#3283,#3284,#3285)
    ,(#3286,#3287,#3288,#3289)
    ,(#3290,#3291,#3292,#3293)
    ,(#3294,#3295,#3296,#3297)
    ,(#3298,#3299,#3300,#3301)
    ,(#3302,#3303,#3304,#3305)
    ,(#3306,#3307,#3308,#3309)
    ,(#3310,#3311,#3312,#3313)
    ,(#3314,#3315,#3316,#3317)
    ,(#3318,#3319,#3320,#3321)
    ,(#3322,#3323,#3324,#3325)
    ,(#3326,#3327,#3328,#3329)
    ,(#3330,#3331,#3332,#3333)
    ,(#3334,#3335,#3336,#3337)
    ,(#3338,#3339,#3340,#3341
)),.UNSPECIFIED.,.F.,.F.,.F.) B_SPLINE_SURFACE_WITH_KNOTS((4,2,2,2,2,2,2
    ,2,2,2,2,2,4),(4,4),(0.,6.744369780089E-03,1.344063482172E-02,
    2.002579660161E-02,2.644424373409E-02,3.022738706438E-02,
    3.389593709117E-02,3.741682421482E-02,4.076765252052E-02,
    4.338123822394E-02,4.585168786645E-02,4.9891896662E-02,
    5.273373837614E-02),(0.,1.),.UNSPECIFIED.) 
GEOMETRIC_REPRESENTATION_ITEM() RATIONAL_B_SPLINE_SURFACE((
    (1.,1.,1.,1.)
    ,(1.,0.999972950081,0.999972950081,1.)
    ,(1.,0.998717336724,0.998717336724,1.)
    ,(1.,0.993663543098,0.993663543098,1.)
    ,(1.,0.989894364971,0.989894364971,1.)
    ,(1.,0.979869518291,0.979869518291,1.)
    ,(1.,0.973664088822,0.973664088822,1.)
    ,(1.,0.958907749686,0.958907749686,1.)
    ,(1.,0.950411675265,0.950411675265,1.)
    ,(1.,0.934982195566,0.934982195566,1.)
    ,(1.,0.92883387919,0.92883387919,1.)
    ,(1.,0.91591213328,0.91591213328,1.)
    ,(1.,0.909172729193,0.909172729193,1.)
    ,(1.,0.895291406092,0.895291406092,1.)
    ,(1.,0.888182320557,0.888182320557,1.)
    ,(1.,0.87387236405,0.87387236405,1.)
    ,(1.,0.866692350743,0.866692350743,1.)
    ,(1.,0.853860976553,0.853860976553,1.)
    ,(1.,0.848224329302,0.848224329302,1.)
    ,(1.,0.837519335924,0.837519335924,1.)
    ,(1.,0.832463622935,0.832463622935,1.)
    ,(1.,0.82016373726,0.82016373726,1.)
    ,(1.,0.813533988867,0.813533988867,1.)
    ,(1.,0.806413486823,0.806413486823,1.)
    ,(1.,0.804829107312,0.804829107312,1.)
,(1.,0.804737854124,0.804737854124,1.
))) REPRESENTATION_ITEM('') SURFACE() );
#3238 = CARTESIAN_POINT('',(2.855,-1.E-01,-2.93));
#3239 = CARTESIAN_POINT('',(2.855,-1.E-01,-2.93));
#3240 = CARTESIAN_POINT('',(2.855,-1.E-01,-2.93));
#3241 = CARTESIAN_POINT('',(2.855,-1.E-01,-2.93));
#3242 = CARTESIAN_POINT('',(2.856006298734,-1.E-01,-2.932010571271));
#3243 = CARTESIAN_POINT('',(2.85633721385,-9.99998845544E-02,
    -2.93167197521));
#3244 = CARTESIAN_POINT('',(2.85667197521,-9.99998845544E-02,
    -2.93133721385));
#3245 = CARTESIAN_POINT('',(2.857010571271,-1.E-01,-2.931006298734));
#3246 = CARTESIAN_POINT('',(2.857010701341,-9.992452743295E-02,
    -2.934021402683));
#3247 = CARTESIAN_POINT('',(2.857684991093,-9.987308481824E-02,
    -2.933355239129));
#3248 = CARTESIAN_POINT('',(2.858355239129,-9.987308481824E-02,
    -2.932684991093));
#3249 = CARTESIAN_POINT('',(2.859021402683,-9.992452743295E-02,
    -2.932010701341));
#3250 = CARTESIAN_POINT('',(2.859009866406,-9.961978715701E-02,
    -2.938019732811));
#3251 = CARTESIAN_POINT('',(2.86031560174,-9.936951662036E-02,
    -2.936659896769));
#3252 = CARTESIAN_POINT('',(2.861659896769,-9.936951662036E-02,
    -2.93531560174));
#3253 = CARTESIAN_POINT('',(2.863019732811,-9.961978715701E-02,
    -2.934009866406));
#3254 = CARTESIAN_POINT('',(2.86000328259,-9.939177402328E-02,
    -2.940006565181));
#3255 = CARTESIAN_POINT('',(2.861622113259,-9.899079098479E-02,
    -2.938305157946));
#3256 = CARTESIAN_POINT('',(2.863305157946,-9.899079098479E-02,
    -2.936622113259));
#3257 = CARTESIAN_POINT('',(2.865006565181,-9.939177402328E-02,
    -2.93500328259));
#3258 = CARTESIAN_POINT('',(2.861964111013,-9.877603683778E-02,
    -2.943928222027));
#3259 = CARTESIAN_POINT('',(2.864118236225,-9.799370161224E-02,
    -2.941485578632));
#3260 = CARTESIAN_POINT('',(2.866485578632,-9.799370161224E-02,
    -2.939118236225));
#3261 = CARTESIAN_POINT('',(2.868928222027,-9.877603683778E-02,
    -2.936964111013));
#3262 = CARTESIAN_POINT('',(2.862931065482,-9.83913828975E-02,
    -2.945862130974));
#3263 = CARTESIAN_POINT('',(2.865336221281,-9.737061214667E-02,
    -2.943048721723));
#3264 = CARTESIAN_POINT('',(2.868048721723,-9.737061214666E-02,
    -2.940336221281));
#3265 = CARTESIAN_POINT('',(2.870862130974,-9.83913828975E-02,
    -2.937931065482));
#3266 = CARTESIAN_POINT('',(2.864823680549,-9.745230172233E-02,
    -2.949647361108));
#3267 = CARTESIAN_POINT('',(2.867598005166,-9.590714405975E-02,
    -2.946010271849));
#3268 = CARTESIAN_POINT('',(2.871010271849,-9.590714405975E-02,
    -2.942598005166));
#3269 = CARTESIAN_POINT('',(2.874647361108,-9.745230172233E-02,
    -2.939823680549));
#3270 = CARTESIAN_POINT('',(2.865749056722,-9.690311827523E-02,
    -2.951498113444));
#3271 = CARTESIAN_POINT('',(2.868667264359,-9.506317929686E-02,
    -2.947433516709));
#3272 = CARTESIAN_POINT('',(2.872433516709,-9.506317929686E-02,
    -2.943667264359));
#3273 = CARTESIAN_POINT('',(2.876498113444,-9.690311827523E-02,
    -2.940749056722));
#3274 = CARTESIAN_POINT('',(2.86719722446,-9.586394122922E-02,
    -2.95439444892));
#3275 = CARTESIAN_POINT('',(2.870235022074,-9.353415589999E-02,
    -2.94958217165));
#3276 = CARTESIAN_POINT('',(2.87458217165,-9.353415589999E-02,
    -2.945235022074));
#3277 = CARTESIAN_POINT('',(2.87939444892,-9.586394122922E-02,
    -2.94219722446));
#3278 = CARTESIAN_POINT('',(2.8677289463,-9.544228966042E-02,
    -2.9554578926));
#3279 = CARTESIAN_POINT('',(2.870784446601,-9.292845495237E-02,
    -2.950350944657));
#3280 = CARTESIAN_POINT('',(2.875350944657,-9.292845495237E-02,
    -2.945784446601));
#3281 = CARTESIAN_POINT('',(2.8804578926,-9.544228966042E-02,
    -2.9427289463));
#3282 = CARTESIAN_POINT('',(2.868761947987,-9.452824536696E-02,
    -2.957523895975));
#3283 = CARTESIAN_POINT('',(2.871789022362,-9.166559504066E-02,
    -2.951795979908));
#3284 = CARTESIAN_POINT('',(2.876795979908,-9.166559504066E-02,
    -2.946789022362));
#3285 = CARTESIAN_POINT('',(2.882523895975,-9.452824536696E-02,
    -2.943761947987));
#3286 = CARTESIAN_POINT('',(2.869263379649,-9.403872557557E-02,
    -2.958526759297));
#3287 = CARTESIAN_POINT('',(2.872253091438,-9.100404788049E-02,
    -2.952480780684));
#3288 = CARTESIAN_POINT('',(2.877480780684,-9.100404788049E-02,
    -2.947253091438));
#3289 = CARTESIAN_POINT('',(2.883526759297,-9.403872557557E-02,
    -2.944263379649));
#3290 = CARTESIAN_POINT('',(2.870226370497,-9.298636452097E-02,
    -2.960452740994));
#3291 = CARTESIAN_POINT('',(2.873064313733,-8.966174249554E-02,
    -2.953731723806));
#3292 = CARTESIAN_POINT('',(2.878731723806,-8.966174249554E-02,
    -2.948064313733));
#3293 = CARTESIAN_POINT('',(2.885452740994,-9.298636452097E-02,
    -2.945226370497));
#3294 = CARTESIAN_POINT('',(2.870688368558,-9.24277928749E-02,
    -2.961376737117));
#3295 = CARTESIAN_POINT('',(2.873425466098,-8.897168378318E-02,
    -2.954311462104));
#3296 = CARTESIAN_POINT('',(2.879311462104,-8.897168378318E-02,
    -2.948425466098));
#3297 = CARTESIAN_POINT('',(2.886376737117,-9.24277928749E-02,
    -2.945688368558));
#3298 = CARTESIAN_POINT('',(2.871562681865,-9.123380233586E-02,
    -2.963125363731));
#3299 = CARTESIAN_POINT('',(2.87402249941,-8.760625349364E-02,
    -2.955338540861));
#3300 = CARTESIAN_POINT('',(2.880338540861,-8.760625349364E-02,
    -2.94902249941));
#3301 = CARTESIAN_POINT('',(2.888125363731,-9.123380233585E-02,
    -2.946562681865));
#3302 = CARTESIAN_POINT('',(2.871975861108,-9.060421356891E-02,
    -2.963951722215));
#3303 = CARTESIAN_POINT('',(2.874269864424,-8.692411503666E-02,
    -2.955797095951));
#3304 = CARTESIAN_POINT('',(2.880797095951,-8.692411503667E-02,
    -2.949269864424));
#3305 = CARTESIAN_POINT('',(2.888951722215,-9.060421356891E-02,
    -2.946975861108));
#3306 = CARTESIAN_POINT('',(2.872675846944,-8.937801822948E-02,
    -2.965351693888));
#3307 = CARTESIAN_POINT('',(2.874620469376,-8.57074387125E-02,
    -2.956519743512));
#3308 = CARTESIAN_POINT('',(2.881519743512,-8.57074387125E-02,
    -2.949620469376));
#3309 = CARTESIAN_POINT('',(2.890351693888,-8.937801822948E-02,
    -2.947675846944));
#3310 = CARTESIAN_POINT('',(2.872969976029,-8.880535650351E-02,
    -2.965939952059));
#3311 = CARTESIAN_POINT('',(2.8747405029,-8.517934128886E-02,
    -2.956801282131));
#3312 = CARTESIAN_POINT('',(2.881801282131,-8.517934128885E-02,
    -2.9497405029));
#3313 = CARTESIAN_POINT('',(2.890939952059,-8.880535650351E-02,
    -2.947969976029));
#3314 = CARTESIAN_POINT('',(2.873506932826,-8.760916399237E-02,
    -2.967013865651));
#3315 = CARTESIAN_POINT('',(2.874914185216,-8.417285156841E-02,
    -2.957279022949));
#3316 = CARTESIAN_POINT('',(2.882279022949,-8.417285156841E-02,
    -2.949914185216));
#3317 = CARTESIAN_POINT('',(2.892013865651,-8.760916399237E-02,
    -2.948506932826));
#3318 = CARTESIAN_POINT('',(2.873751179247,-8.6991241261E-02,
    -2.967502358494));
#3319 = CARTESIAN_POINT('',(2.874974774457,-8.368245595125E-02,
    -2.957482328892));
#3320 = CARTESIAN_POINT('',(2.882482328892,-8.368245595125E-02,
    -2.949974774457));
#3321 = CARTESIAN_POINT('',(2.892502358494,-8.6991241261E-02,
    -2.948751179247));
#3322 = CARTESIAN_POINT('',(2.874331685726,-8.525175195119E-02,
    -2.968663371452));
#3323 = CARTESIAN_POINT('',(2.875049764736,-8.251284121765E-02,
    -2.957904520161));
#3324 = CARTESIAN_POINT('',(2.882904520161,-8.251284121765E-02,
    -2.950049764736));
#3325 = CARTESIAN_POINT('',(2.893663371452,-8.525175195119E-02,
    -2.949331685726));
#3326 = CARTESIAN_POINT('',(2.874625395428,-8.406400865657E-02,
    -2.969250790857));
#3327 = CARTESIAN_POINT('',(2.875036242238,-8.187716419398E-02,
    -2.958076798178));
#3328 = CARTESIAN_POINT('',(2.883076798178,-8.187716419398E-02,
    -2.950036242238));
#3329 = CARTESIAN_POINT('',(2.894250790857,-8.406400865657E-02,
    -2.949625395428));
#3330 = CARTESIAN_POINT('',(2.874932028304,-8.188212579588E-02,
    -2.969864056608));
#3331 = CARTESIAN_POINT('',(2.875019129526,-8.075816592084E-02,
    -2.958257839832));
#3332 = CARTESIAN_POINT('',(2.883257839832,-8.075816592084E-02,
    -2.950019129526));
#3333 = CARTESIAN_POINT('',(2.894864056608,-8.188212579588E-02,
    -2.949932028304));
#3334 = CARTESIAN_POINT('',(2.875,-8.094441568377E-02,-2.969999551997));
#3335 = CARTESIAN_POINT('',(2.875002175282,-8.03504057542E-02,
    -2.958285364991));
#3336 = CARTESIAN_POINT('',(2.883285364991,-8.03504057542E-02,
    -2.950002175282));
#3337 = CARTESIAN_POINT('',(2.894999551997,-8.094441568377E-02,-2.95));
#3338 = CARTESIAN_POINT('',(2.875,-8.E-02,-2.97));
#3339 = CARTESIAN_POINT('',(2.875,-8.E-02,-2.958284271247));
#3340 = CARTESIAN_POINT('',(2.883284271247,-8.E-02,-2.95));
#3341 = CARTESIAN_POINT('',(2.895,-8.E-02,-2.95));
#3342 = ADVANCED_FACE('',(#3343),#3360,.T.);
#3343 = FACE_BOUND('',#3344,.T.);
#3344 = EDGE_LOOP('',(#3345,#3346,#3347,#3354));
#3345 = ORIENTED_EDGE('',*,*,#3179,.F.);
#3346 = ORIENTED_EDGE('',*,*,#2124,.F.);
#3347 = ORIENTED_EDGE('',*,*,#3348,.T.);
#3348 = EDGE_CURVE('',#2117,#3116,#3349,.T.);
#3349 = CIRCLE('',#3350,2.E-02);
#3350 = AXIS2_PLACEMENT_3D('',#3351,#3352,#3353);
#3351 = CARTESIAN_POINT('',(2.855,-8.E-02,-3.68));
#3352 = DIRECTION('',(-0.,0.,1.));
#3353 = DIRECTION('',(1.,0.,0.));
#3354 = ORIENTED_EDGE('',*,*,#3355,.T.);
#3355 = EDGE_CURVE('',#3116,#3149,#3356,.T.);
#3356 = LINE('',#3357,#3358);
#3357 = CARTESIAN_POINT('',(2.875,-8.E-02,-12.7));
#3358 = VECTOR('',#3359,1.);
#3359 = DIRECTION('',(-0.,0.,1.));
#3360 = CYLINDRICAL_SURFACE('',#3361,2.E-02);
#3361 = AXIS2_PLACEMENT_3D('',#3362,#3363,#3364);
#3362 = CARTESIAN_POINT('',(2.855,-8.E-02,-12.7));
#3363 = DIRECTION('',(-0.,0.,1.));
#3364 = DIRECTION('',(1.,0.,0.));
#3365 = ADVANCED_FACE('',(#3366),#3377,.T.);
#3366 = FACE_BOUND('',#3367,.T.);
#3367 = EDGE_LOOP('',(#3368,#3369,#3370));
#3368 = ORIENTED_EDGE('',*,*,#3115,.F.);
#3369 = ORIENTED_EDGE('',*,*,#3348,.F.);
#3370 = ORIENTED_EDGE('',*,*,#3371,.T.);
#3371 = EDGE_CURVE('',#2117,#3118,#3372,.T.);
#3372 = CIRCLE('',#3373,2.E-02);
#3373 = AXIS2_PLACEMENT_3D('',#3374,#3375,#3376);
#3374 = CARTESIAN_POINT('',(2.855,-8.E-02,-3.68));
#3375 = DIRECTION('',(1.,0.,0.));
#3376 = DIRECTION('',(0.,-1.,0.));
#3377 = SPHERICAL_SURFACE('',#3378,2.E-02);
#3378 = AXIS2_PLACEMENT_3D('',#3379,#3380,#3381);
#3379 = CARTESIAN_POINT('',(2.855,-8.E-02,-3.68));
#3380 = DIRECTION('',(0.,0.,-1.));
#3381 = DIRECTION('',(-1.,0.,0.));
#3382 = ADVANCED_FACE('',(#3383),#3400,.T.);
#3383 = FACE_BOUND('',#3384,.T.);
#3384 = EDGE_LOOP('',(#3385,#3386,#3393,#3399));
#3385 = ORIENTED_EDGE('',*,*,#2116,.F.);
#3386 = ORIENTED_EDGE('',*,*,#3387,.T.);
#3387 = EDGE_CURVE('',#2109,#3086,#3388,.T.);
#3388 = CIRCLE('',#3389,2.E-02);
#3389 = AXIS2_PLACEMENT_3D('',#3390,#3391,#3392);
#3390 = CARTESIAN_POINT('',(2.395,-8.E-02,-3.68));
#3391 = DIRECTION('',(1.,0.,0.));
#3392 = DIRECTION('',(0.,-1.,0.));
#3393 = ORIENTED_EDGE('',*,*,#3394,.T.);
#3394 = EDGE_CURVE('',#3086,#3118,#3395,.T.);
#3395 = LINE('',#3396,#3397);
#3396 = CARTESIAN_POINT('',(0.,-8.E-02,-3.7));
#3397 = VECTOR('',#3398,1.);
#3398 = DIRECTION('',(1.,0.,-0.));
#3399 = ORIENTED_EDGE('',*,*,#3371,.F.);
#3400 = CYLINDRICAL_SURFACE('',#3401,2.E-02);
#3401 = AXIS2_PLACEMENT_3D('',#3402,#3403,#3404);
#3402 = CARTESIAN_POINT('',(0.,-8.E-02,-3.68));
#3403 = DIRECTION('',(1.,0.,-0.));
#3404 = DIRECTION('',(0.,-1.,0.));
#3405 = ADVANCED_FACE('',(#3406),#3411,.T.);
#3406 = FACE_BOUND('',#3407,.T.);
#3407 = EDGE_LOOP('',(#3408,#3409,#3410));
#3408 = ORIENTED_EDGE('',*,*,#3085,.F.);
#3409 = ORIENTED_EDGE('',*,*,#3387,.F.);
#3410 = ORIENTED_EDGE('',*,*,#3070,.T.);
#3411 = SPHERICAL_SURFACE('',#3412,2.E-02);
#3412 = AXIS2_PLACEMENT_3D('',#3413,#3414,#3415);
#3413 = CARTESIAN_POINT('',(2.395,-8.E-02,-3.68));
#3414 = DIRECTION('',(-1.,0.,0.));
#3415 = DIRECTION('',(0.,1.,0.));
#3416 = ADVANCED_FACE('',(#3417),#3436,.T.);
#3417 = FACE_BOUND('',#3418,.T.);
#3418 = EDGE_LOOP('',(#3419,#3428,#3429,#3430));
#3419 = ORIENTED_EDGE('',*,*,#3420,.F.);
#3420 = EDGE_CURVE('',#2029,#3421,#3423,.T.);
#3421 = VERTEX_POINT('',#3422);
#3422 = CARTESIAN_POINT('',(3.605,-8.E-02,-2.95));
#3423 = CIRCLE('',#3424,2.E-02);
#3424 = AXIS2_PLACEMENT_3D('',#3425,#3426,#3427);
#3425 = CARTESIAN_POINT('',(3.605,-8.E-02,-2.93));
#3426 = DIRECTION('',(1.,0.,0.));
#3427 = DIRECTION('',(0.,-1.,0.));
#3428 = ORIENTED_EDGE('',*,*,#2132,.F.);
#3429 = ORIENTED_EDGE('',*,*,#3209,.T.);
#3430 = ORIENTED_EDGE('',*,*,#3431,.T.);
#3431 = EDGE_CURVE('',#3157,#3421,#3432,.T.);
#3432 = LINE('',#3433,#3434);
#3433 = CARTESIAN_POINT('',(0.,-8.E-02,-2.95));
#3434 = VECTOR('',#3435,1.);
#3435 = DIRECTION('',(1.,0.,-0.));
#3436 = CYLINDRICAL_SURFACE('',#3437,2.E-02);
#3437 = AXIS2_PLACEMENT_3D('',#3438,#3439,#3440);
#3438 = CARTESIAN_POINT('',(0.,-8.E-02,-2.93));
#3439 = DIRECTION('',(1.,0.,-0.));
#3440 = DIRECTION('',(0.,-1.,0.));
#3441 = ADVANCED_FACE('',(#3442),#3459,.T.);
#3442 = FACE_BOUND('',#3443,.T.);
#3443 = EDGE_LOOP('',(#3444,#3445,#3452,#3458));
#3444 = ORIENTED_EDGE('',*,*,#1995,.T.);
#3445 = ORIENTED_EDGE('',*,*,#3446,.T.);
#3446 = EDGE_CURVE('',#1996,#3421,#3447,.T.);
#3447 = CIRCLE('',#3448,2.E-02);
#3448 = AXIS2_PLACEMENT_3D('',#3449,#3450,#3451);
#3449 = CARTESIAN_POINT('',(3.605,-8.E-02,-2.93));
#3450 = DIRECTION('',(-0.,1.,0.));
#3451 = DIRECTION('',(1.,0.,0.));
#3452 = ORIENTED_EDGE('',*,*,#3453,.F.);
#3453 = EDGE_CURVE('',#1580,#3421,#3454,.T.);
#3454 = LINE('',#3455,#3456);
#3455 = CARTESIAN_POINT('',(3.605,0.,-2.95));
#3456 = VECTOR('',#3457,1.);
#3457 = DIRECTION('',(-0.,-1.,0.));
#3458 = ORIENTED_EDGE('',*,*,#1579,.F.);
#3459 = CYLINDRICAL_SURFACE('',#3460,2.E-02);
#3460 = AXIS2_PLACEMENT_3D('',#3461,#3462,#3463);
#3461 = CARTESIAN_POINT('',(3.605,0.,-2.93));
#3462 = DIRECTION('',(0.,1.,0.));
#3463 = DIRECTION('',(1.,0.,-0.));
#3464 = ADVANCED_FACE('',(#3465),#3470,.T.);
#3465 = FACE_BOUND('',#3466,.T.);
#3466 = EDGE_LOOP('',(#3467,#3468,#3469));
#3467 = ORIENTED_EDGE('',*,*,#3420,.T.);
#3468 = ORIENTED_EDGE('',*,*,#3446,.F.);
#3469 = ORIENTED_EDGE('',*,*,#2036,.T.);
#3470 = SPHERICAL_SURFACE('',#3471,2.E-02);
#3471 = AXIS2_PLACEMENT_3D('',#3472,#3473,#3474);
#3472 = CARTESIAN_POINT('',(3.605,-8.E-02,-2.93));
#3473 = DIRECTION('',(0.,-1.,0.));
#3474 = DIRECTION('',(-1.,0.,0.));
#3475 = ADVANCED_FACE('',(#3476),#3482,.F.);
#3476 = FACE_BOUND('',#3477,.T.);
#3477 = EDGE_LOOP('',(#3478,#3479,#3480,#3481));
#3478 = ORIENTED_EDGE('',*,*,#3165,.F.);
#3479 = ORIENTED_EDGE('',*,*,#1588,.F.);
#3480 = ORIENTED_EDGE('',*,*,#3453,.T.);
#3481 = ORIENTED_EDGE('',*,*,#3431,.F.);
#3482 = PLANE('',#3483);
#3483 = AXIS2_PLACEMENT_3D('',#3484,#3485,#3486);
#3484 = CARTESIAN_POINT('',(2.875,0.,-2.95));
#3485 = DIRECTION('',(0.,0.,1.));
#3486 = DIRECTION('',(-1.,0.,0.));
#3487 = ADVANCED_FACE('',(#3488),#3494,.F.);
#3488 = FACE_BOUND('',#3489,.T.);
#3489 = EDGE_LOOP('',(#3490,#3491,#3492,#3493));
#3490 = ORIENTED_EDGE('',*,*,#3133,.F.);
#3491 = ORIENTED_EDGE('',*,*,#1605,.F.);
#3492 = ORIENTED_EDGE('',*,*,#3148,.T.);
#3493 = ORIENTED_EDGE('',*,*,#3355,.F.);
#3494 = PLANE('',#3495);
#3495 = AXIS2_PLACEMENT_3D('',#3496,#3497,#3498);
#3496 = CARTESIAN_POINT('',(2.875,0.,-3.7));
#3497 = DIRECTION('',(-1.,-0.,-0.));
#3498 = DIRECTION('',(0.,0.,-1.));
#3499 = ADVANCED_FACE('',(#3500),#3506,.F.);
#3500 = FACE_BOUND('',#3501,.T.);
#3501 = EDGE_LOOP('',(#3502,#3503,#3504,#3505));
#3502 = ORIENTED_EDGE('',*,*,#3101,.T.);
#3503 = ORIENTED_EDGE('',*,*,#1622,.F.);
#3504 = ORIENTED_EDGE('',*,*,#3126,.T.);
#3505 = ORIENTED_EDGE('',*,*,#3394,.F.);
#3506 = PLANE('',#3507);
#3507 = AXIS2_PLACEMENT_3D('',#3508,#3509,#3510);
#3508 = CARTESIAN_POINT('',(2.375,0.,-3.7));
#3509 = DIRECTION('',(0.,0.,1.));
#3510 = DIRECTION('',(-1.,0.,0.));
#3511 = ADVANCED_FACE('',(#3512),#3518,.F.);
#3512 = FACE_BOUND('',#3513,.T.);
#3513 = EDGE_LOOP('',(#3514,#3515,#3516,#3517));
#3514 = ORIENTED_EDGE('',*,*,#2805,.F.);
#3515 = ORIENTED_EDGE('',*,*,#1639,.F.);
#3516 = ORIENTED_EDGE('',*,*,#3094,.F.);
#3517 = ORIENTED_EDGE('',*,*,#3062,.F.);
#3518 = PLANE('',#3519);
#3519 = AXIS2_PLACEMENT_3D('',#3520,#3521,#3522);
#3520 = CARTESIAN_POINT('',(2.375,0.,-2.95));
#3521 = DIRECTION('',(1.,0.,-0.));
#3522 = DIRECTION('',(0.,0.,1.));
#3523 = ADVANCED_FACE('',(#3524),#3530,.F.);
#3524 = FACE_BOUND('',#3525,.T.);
#3525 = EDGE_LOOP('',(#3526,#3527,#3528,#3529));
#3526 = ORIENTED_EDGE('',*,*,#2755,.F.);
#3527 = ORIENTED_EDGE('',*,*,#1656,.F.);
#3528 = ORIENTED_EDGE('',*,*,#2788,.T.);
#3529 = ORIENTED_EDGE('',*,*,#2995,.F.);
#3530 = PLANE('',#3531);
#3531 = AXIS2_PLACEMENT_3D('',#3532,#3533,#3534);
#3532 = CARTESIAN_POINT('',(1.625,0.,-2.95));
#3533 = DIRECTION('',(0.,0.,1.));
#3534 = DIRECTION('',(-1.,0.,0.));
#3535 = ADVANCED_FACE('',(#3536),#3542,.F.);
#3536 = FACE_BOUND('',#3537,.T.);
#3537 = EDGE_LOOP('',(#3538,#3539,#3540,#3541));
#3538 = ORIENTED_EDGE('',*,*,#2725,.T.);
#3539 = ORIENTED_EDGE('',*,*,#1673,.F.);
#3540 = ORIENTED_EDGE('',*,*,#2772,.T.);
#3541 = ORIENTED_EDGE('',*,*,#3035,.F.);
#3542 = PLANE('',#3543);
#3543 = AXIS2_PLACEMENT_3D('',#3544,#3545,#3546);
#3544 = CARTESIAN_POINT('',(1.625,0.,-2.45));
#3545 = DIRECTION('',(1.,0.,-0.));
#3546 = DIRECTION('',(0.,0.,1.));
#3547 = ADVANCED_FACE('',(#3548),#3554,.F.);
#3548 = FACE_BOUND('',#3549,.T.);
#3549 = EDGE_LOOP('',(#3550,#3551,#3552,#3553));
#3550 = ORIENTED_EDGE('',*,*,#2445,.F.);
#3551 = ORIENTED_EDGE('',*,*,#1690,.F.);
#3552 = ORIENTED_EDGE('',*,*,#2740,.F.);
#3553 = ORIENTED_EDGE('',*,*,#2702,.F.);
#3554 = PLANE('',#3555);
#3555 = AXIS2_PLACEMENT_3D('',#3556,#3557,#3558);
#3556 = CARTESIAN_POINT('',(2.375,0.,-2.45));
#3557 = DIRECTION('',(0.,0.,-1.));
#3558 = DIRECTION('',(1.,0.,0.));
#3559 = ADVANCED_FACE('',(#3560),#3566,.F.);
#3560 = FACE_BOUND('',#3561,.T.);
#3561 = EDGE_LOOP('',(#3562,#3563,#3564,#3565));
#3562 = ORIENTED_EDGE('',*,*,#2395,.F.);
#3563 = ORIENTED_EDGE('',*,*,#1707,.F.);
#3564 = ORIENTED_EDGE('',*,*,#2428,.T.);
#3565 = ORIENTED_EDGE('',*,*,#2635,.F.);
#3566 = PLANE('',#3567);
#3567 = AXIS2_PLACEMENT_3D('',#3568,#3569,#3570);
#3568 = CARTESIAN_POINT('',(2.375,0.,-1.7));
#3569 = DIRECTION('',(1.,0.,-0.));
#3570 = DIRECTION('',(0.,0.,1.));
#3571 = ADVANCED_FACE('',(#3572),#3578,.F.);
#3572 = FACE_BOUND('',#3573,.T.);
#3573 = EDGE_LOOP('',(#3574,#3575,#3576,#3577));
#3574 = ORIENTED_EDGE('',*,*,#2365,.T.);
#3575 = ORIENTED_EDGE('',*,*,#1724,.F.);
#3576 = ORIENTED_EDGE('',*,*,#2412,.T.);
#3577 = ORIENTED_EDGE('',*,*,#2675,.F.);
#3578 = PLANE('',#3579);
#3579 = AXIS2_PLACEMENT_3D('',#3580,#3581,#3582);
#3580 = CARTESIAN_POINT('',(2.875,0.,-1.7));
#3581 = DIRECTION('',(0.,0.,-1.));
#3582 = DIRECTION('',(1.,0.,0.));
#3583 = ADVANCED_FACE('',(#3584),#3595,.F.);
#3584 = FACE_BOUND('',#3585,.T.);
#3585 = EDGE_LOOP('',(#3586,#3587,#3593,#3594));
#3586 = ORIENTED_EDGE('',*,*,#2341,.F.);
#3587 = ORIENTED_EDGE('',*,*,#3588,.F.);
#3588 = EDGE_CURVE('',#1538,#2195,#3589,.T.);
#3589 = LINE('',#3590,#3591);
#3590 = CARTESIAN_POINT('',(2.875,0.,-2.43));
#3591 = VECTOR('',#3592,1.);
#3592 = DIRECTION('',(0.,-1.,0.));
#3593 = ORIENTED_EDGE('',*,*,#1535,.F.);
#3594 = ORIENTED_EDGE('',*,*,#2380,.F.);
#3595 = PLANE('',#3596);
#3596 = AXIS2_PLACEMENT_3D('',#3597,#3598,#3599);
#3597 = CARTESIAN_POINT('',(2.875,0.,-2.45));
#3598 = DIRECTION('',(-1.,-0.,-0.));
#3599 = DIRECTION('',(0.,0.,-1.));
#3600 = ADVANCED_FACE('',(#3601),#3606,.T.);
#3601 = FACE_BOUND('',#3602,.T.);
#3602 = EDGE_LOOP('',(#3603,#3604,#3605));
#3603 = ORIENTED_EDGE('',*,*,#2019,.F.);
#3604 = ORIENTED_EDGE('',*,*,#1971,.F.);
#3605 = ORIENTED_EDGE('',*,*,#2177,.F.);
#3606 = SPHERICAL_SURFACE('',#3607,2.E-02);
#3607 = AXIS2_PLACEMENT_3D('',#3608,#3609,#3610);
#3608 = CARTESIAN_POINT('',(3.605,-8.E-02,-2.47));
#3609 = DIRECTION('',(0.,-1.,0.));
#3610 = DIRECTION('',(-1.,0.,0.));
#3611 = ADVANCED_FACE('',(#3612),#3618,.F.);
#3612 = FACE_BOUND('',#3613,.F.);
#3613 = EDGE_LOOP('',(#3614,#3615,#3616,#3617));
#3614 = ORIENTED_EDGE('',*,*,#2194,.F.);
#3615 = ORIENTED_EDGE('',*,*,#3588,.F.);
#3616 = ORIENTED_EDGE('',*,*,#1545,.F.);
#3617 = ORIENTED_EDGE('',*,*,#1939,.T.);
#3618 = CYLINDRICAL_SURFACE('',#3619,2.E-02);
#3619 = AXIS2_PLACEMENT_3D('',#3620,#3621,#3622);
#3620 = CARTESIAN_POINT('',(2.895,0.,-2.43));
#3621 = DIRECTION('',(0.,1.,0.));
#3622 = DIRECTION('',(1.,0.,-0.));
#3623 = ADVANCED_FACE('',(#3624),#3804,.T.);
#3624 = FACE_BOUND('',#3625,.T.);
#3625 = EDGE_LOOP('',(#3626,#3627,#3635,#3704,#3712,#3721,#3729,#3798));
#3626 = ORIENTED_EDGE('',*,*,#1864,.T.);
#3627 = ORIENTED_EDGE('',*,*,#3628,.T.);
#3628 = EDGE_CURVE('',#1867,#3629,#3631,.T.);
#3629 = VERTEX_POINT('',#3630);
#3630 = CARTESIAN_POINT('',(1.625,2.625,-8.));
#3631 = LINE('',#3632,#3633);
#3632 = CARTESIAN_POINT('',(1.625,2.625,-1.7763568394E-15));
#3633 = VECTOR('',#3634,1.);
#3634 = DIRECTION('',(0.,0.,-1.));
#3635 = ORIENTED_EDGE('',*,*,#3636,.F.);
#3636 = EDGE_CURVE('',#3637,#3629,#3639,.T.);
#3637 = VERTEX_POINT('',#3638);
#3638 = CARTESIAN_POINT('',(1.758974596216,2.125,-7.5));
#3639 = B_SPLINE_CURVE_WITH_KNOTS('',3,(#3640,#3641,#3642,#3643,#3644,
    #3645,#3646,#3647,#3648,#3649,#3650,#3651,#3652,#3653,#3654,#3655,
    #3656,#3657,#3658,#3659,#3660,#3661,#3662,#3663,#3664,#3665,#3666,
    #3667,#3668,#3669,#3670,#3671,#3672,#3673,#3674,#3675,#3676,#3677,
    #3678,#3679,#3680,#3681,#3682,#3683,#3684,#3685,#3686,#3687,#3688,
    #3689,#3690,#3691,#3692,#3693,#3694,#3695,#3696,#3697,#3698,#3699,
    #3700,#3701,#3702,#3703),.UNSPECIFIED.,.F.,.F.,(4,3,3,3,3,3,3,3,3,3,
    3,3,3,3,3,3,3,3,3,3,3,4),(0.,2.506230436707E-02,5.008686212128E-02,
    9.988080881786E-02,0.14975665353,0.19981704004,0.249786616223,
    0.274644371751,0.299533960397,0.349529208232,0.399633314952,
    0.449615963499,0.474493106158,0.499363034271,0.549362686241,
    0.599467410841,0.649410849381,0.674262891465,0.699166678433,
    0.749213235634,0.774276125992,0.799311085931),.UNSPECIFIED.);
#3640 = CARTESIAN_POINT('',(1.758974596216,2.125,-7.5));
#3641 = CARTESIAN_POINT('',(1.758974596216,2.125,-7.508355593835));
#3642 = CARTESIAN_POINT('',(1.758853443774,2.125209667891,
    -7.516712043945));
#3643 = CARTESIAN_POINT('',(1.758612431557,2.125627812901,
    -7.525048328323));
#3644 = CARTESIAN_POINT('',(1.758371418705,2.126045959014,
    -7.533384634688));
#3645 = CARTESIAN_POINT('',(1.758010566656,2.12667255666,-7.541700473088
    ));
#3646 = CARTESIAN_POINT('',(1.757533822233,2.127503838779,
    -7.549975689794));
#3647 = CARTESIAN_POINT('',(1.756579812208,2.129167311774,
    -7.566535169669));
#3648 = CARTESIAN_POINT('',(1.755163985236,2.131644891478,
    -7.582892392443));
#3649 = CARTESIAN_POINT('',(1.753333108107,2.134901204269,
    -7.599010961125));
#3650 = CARTESIAN_POINT('',(1.751499361779,2.138162620082,
    -7.615154789487));
#3651 = CARTESIAN_POINT('',(1.749237512271,2.142226374645,
    -7.631151041046));
#3652 = CARTESIAN_POINT('',(1.746606324534,2.147062189295,
    -7.646885836957));
#3653 = CARTESIAN_POINT('',(1.743975186336,2.151897912898,-7.66262033662
    ));
#3654 = CARTESIAN_POINT('',(1.740975906046,2.157504369891,
    -7.678088666791));
#3655 = CARTESIAN_POINT('',(1.737690132696,2.163826280688,
    -7.693180745975));
#3656 = CARTESIAN_POINT('',(1.734404346646,2.170148215919,
    -7.708272883493));
#3657 = CARTESIAN_POINT('',(1.730833451883,2.177183935939,
    -7.722985204835));
#3658 = CARTESIAN_POINT('',(1.727071770341,2.184858097449,-7.7372237459)
  );
#3659 = CARTESIAN_POINT('',(1.725190351041,2.188696358454,
    -7.744345206252));
#3660 = CARTESIAN_POINT('',(1.723264125579,2.192688178603,
    -7.751338599907));
#3661 = CARTESIAN_POINT('',(1.721297466691,2.196839129192,
    -7.758221356027));
#3662 = CARTESIAN_POINT('',(1.719329399645,2.200993051927,
    -7.765109040312));
#3663 = CARTESIAN_POINT('',(1.717316040205,2.205316586892,
    -7.771902030565));
#3664 = CARTESIAN_POINT('',(1.715267729174,2.20980462982,-7.77859074748)
  );
#3665 = CARTESIAN_POINT('',(1.71117108175,2.218780771251,-7.791968264134
    ));
#3666 = CARTESIAN_POINT('',(1.7069346752,2.228415357755,-7.804927821499)
  );
#3667 = CARTESIAN_POINT('',(1.702644381774,2.238658035508,
    -7.817395473302));
#3668 = CARTESIAN_POINT('',(1.698354106978,2.248900668786,
    -7.829863070968));
#3669 = CARTESIAN_POINT('',(1.694010679828,2.25975035612,-7.841837399464
    ));
#3670 = CARTESIAN_POINT('',(1.689699790333,2.27114477848,-7.853251301771
    ));
#3671 = CARTESIAN_POINT('',(1.685388875275,2.282539268409,
    -7.864665271763));
#3672 = CARTESIAN_POINT('',(1.681111216738,2.294477208059,
    -7.875517551912));
#3673 = CARTESIAN_POINT('',(1.67694708473,2.306887331518,-7.885751643096
    ));
#3674 = CARTESIAN_POINT('',(1.674865031908,2.313092353962,
    -7.890868656291));
#3675 = CARTESIAN_POINT('',(1.672811291522,2.319415169504,
    -7.895831191517));
#3676 = CARTESIAN_POINT('',(1.67079504924,2.3258463406,-7.9006333587));
#3677 = CARTESIAN_POINT('',(1.66878000526,2.332273689494,-7.905432671838
    ));
#3678 = CARTESIAN_POINT('',(1.666793160665,2.338838668223,
    -7.910093801598));
#3679 = CARTESIAN_POINT('',(1.664843816867,2.345536041694,
    -7.914608123422));
#3680 = CARTESIAN_POINT('',(1.660945243357,2.358930396674,
    -7.923636502873));
#3681 = CARTESIAN_POINT('',(1.657198866446,2.372850061466,
    -7.932072862699));
#3682 = CARTESIAN_POINT('',(1.653682933822,2.38721194952,-7.939837291562
    ));
#3683 = CARTESIAN_POINT('',(1.650167022528,2.401573750443,-7.94760167332
    ));
#3684 = CARTESIAN_POINT('',(1.646882602919,2.416374753317,
    -7.954692311051));
#3685 = CARTESIAN_POINT('',(1.643896805759,2.431514800952,-7.96104606901
    ));
#3686 = CARTESIAN_POINT('',(1.640910971129,2.44665503859,-7.967399906706
    ));
#3687 = CARTESIAN_POINT('',(1.638224640319,2.462130549007,
    -7.973015371375));
#3688 = CARTESIAN_POINT('',(1.635888140338,2.477834348182,
    -7.977851724832));
#3689 = CARTESIAN_POINT('',(1.634719601443,2.485688189512,
    -7.980270499566));
#3690 = CARTESIAN_POINT('',(1.633639462734,2.493589736125,
    -7.982492330405));
#3691 = CARTESIAN_POINT('',(1.632649007225,2.501551601311,
    -7.984520890015));
#3692 = CARTESIAN_POINT('',(1.631657822299,2.509519329981,-7.98655094355
    ));
#3693 = CARTESIAN_POINT('',(1.630754091951,2.517568288333,-7.98839223408
    ));
#3694 = CARTESIAN_POINT('',(1.629944193329,2.525682621813,
    -7.990036792894));
#3695 = CARTESIAN_POINT('',(1.62832434689,2.541911781648,-7.993326010415
    ));
#3696 = CARTESIAN_POINT('',(1.627081664941,2.558400929726,
    -7.995825672114));
#3697 = CARTESIAN_POINT('',(1.626250451223,2.575006612262,
    -7.997494383066));
#3698 = CARTESIAN_POINT('',(1.625834869762,2.583308946135,
    -7.998328687554));
#3699 = CARTESIAN_POINT('',(1.625521815027,2.59163928607,-7.998955682656
    ));
#3700 = CARTESIAN_POINT('',(1.62531309662,2.59997810537,-7.999373512302)
  );
#3701 = CARTESIAN_POINT('',(1.625104377897,2.608316937313,
    -7.999791342582));
#3702 = CARTESIAN_POINT('',(1.625,2.616664011674,-8.));
#3703 = CARTESIAN_POINT('',(1.625,2.625,-8.));
#3704 = ORIENTED_EDGE('',*,*,#3705,.F.);
#3705 = EDGE_CURVE('',#3706,#3637,#3708,.T.);
#3706 = VERTEX_POINT('',#3707);
#3707 = CARTESIAN_POINT('',(1.758974596216,2.125,-5.5));
#3708 = LINE('',#3709,#3710);
#3709 = CARTESIAN_POINT('',(1.758974596216,2.125,-1.7763568394E-15));
#3710 = VECTOR('',#3711,1.);
#3711 = DIRECTION('',(0.,0.,-1.));
#3712 = ORIENTED_EDGE('',*,*,#3713,.F.);
#3713 = EDGE_CURVE('',#3714,#3706,#3716,.T.);
#3714 = VERTEX_POINT('',#3715);
#3715 = CARTESIAN_POINT('',(3.491025403784,2.125,-5.5));
#3716 = CIRCLE('',#3717,1.);
#3717 = AXIS2_PLACEMENT_3D('',#3718,#3719,#3720);
#3718 = CARTESIAN_POINT('',(2.625,2.625,-5.5));
#3719 = DIRECTION('',(0.,0.,-1.));
#3720 = DIRECTION('',(-1.,0.,0.));
#3721 = ORIENTED_EDGE('',*,*,#3722,.T.);
#3722 = EDGE_CURVE('',#3714,#3723,#3725,.T.);
#3723 = VERTEX_POINT('',#3724);
#3724 = CARTESIAN_POINT('',(3.491025403784,2.125,-7.5));
#3725 = LINE('',#3726,#3727);
#3726 = CARTESIAN_POINT('',(3.491025403784,2.125,-1.7763568394E-15));
#3727 = VECTOR('',#3728,1.);
#3728 = DIRECTION('',(0.,0.,-1.));
#3729 = ORIENTED_EDGE('',*,*,#3730,.F.);
#3730 = EDGE_CURVE('',#3731,#3723,#3733,.T.);
#3731 = VERTEX_POINT('',#3732);
#3732 = CARTESIAN_POINT('',(3.625,2.625,-8.));
#3733 = B_SPLINE_CURVE_WITH_KNOTS('',3,(#3734,#3735,#3736,#3737,#3738,
    #3739,#3740,#3741,#3742,#3743,#3744,#3745,#3746,#3747,#3748,#3749,
    #3750,#3751,#3752,#3753,#3754,#3755,#3756,#3757,#3758,#3759,#3760,
    #3761,#3762,#3763,#3764,#3765,#3766,#3767,#3768,#3769,#3770,#3771,
    #3772,#3773,#3774,#3775,#3776,#3777,#3778,#3779,#3780,#3781,#3782,
    #3783,#3784,#3785,#3786,#3787,#3788,#3789,#3790,#3791,#3792,#3793,
    #3794,#3795,#3796,#3797),.UNSPECIFIED.,.F.,.F.,(4,3,3,3,3,3,3,3,3,3,
    3,3,3,3,3,3,3,3,3,3,3,4),(0.,5.009169796899E-02,0.100150617215,
    0.12506707009,0.149913179392,0.199827423899,0.249901716494,
    0.29987137662,0.324730077643,0.349616854004,0.399615492443,
    0.449730517073,0.499731177929,0.524621390515,0.549479523853,
    0.599466089224,0.649562837091,0.699486518378,0.724332852302,
    0.749249607852,0.774255738144,0.799311089279),.UNSPECIFIED.);
#3734 = CARTESIAN_POINT('',(3.625,2.625,-8.));
#3735 = CARTESIAN_POINT('',(3.625,2.608332227112,-8.));
#3736 = CARTESIAN_POINT('',(3.624581015265,2.591619377714,
    -7.999163599922));
#3737 = CARTESIAN_POINT('',(3.623749854317,2.575012716592,
    -7.997494996455));
#3738 = CARTESIAN_POINT('',(3.622918691427,2.558406016681,-7.99582638909
    ));
#3739 = CARTESIAN_POINT('',(3.621675837714,2.541912629766,
    -7.993326391521));
#3740 = CARTESIAN_POINT('',(3.620055201151,2.525676555328,
    -7.990035563341));
#3741 = CARTESIAN_POINT('',(3.619244908746,2.517558777345,
    -7.988390201794));
#3742 = CARTESIAN_POINT('',(3.618340633827,2.509505729252,
    -7.986547796296));
#3743 = CARTESIAN_POINT('',(3.617348732385,2.501533432323,
    -7.984516260476));
#3744 = CARTESIAN_POINT('',(3.616357053562,2.49356292467,-7.982485180608
    ));
#3745 = CARTESIAN_POINT('',(3.615278327587,2.485673602563,
    -7.980266227469));
#3746 = CARTESIAN_POINT('',(3.614110036155,2.477822092764,
    -7.977847950316));
#3747 = CARTESIAN_POINT('',(3.611774669119,2.462127244152,
    -7.973013912687));
#3748 = CARTESIAN_POINT('',(3.609089947439,2.446660894069,
    -7.967401795029));
#3749 = CARTESIAN_POINT('',(3.606106099977,2.431529535617,
    -7.961052252366));
#3750 = CARTESIAN_POINT('',(3.603122290384,2.416398369202,
    -7.954702790286));
#3751 = CARTESIAN_POINT('',(3.599840230208,2.401605948116,
    -7.947617385268));
#3752 = CARTESIAN_POINT('',(3.596326891592,2.38725208798,-7.939858989143
    ));
#3753 = CARTESIAN_POINT('',(3.592813532121,2.37289814264,-7.932100546965
    ));
#3754 = CARTESIAN_POINT('',(3.589069936306,2.358985768305,
    -7.923670917248));
#3755 = CARTESIAN_POINT('',(3.585174168863,2.3455978428,-7.914649773366)
  );
#3756 = CARTESIAN_POINT('',(3.583225907329,2.338902581681,-7.91013832655
    ));
#3757 = CARTESIAN_POINT('',(3.581241575917,2.332344147457,
    -7.905483566698));
#3758 = CARTESIAN_POINT('',(3.579226363316,2.325914648382,
    -7.900684355132));
#3759 = CARTESIAN_POINT('',(3.577209534631,2.319479993222,
    -7.895881294876));
#3760 = CARTESIAN_POINT('',(3.575155187667,2.313153888326,
    -7.890917813391));
#3761 = CARTESIAN_POINT('',(3.573072527082,2.306945785451,
    -7.885799840082));
#3762 = CARTESIAN_POINT('',(3.568907178587,2.294529498248,
    -7.875563826316));
#3763 = CARTESIAN_POINT('',(3.564628303588,2.282586243153,
    -7.864709574421));
#3764 = CARTESIAN_POINT('',(3.560316289106,2.271187282122,
    -7.853293872955));
#3765 = CARTESIAN_POINT('',(3.556004299132,2.259788385876,-7.84187823637
    ));
#3766 = CARTESIAN_POINT('',(3.551659890574,2.248935070192,
    -7.829902418089));
#3767 = CARTESIAN_POINT('',(3.547368813683,2.238689539948,-7.81743381744
    ));
#3768 = CARTESIAN_POINT('',(3.543077717141,2.228443962788,
    -7.804965159695));
#3769 = CARTESIAN_POINT('',(3.538840687718,2.218807208305,
    -7.792005086204));
#3770 = CARTESIAN_POINT('',(3.534743592562,2.209829437711,
    -7.778627716153));
#3771 = CARTESIAN_POINT('',(3.532695057371,2.205340579554,
    -7.771939071568));
#3772 = CARTESIAN_POINT('',(3.530681516411,2.201016362854,
    -7.765146317745));
#3773 = CARTESIAN_POINT('',(3.528713303577,2.196861862319,-7.75825904643
    ));
#3774 = CARTESIAN_POINT('',(3.526746499822,2.192710336063,
    -7.751376705834));
#3775 = CARTESIAN_POINT('',(3.524820277679,2.188718267264,
    -7.744384358733));
#3776 = CARTESIAN_POINT('',(3.52293840899,2.184878864787,-7.737262273315
    ));
#3777 = CARTESIAN_POINT('',(3.51917593113,2.177202629513,-7.723022869233
    ));
#3778 = CARTESIAN_POINT('',(3.515603295822,2.170163104832,
    -7.708306103236));
#3779 = CARTESIAN_POINT('',(3.512315369747,2.16383686768,-7.693206017992
    ));
#3780 = CARTESIAN_POINT('',(3.50902746135,2.157510664541,-7.678106013938
    ));
#3781 = CARTESIAN_POINT('',(3.506025670132,2.151899454961,-7.66262628591
    ));
#3782 = CARTESIAN_POINT('',(3.503392347387,2.147059748449,
    -7.646877894686));
#3783 = CARTESIAN_POINT('',(3.500758978785,2.14221995766,-7.631129229223
    ));
#3784 = CARTESIAN_POINT('',(3.498495309452,2.138153045767,
    -7.615116690413));
#3785 = CARTESIAN_POINT('',(3.496660669052,2.134890136778,
    -7.598956161874));
#3786 = CARTESIAN_POINT('',(3.495742876449,2.133257842113,-7.59087173641
    ));
#3787 = CARTESIAN_POINT('',(3.494933770689,2.131829397858,
    -7.582770197745));
#3788 = CARTESIAN_POINT('',(3.494233147927,2.130597598564,
    -7.574607408843));
#3789 = CARTESIAN_POINT('',(3.493532374193,2.12936553384,-7.56644286101)
  );
#3790 = CARTESIAN_POINT('',(3.492940783309,2.128331385801,-7.55821793098
    ));
#3791 = CARTESIAN_POINT('',(3.492464725624,2.127501306738,
    -7.549950477499));
#3792 = CARTESIAN_POINT('',(3.491988671111,2.126671233206,
    -7.541683079103));
#3793 = CARTESIAN_POINT('',(3.491628190628,2.126045280837,
    -7.533373428207));
#3794 = CARTESIAN_POINT('',(3.49138736778,2.12562746476,-7.525041386711)
  );
#3795 = CARTESIAN_POINT('',(3.491146545763,2.125209650125,
    -7.516709373954));
#3796 = CARTESIAN_POINT('',(3.491025403784,2.125,-7.508355270339));
#3797 = CARTESIAN_POINT('',(3.491025403784,2.125,-7.5));
#3798 = ORIENTED_EDGE('',*,*,#3799,.F.);
#3799 = EDGE_CURVE('',#1865,#3731,#3800,.T.);
#3800 = LINE('',#3801,#3802);
#3801 = CARTESIAN_POINT('',(3.625,2.625,-1.7763568394E-15));
#3802 = VECTOR('',#3803,1.);
#3803 = DIRECTION('',(0.,0.,-1.));
#3804 = CYLINDRICAL_SURFACE('',#3805,1.);
#3805 = AXIS2_PLACEMENT_3D('',#3806,#3807,#3808);
#3806 = CARTESIAN_POINT('',(2.625,2.625,-1.7763568394E-15));
#3807 = DIRECTION('',(0.,0.,-1.));
#3808 = DIRECTION('',(-1.,0.,0.));
#3809 = ADVANCED_FACE('',(#3810),#3835,.T.);
#3810 = FACE_BOUND('',#3811,.T.);
#3811 = EDGE_LOOP('',(#3812,#3822,#3828,#3829));
#3812 = ORIENTED_EDGE('',*,*,#3813,.T.);
#3813 = EDGE_CURVE('',#3814,#3816,#3818,.T.);
#3814 = VERTEX_POINT('',#3815);
#3815 = CARTESIAN_POINT('',(3.28122023742,2.125,-5.5));
#3816 = VERTEX_POINT('',#3817);
#3817 = CARTESIAN_POINT('',(3.28122023742,2.125,-7.5));
#3818 = LINE('',#3819,#3820);
#3819 = CARTESIAN_POINT('',(3.28122023742,2.125,-8.));
#3820 = VECTOR('',#3821,1.);
#3821 = DIRECTION('',(0.,0.,-1.));
#3822 = ORIENTED_EDGE('',*,*,#3823,.F.);
#3823 = EDGE_CURVE('',#3723,#3816,#3824,.T.);
#3824 = LINE('',#3825,#3826);
#3825 = CARTESIAN_POINT('',(5.25,2.125,-7.5));
#3826 = VECTOR('',#3827,1.);
#3827 = DIRECTION('',(-1.,0.,0.));
#3828 = ORIENTED_EDGE('',*,*,#3722,.F.);
#3829 = ORIENTED_EDGE('',*,*,#3830,.F.);
#3830 = EDGE_CURVE('',#3814,#3714,#3831,.T.);
#3831 = LINE('',#3832,#3833);
#3832 = CARTESIAN_POINT('',(1.51,2.125,-5.5));
#3833 = VECTOR('',#3834,1.);
#3834 = DIRECTION('',(1.,0.,-0.));
#3835 = PLANE('',#3836);
#3836 = AXIS2_PLACEMENT_3D('',#3837,#3838,#3839);
#3837 = CARTESIAN_POINT('',(3.74,2.125,-8.));
#3838 = DIRECTION('',(0.,-1.,0.));
#3839 = DIRECTION('',(1.,0.,0.));
#3840 = ADVANCED_FACE('',(#3841),#3869,.T.);
#3841 = FACE_BOUND('',#3842,.T.);
#3842 = EDGE_LOOP('',(#3843,#3854,#3861,#3862,#3863));
#3843 = ORIENTED_EDGE('',*,*,#3844,.F.);
#3844 = EDGE_CURVE('',#3845,#3847,#3849,.T.);
#3845 = VERTEX_POINT('',#3846);
#3846 = CARTESIAN_POINT('',(2.625,1.8,-5.5));
#3847 = VERTEX_POINT('',#3848);
#3848 = CARTESIAN_POINT('',(1.96877976258,2.125,-5.5));
#3849 = CIRCLE('',#3850,0.825);
#3850 = AXIS2_PLACEMENT_3D('',#3851,#3852,#3853);
#3851 = CARTESIAN_POINT('',(2.625,2.625,-5.5));
#3852 = DIRECTION('',(0.,0.,-1.));
#3853 = DIRECTION('',(0.,1.,0.));
#3854 = ORIENTED_EDGE('',*,*,#3855,.F.);
#3855 = EDGE_CURVE('',#3814,#3845,#3856,.T.);
#3856 = CIRCLE('',#3857,0.825);
#3857 = AXIS2_PLACEMENT_3D('',#3858,#3859,#3860);
#3858 = CARTESIAN_POINT('',(2.625,2.625,-5.5));
#3859 = DIRECTION('',(0.,0.,-1.));
#3860 = DIRECTION('',(0.,1.,0.));
#3861 = ORIENTED_EDGE('',*,*,#3830,.T.);
#3862 = ORIENTED_EDGE('',*,*,#3713,.T.);
#3863 = ORIENTED_EDGE('',*,*,#3864,.T.);
#3864 = EDGE_CURVE('',#3706,#3847,#3865,.T.);
#3865 = LINE('',#3866,#3867);
#3866 = CARTESIAN_POINT('',(1.51,2.125,-5.5));
#3867 = VECTOR('',#3868,1.);
#3868 = DIRECTION('',(1.,0.,-0.));
#3869 = PLANE('',#3870);
#3870 = AXIS2_PLACEMENT_3D('',#3871,#3872,#3873);
#3871 = CARTESIAN_POINT('',(2.625,2.625,-5.5));
#3872 = DIRECTION('',(-0.,0.,-1.));
#3873 = DIRECTION('',(0.,1.,0.));
#3874 = ADVANCED_FACE('',(#3875),#3893,.T.);
#3875 = FACE_BOUND('',#3876,.T.);
#3876 = EDGE_LOOP('',(#3877,#3885,#3886,#3887));
#3877 = ORIENTED_EDGE('',*,*,#3878,.F.);
#3878 = EDGE_CURVE('',#3847,#3879,#3881,.T.);
#3879 = VERTEX_POINT('',#3880);
#3880 = CARTESIAN_POINT('',(1.96877976258,2.125,-7.5));
#3881 = LINE('',#3882,#3883);
#3882 = CARTESIAN_POINT('',(1.96877976258,2.125,-8.));
#3883 = VECTOR('',#3884,1.);
#3884 = DIRECTION('',(0.,0.,-1.));
#3885 = ORIENTED_EDGE('',*,*,#3864,.F.);
#3886 = ORIENTED_EDGE('',*,*,#3705,.T.);
#3887 = ORIENTED_EDGE('',*,*,#3888,.F.);
#3888 = EDGE_CURVE('',#3879,#3637,#3889,.T.);
#3889 = LINE('',#3890,#3891);
#3890 = CARTESIAN_POINT('',(5.25,2.125,-7.5));
#3891 = VECTOR('',#3892,1.);
#3892 = DIRECTION('',(-1.,0.,0.));
#3893 = PLANE('',#3894);
#3894 = AXIS2_PLACEMENT_3D('',#3895,#3896,#3897);
#3895 = CARTESIAN_POINT('',(3.74,2.125,-8.));
#3896 = DIRECTION('',(0.,-1.,0.));
#3897 = DIRECTION('',(1.,0.,0.));
#3898 = ADVANCED_FACE('',(#3899),#3981,.T.);
#3899 = FACE_BOUND('',#3900,.T.);
#3900 = EDGE_LOOP('',(#3901,#3909,#3979,#3980));
#3901 = ORIENTED_EDGE('',*,*,#3902,.F.);
#3902 = EDGE_CURVE('',#3903,#3629,#3905,.T.);
#3903 = VERTEX_POINT('',#3904);
#3904 = CARTESIAN_POINT('',(1.8,2.625,-8.));
#3905 = LINE('',#3906,#3907);
#3906 = CARTESIAN_POINT('',(5.25,2.625,-8.));
#3907 = VECTOR('',#3908,1.);
#3908 = DIRECTION('',(-1.,0.,0.));
#3909 = ORIENTED_EDGE('',*,*,#3910,.F.);
#3910 = EDGE_CURVE('',#3879,#3903,#3911,.T.);
#3911 = B_SPLINE_CURVE_WITH_KNOTS('',3,(#3912,#3913,#3914,#3915,#3916,
    #3917,#3918,#3919,#3920,#3921,#3922,#3923,#3924,#3925,#3926,#3927,
    #3928,#3929,#3930,#3931,#3932,#3933,#3934,#3935,#3936,#3937,#3938,
    #3939,#3940,#3941,#3942,#3943,#3944,#3945,#3946,#3947,#3948,#3949,
    #3950,#3951,#3952,#3953,#3954,#3955,#3956,#3957,#3958,#3959,#3960,
    #3961,#3962,#3963,#3964,#3965,#3966,#3967,#3968,#3969,#3970,#3971,
    #3972,#3973,#3974,#3975,#3976,#3977,#3978),.UNSPECIFIED.,.F.,.F.,(4,
    3,3,3,3,3,3,3,3,3,3,3,3,3,3,3,3,3,3,3,3,3,4),(0.,2.526321542869E-02,
    5.052122185365E-02,0.100840457007,0.151228549911,0.20169258525,
    0.226847536057,0.251975284627,0.302426062065,0.352983420084,
    0.403422049574,0.428543374651,0.45374094578,0.504340509243,
    0.554977274385,0.605413029821,0.655755160372,0.68105635571,
    0.706393321488,0.731721136522,0.75699842351,0.782189975936,
    0.807314829566),.UNSPECIFIED.);
#3912 = CARTESIAN_POINT('',(1.96877976258,2.125,-7.5));
#3913 = CARTESIAN_POINT('',(1.96877976258,2.125,-7.5084162134));
#3914 = CARTESIAN_POINT('',(1.968617470644,2.125212785062,
    -7.516840000443));
#3915 = CARTESIAN_POINT('',(1.968294302085,2.125637780438,
    -7.525246260587));
#3916 = CARTESIAN_POINT('',(1.967971133338,2.126062776061,
    -7.533652525638));
#3917 = CARTESIAN_POINT('',(1.967487122785,2.126699950753,-7.54204075855
    ));
#3918 = CARTESIAN_POINT('',(1.966848201171,2.127545268695,
    -7.550386409897));
#3919 = CARTESIAN_POINT('',(1.965569435648,2.129237124811,-7.56708975969
    ));
#3920 = CARTESIAN_POINT('',(1.963674343635,2.131755392165,
    -7.583569450245));
#3921 = CARTESIAN_POINT('',(1.961235369568,2.135059681811,
    -7.599792207173));
#3922 = CARTESIAN_POINT('',(1.958793353662,2.138368092499,
    -7.616035196793));
#3923 = CARTESIAN_POINT('',(1.955795174854,2.142479999894,
    -7.632081865263));
#3924 = CARTESIAN_POINT('',(1.952338343768,2.147348143273,
    -7.647813070346));
#3925 = CARTESIAN_POINT('',(1.94888157045,2.152216205298,-7.66354401254)
  );
#3926 = CARTESIAN_POINT('',(1.944968274272,2.157838765849,
    -7.678954014124));
#3927 = CARTESIAN_POINT('',(1.940722555819,2.164142777658,
    -7.693934578183));
#3928 = CARTESIAN_POINT('',(1.938599754541,2.16729469752,-7.701424655746
    ));
#3929 = CARTESIAN_POINT('',(1.936394267101,2.17061644154,-7.708807205584
    ));
#3930 = CARTESIAN_POINT('',(1.934122726828,2.174096913501,
    -7.716070374151));
#3931 = CARTESIAN_POINT('',(1.931852460101,2.177575434124,
    -7.723329470599));
#3932 = CARTESIAN_POINT('',(1.929507797513,2.1812253159,-7.730496448492)
  );
#3933 = CARTESIAN_POINT('',(1.927100701437,2.185043673684,
    -7.737567739676));
#3934 = CARTESIAN_POINT('',(1.92228672077,2.192680053775,-7.751709700767
    ));
#3935 = CARTESIAN_POINT('',(1.917225018523,2.200987694905,
    -7.765462464701));
#3936 = CARTESIAN_POINT('',(1.912024069357,2.209921305866,-7.77876455599
    ));
#3937 = CARTESIAN_POINT('',(1.906823131934,2.218854896656,
    -7.792066617243));
#3938 = CARTESIAN_POINT('',(1.901483564382,2.228413994896,
    -7.804917160488));
#3939 = CARTESIAN_POINT('',(1.896112076121,2.238545093934,
    -7.817257948013));
#3940 = CARTESIAN_POINT('',(1.890740561231,2.248676243195,
    -7.829598796715));
#3941 = CARTESIAN_POINT('',(1.885337737812,2.259378727055,-7.84142899433
    ));
#3942 = CARTESIAN_POINT('',(1.880003645487,2.270591433848,
    -7.852696141513));
#3943 = CARTESIAN_POINT('',(1.877335153772,2.276200825914,
    -7.858332768528));
#3944 = CARTESIAN_POINT('',(1.874690740951,2.281922058588,
    -7.863814330178));
#3945 = CARTESIAN_POINT('',(1.872059017306,2.287798462965,-7.86918169432
    ));
#3946 = CARTESIAN_POINT('',(1.869427559247,2.293674274308,-7.8745485168)
  );
#3947 = CARTESIAN_POINT('',(1.866812685984,2.299697554375,-7.87979262606
    ));
#3948 = CARTESIAN_POINT('',(1.864226842831,2.30586178021,-7.884903619975
    ));
#3949 = CARTESIAN_POINT('',(1.859055106345,2.3181903515,-7.895125706985)
  );
#3950 = CARTESIAN_POINT('',(1.854000253283,2.331082998262,-7.90481422365
    ));
#3951 = CARTESIAN_POINT('',(1.849157806807,2.34447568508,-7.913891421436
    ));
#3952 = CARTESIAN_POINT('',(1.844315367812,2.357868351208,-7.9229686052)
  );
#3953 = CARTESIAN_POINT('',(1.839686328592,2.371759029255,
    -7.931432981875));
#3954 = CARTESIAN_POINT('',(1.835356148596,2.386069909933,
    -7.939217955075));
#3955 = CARTESIAN_POINT('',(1.831025912513,2.400380975973,
    -7.947003029111));
#3956 = CARTESIAN_POINT('',(1.826995449405,2.415109570305,
    -7.954107337558));
#3957 = CARTESIAN_POINT('',(1.823334991796,2.430171319819,
    -7.960479951115));
#3958 = CARTESIAN_POINT('',(1.819679622237,2.445212133444,
    -7.966843706715));
#3959 = CARTESIAN_POINT('',(1.816375405972,2.460649335238,
    -7.972508877117));
#3960 = CARTESIAN_POINT('',(1.813473821383,2.476506695706,
    -7.977440822071));
#3961 = CARTESIAN_POINT('',(1.812024138467,2.484429313114,
    -7.979904908892));
#3962 = CARTESIAN_POINT('',(1.810677704328,2.492443789773,
    -7.982181085849));
#3963 = CARTESIAN_POINT('',(1.809443241972,2.500532436214,
    -7.984260080499));
#3964 = CARTESIAN_POINT('',(1.808208782619,2.50862106298,-7.986339070093
    ));
#3965 = CARTESIAN_POINT('',(1.807086344413,2.516783626574,
    -7.988220805162));
#3966 = CARTESIAN_POINT('',(1.806082914821,2.525000961998,
    -7.989898144923));
#3967 = CARTESIAN_POINT('',(1.8050794851,2.533218298467,-7.991575484897)
  );
#3968 = CARTESIAN_POINT('',(1.804195102297,2.541490148791,
    -7.993048373857));
#3969 = CARTESIAN_POINT('',(1.803434756461,2.549796605068,
    -7.994312097152));
#3970 = CARTESIAN_POINT('',(1.80267440842,2.558103085443,-7.995575824112
    ));
#3971 = CARTESIAN_POINT('',(1.802038120838,2.566443899754,
    -7.996630351475));
#3972 = CARTESIAN_POINT('',(1.801528758661,2.574799256097,-7.99747350212
    ));
#3973 = CARTESIAN_POINT('',(1.801019393427,2.583154662602,
    -7.998316657827));
#3974 = CARTESIAN_POINT('',(1.800636959551,2.591524339874,
    -7.998948428707));
#3975 = CARTESIAN_POINT('',(1.800382229602,2.599889588946,
    -7.999369069183));
#3976 = CARTESIAN_POINT('',(1.800127498021,2.608254891581,
    -7.999789712352));
#3977 = CARTESIAN_POINT('',(1.8,2.61660644542,-8.000000000001));
#3978 = CARTESIAN_POINT('',(1.8,2.625000000034,-8.));
#3979 = ORIENTED_EDGE('',*,*,#3888,.T.);
#3980 = ORIENTED_EDGE('',*,*,#3636,.T.);
#3981 = CYLINDRICAL_SURFACE('',#3982,0.5);
#3982 = AXIS2_PLACEMENT_3D('',#3983,#3984,#3985);
#3983 = CARTESIAN_POINT('',(5.25,2.625,-7.5));
#3984 = DIRECTION('',(-1.,0.,0.));
#3985 = DIRECTION('',(0.,-1.,0.));
#3986 = ADVANCED_FACE('',(#3987),#4024,.F.);
#3987 = FACE_BOUND('',#3988,.F.);
#3988 = EDGE_LOOP('',(#3989,#3999,#4006,#4007,#4008,#4009,#4017));
#3989 = ORIENTED_EDGE('',*,*,#3990,.T.);
#3990 = EDGE_CURVE('',#3991,#3993,#3995,.T.);
#3991 = VERTEX_POINT('',#3992);
#3992 = CARTESIAN_POINT('',(2.625,3.45,-2.));
#3993 = VERTEX_POINT('',#3994);
#3994 = CARTESIAN_POINT('',(2.625,3.45,-8.));
#3995 = LINE('',#3996,#3997);
#3996 = CARTESIAN_POINT('',(2.625,3.45,-8.));
#3997 = VECTOR('',#3998,1.);
#3998 = DIRECTION('',(0.,0.,-1.));
#3999 = ORIENTED_EDGE('',*,*,#4000,.F.);
#4000 = EDGE_CURVE('',#3903,#3993,#4001,.T.);
#4001 = CIRCLE('',#4002,0.825);
#4002 = AXIS2_PLACEMENT_3D('',#4003,#4004,#4005);
#4003 = CARTESIAN_POINT('',(2.625,2.625,-8.));
#4004 = DIRECTION('',(0.,0.,-1.));
#4005 = DIRECTION('',(0.,1.,0.));
#4006 = ORIENTED_EDGE('',*,*,#3910,.F.);
#4007 = ORIENTED_EDGE('',*,*,#3878,.F.);
#4008 = ORIENTED_EDGE('',*,*,#3844,.F.);
#4009 = ORIENTED_EDGE('',*,*,#4010,.F.);
#4010 = EDGE_CURVE('',#4011,#3845,#4013,.T.);
#4011 = VERTEX_POINT('',#4012);
#4012 = CARTESIAN_POINT('',(2.625,1.8,-2.));
#4013 = LINE('',#4014,#4015);
#4014 = CARTESIAN_POINT('',(2.625,1.8,-8.));
#4015 = VECTOR('',#4016,1.);
#4016 = DIRECTION('',(0.,0.,-1.));
#4017 = ORIENTED_EDGE('',*,*,#4018,.T.);
#4018 = EDGE_CURVE('',#4011,#3991,#4019,.T.);
#4019 = CIRCLE('',#4020,0.825);
#4020 = AXIS2_PLACEMENT_3D('',#4021,#4022,#4023);
#4021 = CARTESIAN_POINT('',(2.625,2.625,-2.));
#4022 = DIRECTION('',(0.,0.,-1.));
#4023 = DIRECTION('',(0.,1.,0.));
#4024 = CYLINDRICAL_SURFACE('',#4025,0.825);
#4025 = AXIS2_PLACEMENT_3D('',#4026,#4027,#4028);
#4026 = CARTESIAN_POINT('',(2.625,2.625,-8.));
#4027 = DIRECTION('',(0.,0.,-1.));
#4028 = DIRECTION('',(0.,1.,0.));
#4029 = ADVANCED_FACE('',(#4030),#4040,.T.);
#4030 = FACE_BOUND('',#4031,.T.);
#4031 = EDGE_LOOP('',(#4032,#4033));
#4032 = ORIENTED_EDGE('',*,*,#4018,.T.);
#4033 = ORIENTED_EDGE('',*,*,#4034,.T.);
#4034 = EDGE_CURVE('',#3991,#4011,#4035,.T.);
#4035 = CIRCLE('',#4036,0.825);
#4036 = AXIS2_PLACEMENT_3D('',#4037,#4038,#4039);
#4037 = CARTESIAN_POINT('',(2.625,2.625,-2.));
#4038 = DIRECTION('',(0.,0.,-1.));
#4039 = DIRECTION('',(0.,1.,0.));
#4040 = PLANE('',#4041);
#4041 = AXIS2_PLACEMENT_3D('',#4042,#4043,#4044);
#4042 = CARTESIAN_POINT('',(2.625,2.625,-2.));
#4043 = DIRECTION('',(-0.,0.,-1.));
#4044 = DIRECTION('',(0.,1.,0.));
#4045 = ADVANCED_FACE('',(#4046),#4122,.T.);
#4046 = FACE_BOUND('',#4047,.T.);
#4047 = EDGE_LOOP('',(#4048,#4056,#4057,#4058));
#4048 = ORIENTED_EDGE('',*,*,#4049,.F.);
#4049 = EDGE_CURVE('',#3731,#4050,#4052,.T.);
#4050 = VERTEX_POINT('',#4051);
#4051 = CARTESIAN_POINT('',(3.45,2.625,-8.));
#4052 = LINE('',#4053,#4054);
#4053 = CARTESIAN_POINT('',(5.25,2.625,-8.));
#4054 = VECTOR('',#4055,1.);
#4055 = DIRECTION('',(-1.,0.,0.));
#4056 = ORIENTED_EDGE('',*,*,#3730,.T.);
#4057 = ORIENTED_EDGE('',*,*,#3823,.T.);
#4058 = ORIENTED_EDGE('',*,*,#4059,.F.);
#4059 = EDGE_CURVE('',#4050,#3816,#4060,.T.);
#4060 = B_SPLINE_CURVE_WITH_KNOTS('',3,(#4061,#4062,#4063,#4064,#4065,
    #4066,#4067,#4068,#4069,#4070,#4071,#4072,#4073,#4074,#4075,#4076,
    #4077,#4078,#4079,#4080,#4081,#4082,#4083,#4084,#4085,#4086,#4087,
    #4088,#4089,#4090,#4091,#4092,#4093,#4094,#4095,#4096,#4097,#4098,
    #4099,#4100,#4101,#4102,#4103,#4104,#4105,#4106,#4107,#4108,#4109,
    #4110,#4111,#4112,#4113,#4114,#4115,#4116,#4117,#4118,#4119,#4120,
    #4121),.UNSPECIFIED.,.F.,.F.,(4,3,3,3,3,3,3,3,3,3,3,3,3,3,3,3,3,3,3,
    3,4),(0.,5.037517190968E-02,0.100785718896,0.151414711315,
    0.20194361545,0.227070572459,0.252230970763,0.302745876527,
    0.35335223597,0.403799346619,0.454126461102,0.504719411473,
    0.555336901496,0.605758077794,0.65607560727,0.681331197745,
    0.706593060062,0.731817759405,0.756971551035,0.782099868478,
    0.807314840717),.UNSPECIFIED.);
#4061 = CARTESIAN_POINT('',(3.45,2.625,-8.));
#4062 = CARTESIAN_POINT('',(3.45,2.608142358743,-8.));
#4063 = CARTESIAN_POINT('',(3.449481085171,2.591344950787,
    -7.999145116022));
#4064 = CARTESIAN_POINT('',(3.448467680543,2.574740880415,
    -7.997467607889));
#4065 = CARTESIAN_POINT('',(3.447452998578,2.558115881586,
    -7.995787985355));
#4066 = CARTESIAN_POINT('',(3.445933181837,2.541533353785,
    -7.993268147337));
#4067 = CARTESIAN_POINT('',(3.443933203092,2.525133044133,
    -7.989925087259));
#4068 = CARTESIAN_POINT('',(3.44193327293,2.508733132884,-7.986582108392
    ));
#4069 = CARTESIAN_POINT('',(3.439454047816,2.492522834113,-7.9824171565)
  );
#4070 = CARTESIAN_POINT('',(3.436551111725,2.476643021537,-7.97748320069
    ));
#4071 = CARTESIAN_POINT('',(3.433648157101,2.460763107589,
    -7.972549213383));
#4072 = CARTESIAN_POINT('',(3.43032302437,2.4452199428,-7.966848461959)
  );
#4073 = CARTESIAN_POINT('',(3.426655866315,2.43013370737,-7.960464035508
    ));
#4074 = CARTESIAN_POINT('',(3.424821362016,2.422586783206,
    -7.957270211411));
#4075 = CARTESIAN_POINT('',(3.422906348898,2.415171360775,
    -7.953914103339));
#4076 = CARTESIAN_POINT('',(3.420908714743,2.407849550321,-7.95038392756
    ));
#4077 = CARTESIAN_POINT('',(3.418910436714,2.400525379911,
    -7.946852613939));
#4078 = CARTESIAN_POINT('',(3.416828335779,2.39329241311,-7.943145007799
    ));
#4079 = CARTESIAN_POINT('',(3.414671217801,2.386160372265,
    -7.939267153591));
#4080 = CARTESIAN_POINT('',(3.41035693564,2.371896137805,-7.931511362108
    ));
#4081 = CARTESIAN_POINT('',(3.405742032165,2.358036937028,
    -7.923074267071));
#4082 = CARTESIAN_POINT('',(3.400907673432,2.344656849007,
    -7.914014151559));
#4083 = CARTESIAN_POINT('',(3.396073339053,2.331276828388,
    -7.904954081688));
#4084 = CARTESIAN_POINT('',(3.39102040652,2.318377800855,-7.895272280981
    ));
#4085 = CARTESIAN_POINT('',(3.385841251676,2.306024154915,
    -7.885038193238));
#4086 = CARTESIAN_POINT('',(3.380662064677,2.293670432275,
    -7.874804041956));
#4087 = CARTESIAN_POINT('',(3.375357502152,2.281863442716,
    -7.864018878524));
#4088 = CARTESIAN_POINT('',(3.370026068677,2.270653902249,
    -7.852758902097));
#4089 = CARTESIAN_POINT('',(3.364703019532,2.259461990151,
    -7.841516633356));
#4090 = CARTESIAN_POINT('',(3.359323267692,2.248800795187,
    -7.829740683984));
#4091 = CARTESIAN_POINT('',(3.353953265651,2.238668359442,
    -7.817408039444));
#4092 = CARTESIAN_POINT('',(3.348586036597,2.22854115593,-7.805081763293
    ));
#4093 = CARTESIAN_POINT('',(3.343241170325,2.218967955546,
    -7.792225637662));
#4094 = CARTESIAN_POINT('',(3.33802821029,2.210011119027,-7.778898240706
    ));
#4095 = CARTESIAN_POINT('',(3.332815260266,2.20105429971,-7.765570869346
    ));
#4096 = CARTESIAN_POINT('',(3.327734957957,2.192714471546,
    -7.751773269609));
#4097 = CARTESIAN_POINT('',(3.322900048356,2.185044863078,
    -7.737569942324));
#4098 = CARTESIAN_POINT('',(3.318065104139,2.177375199697,
    -7.723366513347));
#4099 = CARTESIAN_POINT('',(3.313476356368,2.170376285557,
    -7.708758544647));
#4100 = CARTESIAN_POINT('',(3.309243113312,2.164091807531,
    -7.693813410565));
#4101 = CARTESIAN_POINT('',(3.305015480456,2.157815658149,
    -7.678888082856));
#4102 = CARTESIAN_POINT('',(3.301122992237,2.152222678048,
    -7.663563767257));
#4103 = CARTESIAN_POINT('',(3.297663843265,2.147351223216,
    -7.647823022687));
#4104 = CARTESIAN_POINT('',(3.295935535267,2.14491727937,-7.639958413511
    ));
#4105 = CARTESIAN_POINT('',(3.294318552814,2.142668038321,
    -7.632002237503));
#4106 = CARTESIAN_POINT('',(3.292827828699,2.140612767288,
    -7.623971806413));
#4107 = CARTESIAN_POINT('',(3.291337105801,2.13855749793,-7.615941381871
    ));
#4108 = CARTESIAN_POINT('',(3.289972726887,2.136696273079,
    -7.607836953935));
#4109 = CARTESIAN_POINT('',(3.288747339357,2.135036256957,
    -7.599677131295));
#4110 = CARTESIAN_POINT('',(3.287521949061,2.133376237087,
    -7.591517290234));
#4111 = CARTESIAN_POINT('',(3.286435623594,2.131917487597,
    -7.583302359834));
#4112 = CARTESIAN_POINT('',(3.285498081679,2.130664805927,
    -7.575051421713));
#4113 = CARTESIAN_POINT('',(3.284560534096,2.129412116685,
    -7.566800433715));
#4114 = CARTESIAN_POINT('',(3.28377181899,2.128365532538,-7.558513783007
    ));
#4115 = CARTESIAN_POINT('',(3.28313830844,2.127527420892,-7.550209889822
    ));
#4116 = CARTESIAN_POINT('',(3.282505237243,2.126689890496,
    -7.541911755572));
#4117 = CARTESIAN_POINT('',(3.282025291207,2.12605807078,-7.533575427636
    ));
#4118 = CARTESIAN_POINT('',(3.281703848748,2.125635348628,
    -7.525198114212));
#4119 = CARTESIAN_POINT('',(3.281382484131,2.125212728844,
    -7.516822829496));
#4120 = CARTESIAN_POINT('',(3.28122023742,2.125,-7.508415456503));
#4121 = CARTESIAN_POINT('',(3.28122023742,2.125,-7.5));
#4122 = CYLINDRICAL_SURFACE('',#4123,0.5);
#4123 = AXIS2_PLACEMENT_3D('',#4124,#4125,#4126);
#4124 = CARTESIAN_POINT('',(5.25,2.625,-7.5));
#4125 = DIRECTION('',(-1.,0.,0.));
#4126 = DIRECTION('',(0.,-1.,0.));
#4127 = ADVANCED_FACE('',(#4128),#4147,.T.);
#4128 = FACE_BOUND('',#4129,.T.);
#4129 = EDGE_LOOP('',(#4130,#4131,#4138,#4139,#4140));
#4130 = ORIENTED_EDGE('',*,*,#4049,.T.);
#4131 = ORIENTED_EDGE('',*,*,#4132,.F.);
#4132 = EDGE_CURVE('',#3993,#4050,#4133,.T.);
#4133 = CIRCLE('',#4134,0.825);
#4134 = AXIS2_PLACEMENT_3D('',#4135,#4136,#4137);
#4135 = CARTESIAN_POINT('',(2.625,2.625,-8.));
#4136 = DIRECTION('',(0.,0.,-1.));
#4137 = DIRECTION('',(0.,1.,0.));
#4138 = ORIENTED_EDGE('',*,*,#4000,.F.);
#4139 = ORIENTED_EDGE('',*,*,#3902,.T.);
#4140 = ORIENTED_EDGE('',*,*,#4141,.T.);
#4141 = EDGE_CURVE('',#3629,#3731,#4142,.T.);
#4142 = CIRCLE('',#4143,1.);
#4143 = AXIS2_PLACEMENT_3D('',#4144,#4145,#4146);
#4144 = CARTESIAN_POINT('',(2.625,2.625,-8.));
#4145 = DIRECTION('',(0.,0.,-1.));
#4146 = DIRECTION('',(-1.,0.,0.));
#4147 = PLANE('',#4148);
#4148 = AXIS2_PLACEMENT_3D('',#4149,#4150,#4151);
#4149 = CARTESIAN_POINT('',(5.25,0.,-8.));
#4150 = DIRECTION('',(0.,0.,-1.));
#4151 = DIRECTION('',(-1.,0.,0.));
#4152 = ADVANCED_FACE('',(#4153),#4333,.T.);
#4153 = FACE_BOUND('',#4154,.T.);
#4154 = EDGE_LOOP('',(#4155,#4156,#4164,#4233,#4241,#4250,#4258,#4327));
#4155 = ORIENTED_EDGE('',*,*,#1816,.T.);
#4156 = ORIENTED_EDGE('',*,*,#4157,.T.);
#4157 = EDGE_CURVE('',#1819,#4158,#4160,.T.);
#4158 = VERTEX_POINT('',#4159);
#4159 = CARTESIAN_POINT('',(3.625,7.625,-8.));
#4160 = LINE('',#4161,#4162);
#4161 = CARTESIAN_POINT('',(3.625,7.625,-1.7763568394E-15));
#4162 = VECTOR('',#4163,1.);
#4163 = DIRECTION('',(0.,0.,-1.));
#4164 = ORIENTED_EDGE('',*,*,#4165,.F.);
#4165 = EDGE_CURVE('',#4166,#4158,#4168,.T.);
#4166 = VERTEX_POINT('',#4167);
#4167 = CARTESIAN_POINT('',(3.491025403784,8.125,-7.5));
#4168 = B_SPLINE_CURVE_WITH_KNOTS('',3,(#4169,#4170,#4171,#4172,#4173,
    #4174,#4175,#4176,#4177,#4178,#4179,#4180,#4181,#4182,#4183,#4184,
    #4185,#4186,#4187,#4188,#4189,#4190,#4191,#4192,#4193,#4194,#4195,
    #4196,#4197,#4198,#4199,#4200,#4201,#4202,#4203,#4204,#4205,#4206,
    #4207,#4208,#4209,#4210,#4211,#4212,#4213,#4214,#4215,#4216,#4217,
    #4218,#4219,#4220,#4221,#4222,#4223,#4224,#4225,#4226,#4227,#4228,
    #4229,#4230,#4231,#4232),.UNSPECIFIED.,.F.,.F.,(4,3,3,3,3,3,3,3,3,3,
    3,3,3,3,3,3,3,3,3,3,3,4),(0.,2.506230436707E-02,5.008686212128E-02,
    9.988080881786E-02,0.14975665353,0.19981704004,0.249786616223,
    0.274644371751,0.299533960397,0.349529208232,0.399633314952,
    0.449615963499,0.474493106158,0.499363034271,0.549362686241,
    0.599467410841,0.649410849381,0.674262891465,0.699166678433,
    0.749213235634,0.774276125992,0.799311085931),.UNSPECIFIED.);
#4169 = CARTESIAN_POINT('',(3.491025403784,8.125,-7.5));
#4170 = CARTESIAN_POINT('',(3.491025403784,8.125,-7.508355593835));
#4171 = CARTESIAN_POINT('',(3.491146556226,8.124790332109,
    -7.516712043945));
#4172 = CARTESIAN_POINT('',(3.491387568443,8.124372187099,
    -7.525048328323));
#4173 = CARTESIAN_POINT('',(3.491628581295,8.123954040986,
    -7.533384634688));
#4174 = CARTESIAN_POINT('',(3.491989433344,8.12332744334,-7.541700473088
    ));
#4175 = CARTESIAN_POINT('',(3.492466177767,8.122496161221,
    -7.549975689794));
#4176 = CARTESIAN_POINT('',(3.493420187792,8.120832688226,
    -7.566535169669));
#4177 = CARTESIAN_POINT('',(3.494836014764,8.118355108522,
    -7.582892392443));
#4178 = CARTESIAN_POINT('',(3.496666891893,8.115098795731,
    -7.599010961125));
#4179 = CARTESIAN_POINT('',(3.498500638221,8.111837379918,
    -7.615154789487));
#4180 = CARTESIAN_POINT('',(3.500762487729,8.107773625355,
    -7.631151041046));
#4181 = CARTESIAN_POINT('',(3.503393675466,8.102937810705,
    -7.646885836957));
#4182 = CARTESIAN_POINT('',(3.506024813664,8.098102087102,-7.66262033662
    ));
#4183 = CARTESIAN_POINT('',(3.509024093954,8.092495630109,
    -7.678088666791));
#4184 = CARTESIAN_POINT('',(3.512309867304,8.086173719312,
    -7.693180745975));
#4185 = CARTESIAN_POINT('',(3.515595653354,8.079851784081,
    -7.708272883493));
#4186 = CARTESIAN_POINT('',(3.519166548117,8.072816064061,
    -7.722985204835));
#4187 = CARTESIAN_POINT('',(3.522928229659,8.065141902551,-7.7372237459)
  );
#4188 = CARTESIAN_POINT('',(3.524809648959,8.061303641546,
    -7.744345206252));
#4189 = CARTESIAN_POINT('',(3.526735874421,8.057311821397,
    -7.751338599907));
#4190 = CARTESIAN_POINT('',(3.528702533309,8.053160870808,
    -7.758221356027));
#4191 = CARTESIAN_POINT('',(3.530670600355,8.049006948073,
    -7.765109040312));
#4192 = CARTESIAN_POINT('',(3.532683959795,8.044683413108,
    -7.771902030565));
#4193 = CARTESIAN_POINT('',(3.534732270826,8.04019537018,-7.77859074748)
  );
#4194 = CARTESIAN_POINT('',(3.53882891825,8.031219228749,-7.791968264134
    ));
#4195 = CARTESIAN_POINT('',(3.5430653248,8.021584642245,-7.804927821499)
  );
#4196 = CARTESIAN_POINT('',(3.547355618226,8.011341964492,
    -7.817395473302));
#4197 = CARTESIAN_POINT('',(3.551645893022,8.001099331214,
    -7.829863070968));
#4198 = CARTESIAN_POINT('',(3.555989320172,7.99024964388,-7.841837399464
    ));
#4199 = CARTESIAN_POINT('',(3.560300209667,7.97885522152,-7.853251301771
    ));
#4200 = CARTESIAN_POINT('',(3.564611124725,7.967460731591,
    -7.864665271763));
#4201 = CARTESIAN_POINT('',(3.568888783262,7.955522791941,
    -7.875517551912));
#4202 = CARTESIAN_POINT('',(3.57305291527,7.943112668482,-7.885751643096
    ));
#4203 = CARTESIAN_POINT('',(3.575134968092,7.936907646038,
    -7.890868656291));
#4204 = CARTESIAN_POINT('',(3.577188708478,7.930584830496,
    -7.895831191517));
#4205 = CARTESIAN_POINT('',(3.57920495076,7.9241536594,-7.9006333587));
#4206 = CARTESIAN_POINT('',(3.58121999474,7.917726310506,-7.905432671838
    ));
#4207 = CARTESIAN_POINT('',(3.583206839335,7.911161331777,
    -7.910093801598));
#4208 = CARTESIAN_POINT('',(3.585156183133,7.904463958306,
    -7.914608123422));
#4209 = CARTESIAN_POINT('',(3.589054756643,7.891069603326,
    -7.923636502873));
#4210 = CARTESIAN_POINT('',(3.592801133554,7.877149938534,
    -7.932072862699));
#4211 = CARTESIAN_POINT('',(3.596317066178,7.86278805048,-7.939837291562
    ));
#4212 = CARTESIAN_POINT('',(3.599832977472,7.848426249557,-7.94760167332
    ));
#4213 = CARTESIAN_POINT('',(3.603117397081,7.833625246683,
    -7.954692311051));
#4214 = CARTESIAN_POINT('',(3.606103194241,7.818485199048,-7.96104606901
    ));
#4215 = CARTESIAN_POINT('',(3.609089028871,7.80334496141,-7.967399906706
    ));
#4216 = CARTESIAN_POINT('',(3.611775359681,7.787869450993,
    -7.973015371375));
#4217 = CARTESIAN_POINT('',(3.614111859662,7.772165651818,
    -7.977851724832));
#4218 = CARTESIAN_POINT('',(3.615280398556,7.76431181049,-7.980270499566
    ));
#4219 = CARTESIAN_POINT('',(3.616360537265,7.756410263877,
    -7.982492330404));
#4220 = CARTESIAN_POINT('',(3.617350992775,7.748448398689,
    -7.984520890015));
#4221 = CARTESIAN_POINT('',(3.618342177701,7.740480670017,
    -7.986550943551));
#4222 = CARTESIAN_POINT('',(3.619245908049,7.732431711665,
    -7.988392234081));
#4223 = CARTESIAN_POINT('',(3.620055806671,7.724317378187,
    -7.990036792894));
#4224 = CARTESIAN_POINT('',(3.62167565311,7.708088218352,-7.993326010415
    ));
#4225 = CARTESIAN_POINT('',(3.622918335059,7.691599070274,
    -7.995825672114));
#4226 = CARTESIAN_POINT('',(3.623749548777,7.674993387738,
    -7.997494383066));
#4227 = CARTESIAN_POINT('',(3.624165130238,7.666691053865,
    -7.998328687554));
#4228 = CARTESIAN_POINT('',(3.624478184973,7.65836071393,-7.998955682656
    ));
#4229 = CARTESIAN_POINT('',(3.62468690338,7.65002189463,-7.999373512302)
  );
#4230 = CARTESIAN_POINT('',(3.624895622103,7.641683062687,
    -7.999791342582));
#4231 = CARTESIAN_POINT('',(3.625,7.633335988326,-8.));
#4232 = CARTESIAN_POINT('',(3.625,7.625,-8.));
#4233 = ORIENTED_EDGE('',*,*,#4234,.F.);
#4234 = EDGE_CURVE('',#4235,#4166,#4237,.T.);
#4235 = VERTEX_POINT('',#4236);
#4236 = CARTESIAN_POINT('',(3.491025403784,8.125,-5.5));
#4237 = LINE('',#4238,#4239);
#4238 = CARTESIAN_POINT('',(3.491025403784,8.125,-1.7763568394E-15));
#4239 = VECTOR('',#4240,1.);
#4240 = DIRECTION('',(0.,0.,-1.));
#4241 = ORIENTED_EDGE('',*,*,#4242,.F.);
#4242 = EDGE_CURVE('',#4243,#4235,#4245,.T.);
#4243 = VERTEX_POINT('',#4244);
#4244 = CARTESIAN_POINT('',(1.758974596216,8.125,-5.5));
#4245 = CIRCLE('',#4246,1.);
#4246 = AXIS2_PLACEMENT_3D('',#4247,#4248,#4249);
#4247 = CARTESIAN_POINT('',(2.625,7.625,-5.5));
#4248 = DIRECTION('',(0.,0.,-1.));
#4249 = DIRECTION('',(1.,-0.,0.));
#4250 = ORIENTED_EDGE('',*,*,#4251,.T.);
#4251 = EDGE_CURVE('',#4243,#4252,#4254,.T.);
#4252 = VERTEX_POINT('',#4253);
#4253 = CARTESIAN_POINT('',(1.758974596216,8.125,-7.5));
#4254 = LINE('',#4255,#4256);
#4255 = CARTESIAN_POINT('',(1.758974596216,8.125,-1.7763568394E-15));
#4256 = VECTOR('',#4257,1.);
#4257 = DIRECTION('',(0.,0.,-1.));
#4258 = ORIENTED_EDGE('',*,*,#4259,.F.);
#4259 = EDGE_CURVE('',#4260,#4252,#4262,.T.);
#4260 = VERTEX_POINT('',#4261);
#4261 = CARTESIAN_POINT('',(1.625,7.625,-8.));
#4262 = B_SPLINE_CURVE_WITH_KNOTS('',3,(#4263,#4264,#4265,#4266,#4267,
    #4268,#4269,#4270,#4271,#4272,#4273,#4274,#4275,#4276,#4277,#4278,
    #4279,#4280,#4281,#4282,#4283,#4284,#4285,#4286,#4287,#4288,#4289,
    #4290,#4291,#4292,#4293,#4294,#4295,#4296,#4297,#4298,#4299,#4300,
    #4301,#4302,#4303,#4304,#4305,#4306,#4307,#4308,#4309,#4310,#4311,
    #4312,#4313,#4314,#4315,#4316,#4317,#4318,#4319,#4320,#4321,#4322,
    #4323,#4324,#4325,#4326),.UNSPECIFIED.,.F.,.F.,(4,3,3,3,3,3,3,3,3,3,
    3,3,3,3,3,3,3,3,3,3,3,4),(0.,5.009169796899E-02,0.100150617215,
    0.12506707009,0.149913179392,0.199827423899,0.249901716494,
    0.29987137662,0.324730077643,0.349616854004,0.399615492443,
    0.449730517073,0.499731177929,0.524621390515,0.549479523853,
    0.599466089224,0.649562837091,0.699486518378,0.724332852302,
    0.749249607852,0.774255738144,0.799311089279),.UNSPECIFIED.);
#4263 = CARTESIAN_POINT('',(1.625,7.625,-8.));
#4264 = CARTESIAN_POINT('',(1.625,7.641667772888,-8.));
#4265 = CARTESIAN_POINT('',(1.625418984735,7.658380622286,
    -7.999163599922));
#4266 = CARTESIAN_POINT('',(1.626250145683,7.674987283408,
    -7.997494996455));
#4267 = CARTESIAN_POINT('',(1.627081308573,7.691593983319,-7.99582638909
    ));
#4268 = CARTESIAN_POINT('',(1.628324162286,7.708087370234,
    -7.993326391521));
#4269 = CARTESIAN_POINT('',(1.629944798849,7.724323444672,
    -7.990035563341));
#4270 = CARTESIAN_POINT('',(1.630755091254,7.732441222655,
    -7.988390201794));
#4271 = CARTESIAN_POINT('',(1.631659366173,7.740494270748,
    -7.986547796296));
#4272 = CARTESIAN_POINT('',(1.632651267615,7.748466567677,
    -7.984516260476));
#4273 = CARTESIAN_POINT('',(1.633642946438,7.75643707533,-7.982485180608
    ));
#4274 = CARTESIAN_POINT('',(1.634721672413,7.764326397437,
    -7.980266227469));
#4275 = CARTESIAN_POINT('',(1.635889963845,7.772177907236,
    -7.977847950316));
#4276 = CARTESIAN_POINT('',(1.638225330881,7.787872755848,
    -7.973013912687));
#4277 = CARTESIAN_POINT('',(1.640910052561,7.803339105931,
    -7.967401795029));
#4278 = CARTESIAN_POINT('',(1.643893900023,7.818470464383,
    -7.961052252366));
#4279 = CARTESIAN_POINT('',(1.646877709616,7.833601630798,
    -7.954702790286));
#4280 = CARTESIAN_POINT('',(1.650159769792,7.848394051884,
    -7.947617385268));
#4281 = CARTESIAN_POINT('',(1.653673108408,7.86274791202,-7.939858989143
    ));
#4282 = CARTESIAN_POINT('',(1.657186467879,7.87710185736,-7.932100546965
    ));
#4283 = CARTESIAN_POINT('',(1.660930063694,7.891014231695,
    -7.923670917248));
#4284 = CARTESIAN_POINT('',(1.664825831137,7.9044021572,-7.914649773366)
  );
#4285 = CARTESIAN_POINT('',(1.666774092671,7.911097418317,
    -7.910138326551));
#4286 = CARTESIAN_POINT('',(1.668758424082,7.917655852542,
    -7.905483566699));
#4287 = CARTESIAN_POINT('',(1.670773636684,7.924085351618,
    -7.900684355132));
#4288 = CARTESIAN_POINT('',(1.672790465368,7.930520006778,
    -7.895881294877));
#4289 = CARTESIAN_POINT('',(1.674844812333,7.936846111673,
    -7.890917813391));
#4290 = CARTESIAN_POINT('',(1.676927472918,7.943054214549,
    -7.885799840082));
#4291 = CARTESIAN_POINT('',(1.681092821413,7.955470501753,
    -7.875563826316));
#4292 = CARTESIAN_POINT('',(1.685371696412,7.967413756847,
    -7.864709574421));
#4293 = CARTESIAN_POINT('',(1.689683710894,7.978812717878,
    -7.853293872955));
#4294 = CARTESIAN_POINT('',(1.693995700868,7.990211614124,-7.84187823637
    ));
#4295 = CARTESIAN_POINT('',(1.698340109426,8.001064929808,
    -7.829902418089));
#4296 = CARTESIAN_POINT('',(1.702631186317,8.011310460052,-7.81743381744
    ));
#4297 = CARTESIAN_POINT('',(1.706922282859,8.021556037212,
    -7.804965159695));
#4298 = CARTESIAN_POINT('',(1.711159312282,8.031192791695,
    -7.792005086204));
#4299 = CARTESIAN_POINT('',(1.715256407438,8.040170562289,
    -7.778627716153));
#4300 = CARTESIAN_POINT('',(1.717304942629,8.044659420446,
    -7.771939071568));
#4301 = CARTESIAN_POINT('',(1.719318483589,8.048983637146,
    -7.765146317745));
#4302 = CARTESIAN_POINT('',(1.721286696423,8.053138137681,-7.75825904643
    ));
#4303 = CARTESIAN_POINT('',(1.723253500177,8.057289663934,
    -7.751376705838));
#4304 = CARTESIAN_POINT('',(1.72517972232,8.061281732733,-7.744384358737
    ));
#4305 = CARTESIAN_POINT('',(1.72706159101,8.065121135213,-7.737262273315
    ));
#4306 = CARTESIAN_POINT('',(1.73082406887,8.072797370487,-7.723022869233
    ));
#4307 = CARTESIAN_POINT('',(1.734396704178,8.079836895168,
    -7.708306103236));
#4308 = CARTESIAN_POINT('',(1.737684630253,8.08616313232,-7.693206017992
    ));
#4309 = CARTESIAN_POINT('',(1.74097253865,8.092489335459,-7.678106013938
    ));
#4310 = CARTESIAN_POINT('',(1.743974329868,8.098100545039,-7.66262628591
    ));
#4311 = CARTESIAN_POINT('',(1.746607652613,8.102940251551,
    -7.646877894686));
#4312 = CARTESIAN_POINT('',(1.749241021215,8.10778004234,-7.631129229223
    ));
#4313 = CARTESIAN_POINT('',(1.751504690548,8.111846954233,
    -7.615116690413));
#4314 = CARTESIAN_POINT('',(1.753339330948,8.115109863222,
    -7.598956161874));
#4315 = CARTESIAN_POINT('',(1.754257123551,8.116742157887,-7.59087173641
    ));
#4316 = CARTESIAN_POINT('',(1.755066229311,8.118170602142,
    -7.582770197745));
#4317 = CARTESIAN_POINT('',(1.755766852073,8.119402401436,
    -7.574607408843));
#4318 = CARTESIAN_POINT('',(1.756467625807,8.12063446616,-7.566442861007
    ));
#4319 = CARTESIAN_POINT('',(1.757059216691,8.1216686142,-7.558217930977)
  );
#4320 = CARTESIAN_POINT('',(1.757535274376,8.122498693262,
    -7.549950477499));
#4321 = CARTESIAN_POINT('',(1.758011328889,8.123328766794,
    -7.541683079103));
#4322 = CARTESIAN_POINT('',(1.758371809372,8.123954719163,
    -7.533373428207));
#4323 = CARTESIAN_POINT('',(1.75861263222,8.12437253524,-7.525041386711)
  );
#4324 = CARTESIAN_POINT('',(1.758853454237,8.124790349875,
    -7.516709373954));
#4325 = CARTESIAN_POINT('',(1.758974596216,8.125,-7.50835527034));
#4326 = CARTESIAN_POINT('',(1.758974596216,8.125,-7.5));
#4327 = ORIENTED_EDGE('',*,*,#4328,.F.);
#4328 = EDGE_CURVE('',#1817,#4260,#4329,.T.);
#4329 = LINE('',#4330,#4331);
#4330 = CARTESIAN_POINT('',(1.625,7.625,-1.7763568394E-15));
#4331 = VECTOR('',#4332,1.);
#4332 = DIRECTION('',(0.,0.,-1.));
#4333 = CYLINDRICAL_SURFACE('',#4334,1.);
#4334 = AXIS2_PLACEMENT_3D('',#4335,#4336,#4337);
#4335 = CARTESIAN_POINT('',(2.625,7.625,-1.7763568394E-15));
#4336 = DIRECTION('',(0.,0.,-1.));
#4337 = DIRECTION('',(1.,-0.,0.));
#4338 = ADVANCED_FACE('',(#4339),#4364,.T.);
#4339 = FACE_BOUND('',#4340,.T.);
#4340 = EDGE_LOOP('',(#4341,#4351,#4357,#4358));
#4341 = ORIENTED_EDGE('',*,*,#4342,.T.);
#4342 = EDGE_CURVE('',#4343,#4345,#4347,.T.);
#4343 = VERTEX_POINT('',#4344);
#4344 = CARTESIAN_POINT('',(1.96877976258,8.125,-5.5));
#4345 = VERTEX_POINT('',#4346);
#4346 = CARTESIAN_POINT('',(1.96877976258,8.125,-7.5));
#4347 = LINE('',#4348,#4349);
#4348 = CARTESIAN_POINT('',(1.96877976258,8.125,-8.));
#4349 = VECTOR('',#4350,1.);
#4350 = DIRECTION('',(0.,0.,-1.));
#4351 = ORIENTED_EDGE('',*,*,#4352,.F.);
#4352 = EDGE_CURVE('',#4252,#4345,#4353,.T.);
#4353 = LINE('',#4354,#4355);
#4354 = CARTESIAN_POINT('',(0.,8.125,-7.5));
#4355 = VECTOR('',#4356,1.);
#4356 = DIRECTION('',(1.,0.,-0.));
#4357 = ORIENTED_EDGE('',*,*,#4251,.F.);
#4358 = ORIENTED_EDGE('',*,*,#4359,.F.);
#4359 = EDGE_CURVE('',#4343,#4243,#4360,.T.);
#4360 = LINE('',#4361,#4362);
#4361 = CARTESIAN_POINT('',(3.74,8.125,-5.5));
#4362 = VECTOR('',#4363,1.);
#4363 = DIRECTION('',(-1.,0.,0.));
#4364 = PLANE('',#4365);
#4365 = AXIS2_PLACEMENT_3D('',#4366,#4367,#4368);
#4366 = CARTESIAN_POINT('',(1.51,8.125,-8.));
#4367 = DIRECTION('',(0.,1.,0.));
#4368 = DIRECTION('',(-1.,0.,0.));
#4369 = ADVANCED_FACE('',(#4370),#4398,.T.);
#4370 = FACE_BOUND('',#4371,.T.);
#4371 = EDGE_LOOP('',(#4372,#4383,#4390,#4391,#4392));
#4372 = ORIENTED_EDGE('',*,*,#4373,.F.);
#4373 = EDGE_CURVE('',#4374,#4376,#4378,.T.);
#4374 = VERTEX_POINT('',#4375);
#4375 = CARTESIAN_POINT('',(2.625,8.45,-5.5));
#4376 = VERTEX_POINT('',#4377);
#4377 = CARTESIAN_POINT('',(3.28122023742,8.125,-5.5));
#4378 = CIRCLE('',#4379,0.825);
#4379 = AXIS2_PLACEMENT_3D('',#4380,#4381,#4382);
#4380 = CARTESIAN_POINT('',(2.625,7.625,-5.5));
#4381 = DIRECTION('',(0.,0.,-1.));
#4382 = DIRECTION('',(0.,-1.,0.));
#4383 = ORIENTED_EDGE('',*,*,#4384,.F.);
#4384 = EDGE_CURVE('',#4343,#4374,#4385,.T.);
#4385 = CIRCLE('',#4386,0.825);
#4386 = AXIS2_PLACEMENT_3D('',#4387,#4388,#4389);
#4387 = CARTESIAN_POINT('',(2.625,7.625,-5.5));
#4388 = DIRECTION('',(0.,0.,-1.));
#4389 = DIRECTION('',(0.,-1.,0.));
#4390 = ORIENTED_EDGE('',*,*,#4359,.T.);
#4391 = ORIENTED_EDGE('',*,*,#4242,.T.);
#4392 = ORIENTED_EDGE('',*,*,#4393,.T.);
#4393 = EDGE_CURVE('',#4235,#4376,#4394,.T.);
#4394 = LINE('',#4395,#4396);
#4395 = CARTESIAN_POINT('',(3.74,8.125,-5.5));
#4396 = VECTOR('',#4397,1.);
#4397 = DIRECTION('',(-1.,0.,0.));
#4398 = PLANE('',#4399);
#4399 = AXIS2_PLACEMENT_3D('',#4400,#4401,#4402);
#4400 = CARTESIAN_POINT('',(2.625,7.625,-5.5));
#4401 = DIRECTION('',(-0.,-0.,-1.));
#4402 = DIRECTION('',(0.,-1.,0.));
#4403 = ADVANCED_FACE('',(#4404),#4422,.T.);
#4404 = FACE_BOUND('',#4405,.T.);
#4405 = EDGE_LOOP('',(#4406,#4414,#4415,#4416));
#4406 = ORIENTED_EDGE('',*,*,#4407,.F.);
#4407 = EDGE_CURVE('',#4376,#4408,#4410,.T.);
#4408 = VERTEX_POINT('',#4409);
#4409 = CARTESIAN_POINT('',(3.28122023742,8.125,-7.5));
#4410 = LINE('',#4411,#4412);
#4411 = CARTESIAN_POINT('',(3.28122023742,8.125,-8.));
#4412 = VECTOR('',#4413,1.);
#4413 = DIRECTION('',(0.,0.,-1.));
#4414 = ORIENTED_EDGE('',*,*,#4393,.F.);
#4415 = ORIENTED_EDGE('',*,*,#4234,.T.);
#4416 = ORIENTED_EDGE('',*,*,#4417,.F.);
#4417 = EDGE_CURVE('',#4408,#4166,#4418,.T.);
#4418 = LINE('',#4419,#4420);
#4419 = CARTESIAN_POINT('',(0.,8.125,-7.5));
#4420 = VECTOR('',#4421,1.);
#4421 = DIRECTION('',(1.,0.,-0.));
#4422 = PLANE('',#4423);
#4423 = AXIS2_PLACEMENT_3D('',#4424,#4425,#4426);
#4424 = CARTESIAN_POINT('',(1.51,8.125,-8.));
#4425 = DIRECTION('',(0.,1.,0.));
#4426 = DIRECTION('',(-1.,0.,0.));
#4427 = ADVANCED_FACE('',(#4428),#4510,.T.);
#4428 = FACE_BOUND('',#4429,.T.);
#4429 = EDGE_LOOP('',(#4430,#4438,#4508,#4509));
#4430 = ORIENTED_EDGE('',*,*,#4431,.F.);
#4431 = EDGE_CURVE('',#4432,#4158,#4434,.T.);
#4432 = VERTEX_POINT('',#4433);
#4433 = CARTESIAN_POINT('',(3.45,7.625,-8.));
#4434 = LINE('',#4435,#4436);
#4435 = CARTESIAN_POINT('',(0.,7.625,-8.));
#4436 = VECTOR('',#4437,1.);
#4437 = DIRECTION('',(1.,0.,-0.));
#4438 = ORIENTED_EDGE('',*,*,#4439,.F.);
#4439 = EDGE_CURVE('',#4408,#4432,#4440,.T.);
#4440 = B_SPLINE_CURVE_WITH_KNOTS('',3,(#4441,#4442,#4443,#4444,#4445,
    #4446,#4447,#4448,#4449,#4450,#4451,#4452,#4453,#4454,#4455,#4456,
    #4457,#4458,#4459,#4460,#4461,#4462,#4463,#4464,#4465,#4466,#4467,
    #4468,#4469,#4470,#4471,#4472,#4473,#4474,#4475,#4476,#4477,#4478,
    #4479,#4480,#4481,#4482,#4483,#4484,#4485,#4486,#4487,#4488,#4489,
    #4490,#4491,#4492,#4493,#4494,#4495,#4496,#4497,#4498,#4499,#4500,
    #4501,#4502,#4503,#4504,#4505,#4506,#4507),.UNSPECIFIED.,.F.,.F.,(4,
    3,3,3,3,3,3,3,3,3,3,3,3,3,3,3,3,3,3,3,3,3,4),(0.,2.526321542869E-02,
    5.052122185365E-02,0.100840457007,0.151228549911,0.20169258525,
    0.226847536057,0.251975284627,0.302426062065,0.352983420084,
    0.403422049574,0.428543374651,0.45374094578,0.504340509243,
    0.554977274385,0.605413029821,0.655755160372,0.68105635571,
    0.706393321488,0.731721136522,0.75699842351,0.782189975936,
    0.807314829566),.UNSPECIFIED.);
#4441 = CARTESIAN_POINT('',(3.28122023742,8.125,-7.5));
#4442 = CARTESIAN_POINT('',(3.28122023742,8.125,-7.5084162134));
#4443 = CARTESIAN_POINT('',(3.281382529356,8.124787214938,
    -7.516840000443));
#4444 = CARTESIAN_POINT('',(3.281705697915,8.124362219563,
    -7.525246260587));
#4445 = CARTESIAN_POINT('',(3.282028866662,8.123937223939,
    -7.533652525638));
#4446 = CARTESIAN_POINT('',(3.282512877215,8.123300049247,-7.54204075855
    ));
#4447 = CARTESIAN_POINT('',(3.283151798829,8.122454731305,
    -7.550386409897));
#4448 = CARTESIAN_POINT('',(3.284430564352,8.120762875189,-7.56708975969
    ));
#4449 = CARTESIAN_POINT('',(3.286325656365,8.118244607835,
    -7.583569450245));
#4450 = CARTESIAN_POINT('',(3.288764630432,8.114940318189,
    -7.599792207173));
#4451 = CARTESIAN_POINT('',(3.291206646338,8.111631907501,
    -7.616035196793));
#4452 = CARTESIAN_POINT('',(3.294204825146,8.107520000106,
    -7.632081865263));
#4453 = CARTESIAN_POINT('',(3.297661656232,8.102651856727,
    -7.647813070346));
#4454 = CARTESIAN_POINT('',(3.30111842955,8.097783794702,-7.66354401254)
  );
#4455 = CARTESIAN_POINT('',(3.305031725728,8.092161234151,
    -7.678954014124));
#4456 = CARTESIAN_POINT('',(3.309277444181,8.085857222342,
    -7.693934578183));
#4457 = CARTESIAN_POINT('',(3.311400245458,8.082705302481,
    -7.701424655743));
#4458 = CARTESIAN_POINT('',(3.313605732898,8.079383558461,
    -7.708807205582));
#4459 = CARTESIAN_POINT('',(3.315877273172,8.075903086499,
    -7.716070374151));
#4460 = CARTESIAN_POINT('',(3.318147539899,8.072424565876,
    -7.723329470599));
#4461 = CARTESIAN_POINT('',(3.320492202487,8.0687746841,-7.730496448492)
  );
#4462 = CARTESIAN_POINT('',(3.322899298563,8.064956326316,
    -7.737567739676));
#4463 = CARTESIAN_POINT('',(3.32771327923,8.057319946225,-7.751709700767
    ));
#4464 = CARTESIAN_POINT('',(3.332774981477,8.049012305095,
    -7.765462464701));
#4465 = CARTESIAN_POINT('',(3.337975930643,8.040078694134,-7.77876455599
    ));
#4466 = CARTESIAN_POINT('',(3.343176868066,8.031145103344,
    -7.792066617243));
#4467 = CARTESIAN_POINT('',(3.348516435618,8.021586005104,
    -7.804917160488));
#4468 = CARTESIAN_POINT('',(3.353887923879,8.011454906066,
    -7.817257948013));
#4469 = CARTESIAN_POINT('',(3.359259438769,8.001323756805,
    -7.829598796715));
#4470 = CARTESIAN_POINT('',(3.364662262188,7.990621272945,-7.84142899433
    ));
#4471 = CARTESIAN_POINT('',(3.369996354513,7.979408566152,
    -7.852696141513));
#4472 = CARTESIAN_POINT('',(3.372664846228,7.973799174086,
    -7.858332768528));
#4473 = CARTESIAN_POINT('',(3.375309259049,7.968077941412,
    -7.863814330178));
#4474 = CARTESIAN_POINT('',(3.377940982694,7.962201537035,-7.86918169432
    ));
#4475 = CARTESIAN_POINT('',(3.380572440753,7.956325725691,
    -7.874548516801));
#4476 = CARTESIAN_POINT('',(3.383187314017,7.950302445624,-7.87979262606
    ));
#4477 = CARTESIAN_POINT('',(3.385773157169,7.94413821979,-7.884903619975
    ));
#4478 = CARTESIAN_POINT('',(3.390944893655,7.9318096485,-7.895125706985)
  );
#4479 = CARTESIAN_POINT('',(3.395999746717,7.918917001738,-7.90481422365
    ));
#4480 = CARTESIAN_POINT('',(3.400842193193,7.90552431492,-7.913891421436
    ));
#4481 = CARTESIAN_POINT('',(3.405684632188,7.892131648792,-7.9229686052)
  );
#4482 = CARTESIAN_POINT('',(3.410313671408,7.878240970745,
    -7.931432981875));
#4483 = CARTESIAN_POINT('',(3.414643851404,7.863930090067,
    -7.939217955075));
#4484 = CARTESIAN_POINT('',(3.418974087487,7.849619024027,
    -7.947003029111));
#4485 = CARTESIAN_POINT('',(3.423004550595,7.834890429695,
    -7.954107337558));
#4486 = CARTESIAN_POINT('',(3.426665008204,7.819828680181,
    -7.960479951115));
#4487 = CARTESIAN_POINT('',(3.430320377763,7.804787866556,
    -7.966843706715));
#4488 = CARTESIAN_POINT('',(3.433624594028,7.789350664762,
    -7.972508877117));
#4489 = CARTESIAN_POINT('',(3.436526178617,7.773493304294,
    -7.977440822071));
#4490 = CARTESIAN_POINT('',(3.437975861533,7.765570686889,
    -7.979904908891));
#4491 = CARTESIAN_POINT('',(3.439322295672,7.75755621023,-7.982181085848
    ));
#4492 = CARTESIAN_POINT('',(3.440556758028,7.749467563786,
    -7.984260080499));
#4493 = CARTESIAN_POINT('',(3.441791217381,7.741378937023,
    -7.986339070092));
#4494 = CARTESIAN_POINT('',(3.442913655586,7.733216373429,
    -7.988220805161));
#4495 = CARTESIAN_POINT('',(3.443917085179,7.724999038002,
    -7.989898144923));
#4496 = CARTESIAN_POINT('',(3.4449205149,7.716781701533,-7.991575484897)
  );
#4497 = CARTESIAN_POINT('',(3.445804897703,7.708509851209,
    -7.993048373857));
#4498 = CARTESIAN_POINT('',(3.446565243539,7.700203394932,
    -7.994312097152));
#4499 = CARTESIAN_POINT('',(3.44732559158,7.691896914557,-7.995575824112
    ));
#4500 = CARTESIAN_POINT('',(3.447961879162,7.683556100246,
    -7.996630351475));
#4501 = CARTESIAN_POINT('',(3.448471241339,7.675200743903,-7.99747350212
    ));
#4502 = CARTESIAN_POINT('',(3.448980606573,7.666845337398,
    -7.998316657827));
#4503 = CARTESIAN_POINT('',(3.449363040449,7.658475660126,
    -7.998948428707));
#4504 = CARTESIAN_POINT('',(3.449617770398,7.650110411054,
    -7.999369069183));
#4505 = CARTESIAN_POINT('',(3.449872501978,7.641745108422,
    -7.999789712352));
#4506 = CARTESIAN_POINT('',(3.45,7.633393554583,-8.000000000001));
#4507 = CARTESIAN_POINT('',(3.45,7.624999999966,-8.));
#4508 = ORIENTED_EDGE('',*,*,#4417,.T.);
#4509 = ORIENTED_EDGE('',*,*,#4165,.T.);
#4510 = CYLINDRICAL_SURFACE('',#4511,0.5);
#4511 = AXIS2_PLACEMENT_3D('',#4512,#4513,#4514);
#4512 = CARTESIAN_POINT('',(0.,7.625,-7.5));
#4513 = DIRECTION('',(1.,0.,-0.));
#4514 = DIRECTION('',(0.,1.,0.));
#4515 = ADVANCED_FACE('',(#4516),#4553,.F.);
#4516 = FACE_BOUND('',#4517,.F.);
#4517 = EDGE_LOOP('',(#4518,#4528,#4535,#4536,#4537,#4538,#4546));
#4518 = ORIENTED_EDGE('',*,*,#4519,.T.);
#4519 = EDGE_CURVE('',#4520,#4522,#4524,.T.);
#4520 = VERTEX_POINT('',#4521);
#4521 = CARTESIAN_POINT('',(2.625,6.8,-2.));
#4522 = VERTEX_POINT('',#4523);
#4523 = CARTESIAN_POINT('',(2.625,6.8,-8.));
#4524 = LINE('',#4525,#4526);
#4525 = CARTESIAN_POINT('',(2.625,6.8,-8.));
#4526 = VECTOR('',#4527,1.);
#4527 = DIRECTION('',(0.,0.,-1.));
#4528 = ORIENTED_EDGE('',*,*,#4529,.F.);
#4529 = EDGE_CURVE('',#4432,#4522,#4530,.T.);
#4530 = CIRCLE('',#4531,0.825);
#4531 = AXIS2_PLACEMENT_3D('',#4532,#4533,#4534);
#4532 = CARTESIAN_POINT('',(2.625,7.625,-8.));
#4533 = DIRECTION('',(0.,0.,-1.));
#4534 = DIRECTION('',(0.,-1.,0.));
#4535 = ORIENTED_EDGE('',*,*,#4439,.F.);
#4536 = ORIENTED_EDGE('',*,*,#4407,.F.);
#4537 = ORIENTED_EDGE('',*,*,#4373,.F.);
#4538 = ORIENTED_EDGE('',*,*,#4539,.F.);
#4539 = EDGE_CURVE('',#4540,#4374,#4542,.T.);
#4540 = VERTEX_POINT('',#4541);
#4541 = CARTESIAN_POINT('',(2.625,8.45,-2.));
#4542 = LINE('',#4543,#4544);
#4543 = CARTESIAN_POINT('',(2.625,8.45,-8.));
#4544 = VECTOR('',#4545,1.);
#4545 = DIRECTION('',(0.,0.,-1.));
#4546 = ORIENTED_EDGE('',*,*,#4547,.T.);
#4547 = EDGE_CURVE('',#4540,#4520,#4548,.T.);
#4548 = CIRCLE('',#4549,0.825);
#4549 = AXIS2_PLACEMENT_3D('',#4550,#4551,#4552);
#4550 = CARTESIAN_POINT('',(2.625,7.625,-2.));
#4551 = DIRECTION('',(0.,0.,-1.));
#4552 = DIRECTION('',(0.,-1.,0.));
#4553 = CYLINDRICAL_SURFACE('',#4554,0.825);
#4554 = AXIS2_PLACEMENT_3D('',#4555,#4556,#4557);
#4555 = CARTESIAN_POINT('',(2.625,7.625,-8.));
#4556 = DIRECTION('',(0.,0.,-1.));
#4557 = DIRECTION('',(0.,-1.,0.));
#4558 = ADVANCED_FACE('',(#4559),#4569,.T.);
#4559 = FACE_BOUND('',#4560,.T.);
#4560 = EDGE_LOOP('',(#4561,#4562));
#4561 = ORIENTED_EDGE('',*,*,#4547,.T.);
#4562 = ORIENTED_EDGE('',*,*,#4563,.T.);
#4563 = EDGE_CURVE('',#4520,#4540,#4564,.T.);
#4564 = CIRCLE('',#4565,0.825);
#4565 = AXIS2_PLACEMENT_3D('',#4566,#4567,#4568);
#4566 = CARTESIAN_POINT('',(2.625,7.625,-2.));
#4567 = DIRECTION('',(0.,0.,-1.));
#4568 = DIRECTION('',(0.,-1.,0.));
#4569 = PLANE('',#4570);
#4570 = AXIS2_PLACEMENT_3D('',#4571,#4572,#4573);
#4571 = CARTESIAN_POINT('',(2.625,7.625,-2.));
#4572 = DIRECTION('',(-0.,-0.,-1.));
#4573 = DIRECTION('',(0.,-1.,0.));
#4574 = ADVANCED_FACE('',(#4575),#4651,.T.);
#4575 = FACE_BOUND('',#4576,.T.);
#4576 = EDGE_LOOP('',(#4577,#4585,#4586,#4587));
#4577 = ORIENTED_EDGE('',*,*,#4578,.F.);
#4578 = EDGE_CURVE('',#4260,#4579,#4581,.T.);
#4579 = VERTEX_POINT('',#4580);
#4580 = CARTESIAN_POINT('',(1.8,7.625,-8.));
#4581 = LINE('',#4582,#4583);
#4582 = CARTESIAN_POINT('',(0.,7.625,-8.));
#4583 = VECTOR('',#4584,1.);
#4584 = DIRECTION('',(1.,0.,-0.));
#4585 = ORIENTED_EDGE('',*,*,#4259,.T.);
#4586 = ORIENTED_EDGE('',*,*,#4352,.T.);
#4587 = ORIENTED_EDGE('',*,*,#4588,.F.);
#4588 = EDGE_CURVE('',#4579,#4345,#4589,.T.);
#4589 = B_SPLINE_CURVE_WITH_KNOTS('',3,(#4590,#4591,#4592,#4593,#4594,
    #4595,#4596,#4597,#4598,#4599,#4600,#4601,#4602,#4603,#4604,#4605,
    #4606,#4607,#4608,#4609,#4610,#4611,#4612,#4613,#4614,#4615,#4616,
    #4617,#4618,#4619,#4620,#4621,#4622,#4623,#4624,#4625,#4626,#4627,
    #4628,#4629,#4630,#4631,#4632,#4633,#4634,#4635,#4636,#4637,#4638,
    #4639,#4640,#4641,#4642,#4643,#4644,#4645,#4646,#4647,#4648,#4649,
    #4650),.UNSPECIFIED.,.F.,.F.,(4,3,3,3,3,3,3,3,3,3,3,3,3,3,3,3,3,3,3,
    3,4),(0.,5.037517190968E-02,0.100785718896,0.151414711315,
    0.20194361545,0.227070572459,0.252230970763,0.302745876527,
    0.35335223597,0.403799346619,0.454126461102,0.504719411473,
    0.555336901496,0.605758077794,0.65607560727,0.681331197745,
    0.706593060062,0.731817759405,0.756971551035,0.782099868478,
    0.807314840717),.UNSPECIFIED.);
#4590 = CARTESIAN_POINT('',(1.8,7.625,-8.));
#4591 = CARTESIAN_POINT('',(1.8,7.641857641257,-8.));
#4592 = CARTESIAN_POINT('',(1.800518914829,7.658655049213,
    -7.999145116022));
#4593 = CARTESIAN_POINT('',(1.801532319457,7.675259119585,
    -7.997467607889));
#4594 = CARTESIAN_POINT('',(1.802547001422,7.691884118414,
    -7.995787985355));
#4595 = CARTESIAN_POINT('',(1.804066818163,7.708466646215,
    -7.993268147337));
#4596 = CARTESIAN_POINT('',(1.806066796908,7.724866955867,
    -7.989925087259));
#4597 = CARTESIAN_POINT('',(1.80806672707,7.741266867116,-7.986582108392
    ));
#4598 = CARTESIAN_POINT('',(1.810545952184,7.757477165887,-7.9824171565)
  );
#4599 = CARTESIAN_POINT('',(1.813448888275,7.773356978463,-7.97748320069
    ));
#4600 = CARTESIAN_POINT('',(1.816351842899,7.789236892411,
    -7.972549213383));
#4601 = CARTESIAN_POINT('',(1.81967697563,7.8047800572,-7.966848461959)
  );
#4602 = CARTESIAN_POINT('',(1.823344133685,7.81986629263,-7.960464035508
    ));
#4603 = CARTESIAN_POINT('',(1.825178637984,7.827413216794,
    -7.957270211411));
#4604 = CARTESIAN_POINT('',(1.827093651102,7.834828639225,
    -7.953914103339));
#4605 = CARTESIAN_POINT('',(1.829091285257,7.842150449679,-7.95038392756
    ));
#4606 = CARTESIAN_POINT('',(1.831089563287,7.84947462009,-7.946852613938
    ));
#4607 = CARTESIAN_POINT('',(1.833171664222,7.856707586892,
    -7.943145007798));
#4608 = CARTESIAN_POINT('',(1.835328782199,7.863839627735,
    -7.939267153591));
#4609 = CARTESIAN_POINT('',(1.83964306436,7.878103862195,-7.931511362108
    ));
#4610 = CARTESIAN_POINT('',(1.844257967835,7.891963062971,
    -7.923074267071));
#4611 = CARTESIAN_POINT('',(1.849092326568,7.905343150993,
    -7.914014151559));
#4612 = CARTESIAN_POINT('',(1.853926660947,7.918723171612,
    -7.904954081688));
#4613 = CARTESIAN_POINT('',(1.85897959348,7.931622199145,-7.895272280981
    ));
#4614 = CARTESIAN_POINT('',(1.864158748324,7.943975845085,
    -7.885038193238));
#4615 = CARTESIAN_POINT('',(1.869337935323,7.956329567725,
    -7.874804041956));
#4616 = CARTESIAN_POINT('',(1.874642497848,7.968136557284,
    -7.864018878524));
#4617 = CARTESIAN_POINT('',(1.879973931323,7.979346097751,
    -7.852758902097));
#4618 = CARTESIAN_POINT('',(1.885296980468,7.990538009849,
    -7.841516633356));
#4619 = CARTESIAN_POINT('',(1.890676732308,8.001199204812,
    -7.829740683984));
#4620 = CARTESIAN_POINT('',(1.896046734349,8.011331640558,
    -7.817408039444));
#4621 = CARTESIAN_POINT('',(1.901413963403,8.02145884407,-7.805081763293
    ));
#4622 = CARTESIAN_POINT('',(1.906758829675,8.031032044454,
    -7.792225637662));
#4623 = CARTESIAN_POINT('',(1.91197178971,8.039988880973,-7.778898240706
    ));
#4624 = CARTESIAN_POINT('',(1.917184739734,8.04894570029,-7.765570869346
    ));
#4625 = CARTESIAN_POINT('',(1.922265042043,8.057285528454,
    -7.751773269609));
#4626 = CARTESIAN_POINT('',(1.927099951644,8.064955136922,
    -7.737569942324));
#4627 = CARTESIAN_POINT('',(1.931934895861,8.072624800303,
    -7.723366513347));
#4628 = CARTESIAN_POINT('',(1.936523643632,8.079623714443,
    -7.708758544647));
#4629 = CARTESIAN_POINT('',(1.940756886688,8.085908192469,
    -7.693813410565));
#4630 = CARTESIAN_POINT('',(1.944984519544,8.092184341851,
    -7.678888082856));
#4631 = CARTESIAN_POINT('',(1.948877007763,8.097777321952,
    -7.663563767257));
#4632 = CARTESIAN_POINT('',(1.952336156735,8.102648776784,
    -7.647823022687));
#4633 = CARTESIAN_POINT('',(1.954064464733,8.10508272063,-7.639958413511
    ));
#4634 = CARTESIAN_POINT('',(1.955681447186,8.107331961679,
    -7.632002237503));
#4635 = CARTESIAN_POINT('',(1.957172171301,8.109387232712,
    -7.623971806413));
#4636 = CARTESIAN_POINT('',(1.958662894199,8.11144250207,-7.615941381871
    ));
#4637 = CARTESIAN_POINT('',(1.960027273113,8.113303726921,
    -7.607836953935));
#4638 = CARTESIAN_POINT('',(1.961252660643,8.114963743043,
    -7.599677131295));
#4639 = CARTESIAN_POINT('',(1.962478050939,8.116623762913,
    -7.591517290234));
#4640 = CARTESIAN_POINT('',(1.963564376406,8.118082512403,
    -7.583302359834));
#4641 = CARTESIAN_POINT('',(1.964501918321,8.119335194073,
    -7.575051421713));
#4642 = CARTESIAN_POINT('',(1.965439465904,8.120587883315,
    -7.566800433715));
#4643 = CARTESIAN_POINT('',(1.96622818101,8.121634467462,-7.558513783007
    ));
#4644 = CARTESIAN_POINT('',(1.96686169156,8.122472579108,-7.550209889822
    ));
#4645 = CARTESIAN_POINT('',(1.967494762757,8.123310109504,
    -7.541911755573));
#4646 = CARTESIAN_POINT('',(1.967974708793,8.123941929219,
    -7.533575427637));
#4647 = CARTESIAN_POINT('',(1.968296151252,8.124364651372,
    -7.525198114212));
#4648 = CARTESIAN_POINT('',(1.968617515869,8.124787271156,
    -7.516822829496));
#4649 = CARTESIAN_POINT('',(1.96877976258,8.125,-7.508415456503));
#4650 = CARTESIAN_POINT('',(1.96877976258,8.125,-7.5));
#4651 = CYLINDRICAL_SURFACE('',#4652,0.5);
#4652 = AXIS2_PLACEMENT_3D('',#4653,#4654,#4655);
#4653 = CARTESIAN_POINT('',(0.,7.625,-7.5));
#4654 = DIRECTION('',(1.,0.,-0.));
#4655 = DIRECTION('',(0.,1.,0.));
#4656 = ADVANCED_FACE('',(#4657),#4676,.T.);
#4657 = FACE_BOUND('',#4658,.T.);
#4658 = EDGE_LOOP('',(#4659,#4660,#4667,#4668,#4669));
#4659 = ORIENTED_EDGE('',*,*,#4578,.T.);
#4660 = ORIENTED_EDGE('',*,*,#4661,.F.);
#4661 = EDGE_CURVE('',#4522,#4579,#4662,.T.);
#4662 = CIRCLE('',#4663,0.825);
#4663 = AXIS2_PLACEMENT_3D('',#4664,#4665,#4666);
#4664 = CARTESIAN_POINT('',(2.625,7.625,-8.));
#4665 = DIRECTION('',(0.,0.,-1.));
#4666 = DIRECTION('',(0.,-1.,0.));
#4667 = ORIENTED_EDGE('',*,*,#4529,.F.);
#4668 = ORIENTED_EDGE('',*,*,#4431,.T.);
#4669 = ORIENTED_EDGE('',*,*,#4670,.T.);
#4670 = EDGE_CURVE('',#4158,#4260,#4671,.T.);
#4671 = CIRCLE('',#4672,1.);
#4672 = AXIS2_PLACEMENT_3D('',#4673,#4674,#4675);
#4673 = CARTESIAN_POINT('',(2.625,7.625,-8.));
#4674 = DIRECTION('',(0.,0.,-1.));
#4675 = DIRECTION('',(1.,-0.,0.));
#4676 = PLANE('',#4677);
#4677 = AXIS2_PLACEMENT_3D('',#4678,#4679,#4680);
#4678 = CARTESIAN_POINT('',(0.,10.25,-8.));
#4679 = DIRECTION('',(0.,-0.,-1.));
#4680 = DIRECTION('',(1.,0.,0.));
#4681 = ADVANCED_FACE('',(#4682),#4707,.T.);
#4682 = FACE_BOUND('',#4683,.T.);
#4683 = EDGE_LOOP('',(#4684,#4692,#4700,#4706));
#4684 = ORIENTED_EDGE('',*,*,#4685,.T.);
#4685 = EDGE_CURVE('',#1168,#4686,#4688,.T.);
#4686 = VERTEX_POINT('',#4687);
#4687 = CARTESIAN_POINT('',(3.605,10.33,-2.45));
#4688 = LINE('',#4689,#4690);
#4689 = CARTESIAN_POINT('',(3.605,0.,-2.45));
#4690 = VECTOR('',#4691,1.);
#4691 = DIRECTION('',(0.,1.,0.));
#4692 = ORIENTED_EDGE('',*,*,#4693,.F.);
#4693 = EDGE_CURVE('',#4694,#4686,#4696,.T.);
#4694 = VERTEX_POINT('',#4695);
#4695 = CARTESIAN_POINT('',(1.645,10.33,-2.45));
#4696 = LINE('',#4697,#4698);
#4697 = CARTESIAN_POINT('',(0.,10.33,-2.45));
#4698 = VECTOR('',#4699,1.);
#4699 = DIRECTION('',(1.,0.,-0.));
#4700 = ORIENTED_EDGE('',*,*,#4701,.F.);
#4701 = EDGE_CURVE('',#1166,#4694,#4702,.T.);
#4702 = LINE('',#4703,#4704);
#4703 = CARTESIAN_POINT('',(1.645,0.,-2.45));
#4704 = VECTOR('',#4705,1.);
#4705 = DIRECTION('',(0.,1.,0.));
#4706 = ORIENTED_EDGE('',*,*,#1165,.T.);
#4707 = PLANE('',#4708);
#4708 = AXIS2_PLACEMENT_3D('',#4709,#4710,#4711);
#4709 = CARTESIAN_POINT('',(3.625,10.25,-2.45));
#4710 = DIRECTION('',(0.,0.,1.));
#4711 = DIRECTION('',(-1.,0.,0.));
#4712 = ADVANCED_FACE('',(#4713),#4732,.T.);
#4713 = FACE_BOUND('',#4714,.T.);
#4714 = EDGE_LOOP('',(#4715,#4716,#4725,#4731));
#4715 = ORIENTED_EDGE('',*,*,#4701,.T.);
#4716 = ORIENTED_EDGE('',*,*,#4717,.T.);
#4717 = EDGE_CURVE('',#4694,#4718,#4720,.T.);
#4718 = VERTEX_POINT('',#4719);
#4719 = CARTESIAN_POINT('',(1.625,10.33,-2.47));
#4720 = CIRCLE('',#4721,2.E-02);
#4721 = AXIS2_PLACEMENT_3D('',#4722,#4723,#4724);
#4722 = CARTESIAN_POINT('',(1.645,10.33,-2.47));
#4723 = DIRECTION('',(0.,-1.,0.));
#4724 = DIRECTION('',(-1.,0.,0.));
#4725 = ORIENTED_EDGE('',*,*,#4726,.F.);
#4726 = EDGE_CURVE('',#1176,#4718,#4727,.T.);
#4727 = LINE('',#4728,#4729);
#4728 = CARTESIAN_POINT('',(1.625,0.,-2.47));
#4729 = VECTOR('',#4730,1.);
#4730 = DIRECTION('',(0.,1.,0.));
#4731 = ORIENTED_EDGE('',*,*,#1175,.F.);
#4732 = CYLINDRICAL_SURFACE('',#4733,2.E-02);
#4733 = AXIS2_PLACEMENT_3D('',#4734,#4735,#4736);
#4734 = CARTESIAN_POINT('',(1.645,0.,-2.47));
#4735 = DIRECTION('',(0.,-1.,0.));
#4736 = DIRECTION('',(-1.,0.,0.));
#4737 = ADVANCED_FACE('',(#4738),#4756,.T.);
#4738 = FACE_BOUND('',#4739,.T.);
#4739 = EDGE_LOOP('',(#4740,#4741,#4742,#4750));
#4740 = ORIENTED_EDGE('',*,*,#1184,.T.);
#4741 = ORIENTED_EDGE('',*,*,#4726,.T.);
#4742 = ORIENTED_EDGE('',*,*,#4743,.T.);
#4743 = EDGE_CURVE('',#4718,#4744,#4746,.T.);
#4744 = VERTEX_POINT('',#4745);
#4745 = CARTESIAN_POINT('',(1.625,10.33,-2.93));
#4746 = LINE('',#4747,#4748);
#4747 = CARTESIAN_POINT('',(1.625,10.33,-12.7));
#4748 = VECTOR('',#4749,1.);
#4749 = DIRECTION('',(0.,0.,-1.));
#4750 = ORIENTED_EDGE('',*,*,#4751,.F.);
#4751 = EDGE_CURVE('',#1185,#4744,#4752,.T.);
#4752 = LINE('',#4753,#4754);
#4753 = CARTESIAN_POINT('',(1.625,0.,-2.93));
#4754 = VECTOR('',#4755,1.);
#4755 = DIRECTION('',(0.,1.,0.));
#4756 = PLANE('',#4757);
#4757 = AXIS2_PLACEMENT_3D('',#4758,#4759,#4760);
#4758 = CARTESIAN_POINT('',(1.625,10.25,-2.45));
#4759 = DIRECTION('',(-1.,-0.,-0.));
#4760 = DIRECTION('',(0.,0.,-1.));
#4761 = ADVANCED_FACE('',(#4762),#4781,.T.);
#4762 = FACE_BOUND('',#4763,.T.);
#4763 = EDGE_LOOP('',(#4764,#4773,#4779,#4780));
#4764 = ORIENTED_EDGE('',*,*,#4765,.F.);
#4765 = EDGE_CURVE('',#4766,#4744,#4768,.T.);
#4766 = VERTEX_POINT('',#4767);
#4767 = CARTESIAN_POINT('',(1.645,10.33,-2.95));
#4768 = CIRCLE('',#4769,2.E-02);
#4769 = AXIS2_PLACEMENT_3D('',#4770,#4771,#4772);
#4770 = CARTESIAN_POINT('',(1.645,10.33,-2.93));
#4771 = DIRECTION('',(-0.,1.,0.));
#4772 = DIRECTION('',(1.,0.,0.));
#4773 = ORIENTED_EDGE('',*,*,#4774,.F.);
#4774 = EDGE_CURVE('',#1193,#4766,#4775,.T.);
#4775 = LINE('',#4776,#4777);
#4776 = CARTESIAN_POINT('',(1.645,0.,-2.95));
#4777 = VECTOR('',#4778,1.);
#4778 = DIRECTION('',(0.,1.,0.));
#4779 = ORIENTED_EDGE('',*,*,#1192,.T.);
#4780 = ORIENTED_EDGE('',*,*,#4751,.T.);
#4781 = CYLINDRICAL_SURFACE('',#4782,2.E-02);
#4782 = AXIS2_PLACEMENT_3D('',#4783,#4784,#4785);
#4783 = CARTESIAN_POINT('',(1.645,0.,-2.93));
#4784 = DIRECTION('',(0.,1.,0.));
#4785 = DIRECTION('',(1.,0.,-0.));
#4786 = ADVANCED_FACE('',(#4787),#4805,.T.);
#4787 = FACE_BOUND('',#4788,.T.);
#4788 = EDGE_LOOP('',(#4789,#4790,#4798,#4804));
#4789 = ORIENTED_EDGE('',*,*,#4774,.T.);
#4790 = ORIENTED_EDGE('',*,*,#4791,.F.);
#4791 = EDGE_CURVE('',#4792,#4766,#4794,.T.);
#4792 = VERTEX_POINT('',#4793);
#4793 = CARTESIAN_POINT('',(3.605,10.33,-2.95));
#4794 = LINE('',#4795,#4796);
#4795 = CARTESIAN_POINT('',(0.,10.33,-2.95));
#4796 = VECTOR('',#4797,1.);
#4797 = DIRECTION('',(-1.,0.,0.));
#4798 = ORIENTED_EDGE('',*,*,#4799,.F.);
#4799 = EDGE_CURVE('',#1202,#4792,#4800,.T.);
#4800 = LINE('',#4801,#4802);
#4801 = CARTESIAN_POINT('',(3.605,0.,-2.95));
#4802 = VECTOR('',#4803,1.);
#4803 = DIRECTION('',(0.,1.,0.));
#4804 = ORIENTED_EDGE('',*,*,#1201,.T.);
#4805 = PLANE('',#4806);
#4806 = AXIS2_PLACEMENT_3D('',#4807,#4808,#4809);
#4807 = CARTESIAN_POINT('',(1.625,10.25,-2.95));
#4808 = DIRECTION('',(0.,0.,-1.));
#4809 = DIRECTION('',(1.,0.,0.));
#4810 = ADVANCED_FACE('',(#4811),#4830,.T.);
#4811 = FACE_BOUND('',#4812,.T.);
#4812 = EDGE_LOOP('',(#4813,#4822,#4828,#4829));
#4813 = ORIENTED_EDGE('',*,*,#4814,.F.);
#4814 = EDGE_CURVE('',#4815,#4792,#4817,.T.);
#4815 = VERTEX_POINT('',#4816);
#4816 = CARTESIAN_POINT('',(3.625,10.33,-2.93));
#4817 = CIRCLE('',#4818,2.E-02);
#4818 = AXIS2_PLACEMENT_3D('',#4819,#4820,#4821);
#4819 = CARTESIAN_POINT('',(3.605,10.33,-2.93));
#4820 = DIRECTION('',(-0.,1.,0.));
#4821 = DIRECTION('',(1.,0.,0.));
#4822 = ORIENTED_EDGE('',*,*,#4823,.F.);
#4823 = EDGE_CURVE('',#1210,#4815,#4824,.T.);
#4824 = LINE('',#4825,#4826);
#4825 = CARTESIAN_POINT('',(3.625,0.,-2.93));
#4826 = VECTOR('',#4827,1.);
#4827 = DIRECTION('',(0.,1.,0.));
#4828 = ORIENTED_EDGE('',*,*,#1209,.T.);
#4829 = ORIENTED_EDGE('',*,*,#4799,.T.);
#4830 = CYLINDRICAL_SURFACE('',#4831,2.E-02);
#4831 = AXIS2_PLACEMENT_3D('',#4832,#4833,#4834);
#4832 = CARTESIAN_POINT('',(3.605,0.,-2.93));
#4833 = DIRECTION('',(0.,1.,0.));
#4834 = DIRECTION('',(1.,0.,-0.));
#4835 = ADVANCED_FACE('',(#4836),#4854,.T.);
#4836 = FACE_BOUND('',#4837,.T.);
#4837 = EDGE_LOOP('',(#4838,#4839,#4847,#4853));
#4838 = ORIENTED_EDGE('',*,*,#4823,.T.);
#4839 = ORIENTED_EDGE('',*,*,#4840,.F.);
#4840 = EDGE_CURVE('',#4841,#4815,#4843,.T.);
#4841 = VERTEX_POINT('',#4842);
#4842 = CARTESIAN_POINT('',(3.625,10.33,-2.47));
#4843 = LINE('',#4844,#4845);
#4844 = CARTESIAN_POINT('',(3.625,10.33,-12.7));
#4845 = VECTOR('',#4846,1.);
#4846 = DIRECTION('',(0.,0.,-1.));
#4847 = ORIENTED_EDGE('',*,*,#4848,.F.);
#4848 = EDGE_CURVE('',#1219,#4841,#4849,.T.);
#4849 = LINE('',#4850,#4851);
#4850 = CARTESIAN_POINT('',(3.625,0.,-2.47));
#4851 = VECTOR('',#4852,1.);
#4852 = DIRECTION('',(0.,1.,0.));
#4853 = ORIENTED_EDGE('',*,*,#1218,.T.);
#4854 = PLANE('',#4855);
#4855 = AXIS2_PLACEMENT_3D('',#4856,#4857,#4858);
#4856 = CARTESIAN_POINT('',(3.625,10.25,-2.95));
#4857 = DIRECTION('',(1.,0.,-0.));
#4858 = DIRECTION('',(0.,0.,1.));
#4859 = ADVANCED_FACE('',(#4860),#4872,.T.);
#4860 = FACE_BOUND('',#4861,.T.);
#4861 = EDGE_LOOP('',(#4862,#4863,#4864,#4865));
#4862 = ORIENTED_EDGE('',*,*,#4685,.F.);
#4863 = ORIENTED_EDGE('',*,*,#1226,.T.);
#4864 = ORIENTED_EDGE('',*,*,#4848,.T.);
#4865 = ORIENTED_EDGE('',*,*,#4866,.F.);
#4866 = EDGE_CURVE('',#4686,#4841,#4867,.T.);
#4867 = CIRCLE('',#4868,2.E-02);
#4868 = AXIS2_PLACEMENT_3D('',#4869,#4870,#4871);
#4869 = CARTESIAN_POINT('',(3.605,10.33,-2.47));
#4870 = DIRECTION('',(-0.,1.,0.));
#4871 = DIRECTION('',(1.,0.,0.));
#4872 = CYLINDRICAL_SURFACE('',#4873,2.E-02);
#4873 = AXIS2_PLACEMENT_3D('',#4874,#4875,#4876);
#4874 = CARTESIAN_POINT('',(3.605,0.,-2.47));
#4875 = DIRECTION('',(0.,1.,0.));
#4876 = DIRECTION('',(1.,0.,0.));
#4877 = ADVANCED_FACE('',(#4878),#4897,.T.);
#4878 = FACE_BOUND('',#4879,.T.);
#4879 = EDGE_LOOP('',(#4880,#4889,#4896));
#4880 = ORIENTED_EDGE('',*,*,#4881,.F.);
#4881 = EDGE_CURVE('',#4882,#4841,#4884,.T.);
#4882 = VERTEX_POINT('',#4883);
#4883 = CARTESIAN_POINT('',(3.605,10.35,-2.47));
#4884 = CIRCLE('',#4885,2.E-02);
#4885 = AXIS2_PLACEMENT_3D('',#4886,#4887,#4888);
#4886 = CARTESIAN_POINT('',(3.605,10.33,-2.47));
#4887 = DIRECTION('',(0.,0.,-1.));
#4888 = DIRECTION('',(1.,-0.,0.));
#4889 = ORIENTED_EDGE('',*,*,#4890,.T.);
#4890 = EDGE_CURVE('',#4882,#4686,#4891,.T.);
#4891 = CIRCLE('',#4892,2.E-02);
#4892 = AXIS2_PLACEMENT_3D('',#4893,#4894,#4895);
#4893 = CARTESIAN_POINT('',(3.605,10.33,-2.47));
#4894 = DIRECTION('',(1.,0.,0.));
#4895 = DIRECTION('',(0.,-1.,0.));
#4896 = ORIENTED_EDGE('',*,*,#4866,.T.);
#4897 = SPHERICAL_SURFACE('',#4898,2.E-02);
#4898 = AXIS2_PLACEMENT_3D('',#4899,#4900,#4901);
#4899 = CARTESIAN_POINT('',(3.605,10.33,-2.47));
#4900 = DIRECTION('',(1.,0.,0.));
#4901 = DIRECTION('',(0.,-1.,0.));
#4902 = ADVANCED_FACE('',(#4903),#4935,.T.);
#4903 = FACE_BOUND('',#4904,.T.);
#4904 = EDGE_LOOP('',(#4905,#4913,#4921,#4929));
#4905 = ORIENTED_EDGE('',*,*,#4906,.T.);
#4906 = EDGE_CURVE('',#4882,#4907,#4909,.T.);
#4907 = VERTEX_POINT('',#4908);
#4908 = CARTESIAN_POINT('',(3.605,10.35,-2.93));
#4909 = LINE('',#4910,#4911);
#4910 = CARTESIAN_POINT('',(3.605,10.35,-12.7));
#4911 = VECTOR('',#4912,1.);
#4912 = DIRECTION('',(0.,0.,-1.));
#4913 = ORIENTED_EDGE('',*,*,#4914,.T.);
#4914 = EDGE_CURVE('',#4907,#4915,#4917,.T.);
#4915 = VERTEX_POINT('',#4916);
#4916 = CARTESIAN_POINT('',(1.645,10.35,-2.93));
#4917 = LINE('',#4918,#4919);
#4918 = CARTESIAN_POINT('',(0.,10.35,-2.93));
#4919 = VECTOR('',#4920,1.);
#4920 = DIRECTION('',(-1.,0.,0.));
#4921 = ORIENTED_EDGE('',*,*,#4922,.F.);
#4922 = EDGE_CURVE('',#4923,#4915,#4925,.T.);
#4923 = VERTEX_POINT('',#4924);
#4924 = CARTESIAN_POINT('',(1.645,10.35,-2.47));
#4925 = LINE('',#4926,#4927);
#4926 = CARTESIAN_POINT('',(1.645,10.35,-12.7));
#4927 = VECTOR('',#4928,1.);
#4928 = DIRECTION('',(0.,0.,-1.));
#4929 = ORIENTED_EDGE('',*,*,#4930,.T.);
#4930 = EDGE_CURVE('',#4923,#4882,#4931,.T.);
#4931 = LINE('',#4932,#4933);
#4932 = CARTESIAN_POINT('',(0.,10.35,-2.47));
#4933 = VECTOR('',#4934,1.);
#4934 = DIRECTION('',(1.,0.,-0.));
#4935 = PLANE('',#4936);
#4936 = AXIS2_PLACEMENT_3D('',#4937,#4938,#4939);
#4937 = CARTESIAN_POINT('',(2.625,10.35,-6.45));
#4938 = DIRECTION('',(-0.,1.,0.));
#4939 = DIRECTION('',(1.,0.,0.));
#4940 = ADVANCED_FACE('',(#4941),#4953,.T.);
#4941 = FACE_BOUND('',#4942,.T.);
#4942 = EDGE_LOOP('',(#4943,#4944,#4945,#4952));
#4943 = ORIENTED_EDGE('',*,*,#4881,.T.);
#4944 = ORIENTED_EDGE('',*,*,#4840,.T.);
#4945 = ORIENTED_EDGE('',*,*,#4946,.F.);
#4946 = EDGE_CURVE('',#4907,#4815,#4947,.T.);
#4947 = CIRCLE('',#4948,2.E-02);
#4948 = AXIS2_PLACEMENT_3D('',#4949,#4950,#4951);
#4949 = CARTESIAN_POINT('',(3.605,10.33,-2.93));
#4950 = DIRECTION('',(0.,0.,-1.));
#4951 = DIRECTION('',(1.,-0.,0.));
#4952 = ORIENTED_EDGE('',*,*,#4906,.F.);
#4953 = CYLINDRICAL_SURFACE('',#4954,2.E-02);
#4954 = AXIS2_PLACEMENT_3D('',#4955,#4956,#4957);
#4955 = CARTESIAN_POINT('',(3.605,10.33,-12.7));
#4956 = DIRECTION('',(0.,0.,-1.));
#4957 = DIRECTION('',(-1.,0.,0.));
#4958 = ADVANCED_FACE('',(#4959),#4970,.T.);
#4959 = FACE_BOUND('',#4960,.T.);
#4960 = EDGE_LOOP('',(#4961,#4962,#4969));
#4961 = ORIENTED_EDGE('',*,*,#4814,.T.);
#4962 = ORIENTED_EDGE('',*,*,#4963,.F.);
#4963 = EDGE_CURVE('',#4907,#4792,#4964,.T.);
#4964 = CIRCLE('',#4965,2.E-02);
#4965 = AXIS2_PLACEMENT_3D('',#4966,#4967,#4968);
#4966 = CARTESIAN_POINT('',(3.605,10.33,-2.93));
#4967 = DIRECTION('',(-1.,0.,0.));
#4968 = DIRECTION('',(0.,1.,0.));
#4969 = ORIENTED_EDGE('',*,*,#4946,.T.);
#4970 = SPHERICAL_SURFACE('',#4971,2.E-02);
#4971 = AXIS2_PLACEMENT_3D('',#4972,#4973,#4974);
#4972 = CARTESIAN_POINT('',(3.605,10.33,-2.93));
#4973 = DIRECTION('',(1.,0.,0.));
#4974 = DIRECTION('',(0.,-1.,0.));
#4975 = ADVANCED_FACE('',(#4976),#4988,.T.);
#4976 = FACE_BOUND('',#4977,.T.);
#4977 = EDGE_LOOP('',(#4978,#4979,#4980,#4981));
#4978 = ORIENTED_EDGE('',*,*,#4914,.F.);
#4979 = ORIENTED_EDGE('',*,*,#4963,.T.);
#4980 = ORIENTED_EDGE('',*,*,#4791,.T.);
#4981 = ORIENTED_EDGE('',*,*,#4982,.F.);
#4982 = EDGE_CURVE('',#4915,#4766,#4983,.T.);
#4983 = CIRCLE('',#4984,2.E-02);
#4984 = AXIS2_PLACEMENT_3D('',#4985,#4986,#4987);
#4985 = CARTESIAN_POINT('',(1.645,10.33,-2.93));
#4986 = DIRECTION('',(-1.,0.,0.));
#4987 = DIRECTION('',(0.,1.,0.));
#4988 = CYLINDRICAL_SURFACE('',#4989,2.E-02);
#4989 = AXIS2_PLACEMENT_3D('',#4990,#4991,#4992);
#4990 = CARTESIAN_POINT('',(0.,10.33,-2.93));
#4991 = DIRECTION('',(-1.,0.,0.));
#4992 = DIRECTION('',(0.,1.,0.));
#4993 = ADVANCED_FACE('',(#4994),#5005,.T.);
#4994 = FACE_BOUND('',#4995,.T.);
#4995 = EDGE_LOOP('',(#4996,#4997,#5004));
#4996 = ORIENTED_EDGE('',*,*,#4765,.T.);
#4997 = ORIENTED_EDGE('',*,*,#4998,.F.);
#4998 = EDGE_CURVE('',#4915,#4744,#4999,.T.);
#4999 = CIRCLE('',#5000,2.E-02);
#5000 = AXIS2_PLACEMENT_3D('',#5001,#5002,#5003);
#5001 = CARTESIAN_POINT('',(1.645,10.33,-2.93));
#5002 = DIRECTION('',(-0.,0.,1.));
#5003 = DIRECTION('',(1.,0.,0.));
#5004 = ORIENTED_EDGE('',*,*,#4982,.T.);
#5005 = SPHERICAL_SURFACE('',#5006,2.E-02);
#5006 = AXIS2_PLACEMENT_3D('',#5007,#5008,#5009);
#5007 = CARTESIAN_POINT('',(1.645,10.33,-2.93));
#5008 = DIRECTION('',(0.,0.,-1.));
#5009 = DIRECTION('',(-1.,0.,0.));
#5010 = ADVANCED_FACE('',(#5011),#5023,.T.);
#5011 = FACE_BOUND('',#5012,.T.);
#5012 = EDGE_LOOP('',(#5013,#5020,#5021,#5022));
#5013 = ORIENTED_EDGE('',*,*,#5014,.T.);
#5014 = EDGE_CURVE('',#4718,#4923,#5015,.T.);
#5015 = CIRCLE('',#5016,2.E-02);
#5016 = AXIS2_PLACEMENT_3D('',#5017,#5018,#5019);
#5017 = CARTESIAN_POINT('',(1.645,10.33,-2.47));
#5018 = DIRECTION('',(0.,0.,-1.));
#5019 = DIRECTION('',(1.,-0.,0.));
#5020 = ORIENTED_EDGE('',*,*,#4922,.T.);
#5021 = ORIENTED_EDGE('',*,*,#4998,.T.);
#5022 = ORIENTED_EDGE('',*,*,#4743,.F.);
#5023 = CYLINDRICAL_SURFACE('',#5024,2.E-02);
#5024 = AXIS2_PLACEMENT_3D('',#5025,#5026,#5027);
#5025 = CARTESIAN_POINT('',(1.645,10.33,-12.7));
#5026 = DIRECTION('',(-0.,0.,1.));
#5027 = DIRECTION('',(1.,0.,0.));
#5028 = ADVANCED_FACE('',(#5029),#5040,.T.);
#5029 = FACE_BOUND('',#5030,.T.);
#5030 = EDGE_LOOP('',(#5031,#5032,#5033));
#5031 = ORIENTED_EDGE('',*,*,#5014,.F.);
#5032 = ORIENTED_EDGE('',*,*,#4717,.F.);
#5033 = ORIENTED_EDGE('',*,*,#5034,.F.);
#5034 = EDGE_CURVE('',#4923,#4694,#5035,.T.);
#5035 = CIRCLE('',#5036,2.E-02);
#5036 = AXIS2_PLACEMENT_3D('',#5037,#5038,#5039);
#5037 = CARTESIAN_POINT('',(1.645,10.33,-2.47));
#5038 = DIRECTION('',(1.,0.,0.));
#5039 = DIRECTION('',(0.,-1.,0.));
#5040 = SPHERICAL_SURFACE('',#5041,2.E-02);
#5041 = AXIS2_PLACEMENT_3D('',#5042,#5043,#5044);
#5042 = CARTESIAN_POINT('',(1.645,10.33,-2.47));
#5043 = DIRECTION('',(0.,1.,0.));
#5044 = DIRECTION('',(1.,0.,0.));
#5045 = ADVANCED_FACE('',(#5046),#5052,.T.);
#5046 = FACE_BOUND('',#5047,.T.);
#5047 = EDGE_LOOP('',(#5048,#5049,#5050,#5051));
#5048 = ORIENTED_EDGE('',*,*,#4930,.F.);
#5049 = ORIENTED_EDGE('',*,*,#5034,.T.);
#5050 = ORIENTED_EDGE('',*,*,#4693,.T.);
#5051 = ORIENTED_EDGE('',*,*,#4890,.F.);
#5052 = CYLINDRICAL_SURFACE('',#5053,2.E-02);
#5053 = AXIS2_PLACEMENT_3D('',#5054,#5055,#5056);
#5054 = CARTESIAN_POINT('',(0.,10.33,-2.47));
#5055 = DIRECTION('',(1.,0.,-0.));
#5056 = DIRECTION('',(0.,-1.,0.));
#5057 = ADVANCED_FACE('',(#5058),#5064,.T.);
#5058 = FACE_BOUND('',#5059,.T.);
#5059 = EDGE_LOOP('',(#5060,#5061,#5062,#5063));
#5060 = ORIENTED_EDGE('',*,*,#4141,.F.);
#5061 = ORIENTED_EDGE('',*,*,#3628,.F.);
#5062 = ORIENTED_EDGE('',*,*,#1875,.T.);
#5063 = ORIENTED_EDGE('',*,*,#3799,.T.);
#5064 = CYLINDRICAL_SURFACE('',#5065,1.);
#5065 = AXIS2_PLACEMENT_3D('',#5066,#5067,#5068);
#5066 = CARTESIAN_POINT('',(2.625,2.625,-1.7763568394E-15));
#5067 = DIRECTION('',(0.,0.,-1.));
#5068 = DIRECTION('',(-1.,0.,0.));
#5069 = ADVANCED_FACE('',(#5070),#5079,.F.);
#5070 = FACE_BOUND('',#5071,.F.);
#5071 = EDGE_LOOP('',(#5072,#5073,#5074,#5075,#5076,#5077,#5078));
#5072 = ORIENTED_EDGE('',*,*,#3990,.F.);
#5073 = ORIENTED_EDGE('',*,*,#4034,.T.);
#5074 = ORIENTED_EDGE('',*,*,#4010,.T.);
#5075 = ORIENTED_EDGE('',*,*,#3855,.F.);
#5076 = ORIENTED_EDGE('',*,*,#3813,.T.);
#5077 = ORIENTED_EDGE('',*,*,#4059,.F.);
#5078 = ORIENTED_EDGE('',*,*,#4132,.F.);
#5079 = CYLINDRICAL_SURFACE('',#5080,0.825);
#5080 = AXIS2_PLACEMENT_3D('',#5081,#5082,#5083);
#5081 = CARTESIAN_POINT('',(2.625,2.625,-8.));
#5082 = DIRECTION('',(0.,0.,-1.));
#5083 = DIRECTION('',(0.,1.,0.));
#5084 = ADVANCED_FACE('',(#5085),#5091,.T.);
#5085 = FACE_BOUND('',#5086,.T.);
#5086 = EDGE_LOOP('',(#5087,#5088,#5089,#5090));
#5087 = ORIENTED_EDGE('',*,*,#4670,.F.);
#5088 = ORIENTED_EDGE('',*,*,#4157,.F.);
#5089 = ORIENTED_EDGE('',*,*,#1827,.T.);
#5090 = ORIENTED_EDGE('',*,*,#4328,.T.);
#5091 = CYLINDRICAL_SURFACE('',#5092,1.);
#5092 = AXIS2_PLACEMENT_3D('',#5093,#5094,#5095);
#5093 = CARTESIAN_POINT('',(2.625,7.625,-1.7763568394E-15));
#5094 = DIRECTION('',(0.,0.,-1.));
#5095 = DIRECTION('',(1.,-0.,0.));
#5096 = ADVANCED_FACE('',(#5097),#5106,.F.);
#5097 = FACE_BOUND('',#5098,.F.);
#5098 = EDGE_LOOP('',(#5099,#5100,#5101,#5102,#5103,#5104,#5105));
#5099 = ORIENTED_EDGE('',*,*,#4519,.F.);
#5100 = ORIENTED_EDGE('',*,*,#4563,.T.);
#5101 = ORIENTED_EDGE('',*,*,#4539,.T.);
#5102 = ORIENTED_EDGE('',*,*,#4384,.F.);
#5103 = ORIENTED_EDGE('',*,*,#4342,.T.);
#5104 = ORIENTED_EDGE('',*,*,#4588,.F.);
#5105 = ORIENTED_EDGE('',*,*,#4661,.F.);
#5106 = CYLINDRICAL_SURFACE('',#5107,0.825);
#5107 = AXIS2_PLACEMENT_3D('',#5108,#5109,#5110);
#5108 = CARTESIAN_POINT('',(2.625,7.625,-8.));
#5109 = DIRECTION('',(0.,0.,-1.));
#5110 = DIRECTION('',(0.,-1.,0.));
#5111 = ADVANCED_FACE('',(#5112),#5157,.F.);
#5112 = FACE_BOUND('',#5113,.F.);
#5113 = EDGE_LOOP('',(#5114,#5124,#5133,#5142,#5150));
#5114 = ORIENTED_EDGE('',*,*,#5115,.T.);
#5115 = EDGE_CURVE('',#5116,#5118,#5120,.T.);
#5116 = VERTEX_POINT('',#5117);
#5117 = CARTESIAN_POINT('',(3.625,7.625,0.));
#5118 = VERTEX_POINT('',#5119);
#5119 = CARTESIAN_POINT('',(3.625,7.625,7.4));
#5120 = LINE('',#5121,#5122);
#5121 = CARTESIAN_POINT('',(3.625,7.625,7.6));
#5122 = VECTOR('',#5123,1.);
#5123 = DIRECTION('',(0.,0.,1.));
#5124 = ORIENTED_EDGE('',*,*,#5125,.F.);
#5125 = EDGE_CURVE('',#5126,#5118,#5128,.T.);
#5126 = VERTEX_POINT('',#5127);
#5127 = CARTESIAN_POINT('',(2.625,6.625,7.4));
#5128 = CIRCLE('',#5129,1.);
#5129 = AXIS2_PLACEMENT_3D('',#5130,#5131,#5132);
#5130 = CARTESIAN_POINT('',(2.625,7.625,7.4));
#5131 = DIRECTION('',(0.,-0.,1.));
#5132 = DIRECTION('',(0.,1.,0.));
#5133 = ORIENTED_EDGE('',*,*,#5134,.F.);
#5134 = EDGE_CURVE('',#5135,#5126,#5137,.T.);
#5135 = VERTEX_POINT('',#5136);
#5136 = CARTESIAN_POINT('',(1.625,7.625,7.4));
#5137 = CIRCLE('',#5138,1.);
#5138 = AXIS2_PLACEMENT_3D('',#5139,#5140,#5141);
#5139 = CARTESIAN_POINT('',(2.625,7.625,7.4));
#5140 = DIRECTION('',(0.,-0.,1.));
#5141 = DIRECTION('',(0.,1.,0.));
#5142 = ORIENTED_EDGE('',*,*,#5143,.F.);
#5143 = EDGE_CURVE('',#5144,#5135,#5146,.T.);
#5144 = VERTEX_POINT('',#5145);
#5145 = CARTESIAN_POINT('',(1.625,7.625,0.));
#5146 = LINE('',#5147,#5148);
#5147 = CARTESIAN_POINT('',(1.625,7.625,7.6));
#5148 = VECTOR('',#5149,1.);
#5149 = DIRECTION('',(0.,0.,1.));
#5150 = ORIENTED_EDGE('',*,*,#5151,.T.);
#5151 = EDGE_CURVE('',#5144,#5116,#5152,.T.);
#5152 = CIRCLE('',#5153,1.);
#5153 = AXIS2_PLACEMENT_3D('',#5154,#5155,#5156);
#5154 = CARTESIAN_POINT('',(2.625,7.625,0.));
#5155 = DIRECTION('',(0.,0.,1.));
#5156 = DIRECTION('',(-1.,0.,0.));
#5157 = CYLINDRICAL_SURFACE('',#5158,1.);
#5158 = AXIS2_PLACEMENT_3D('',#5159,#5160,#5161);
#5159 = CARTESIAN_POINT('',(2.625,7.625,7.6));
#5160 = DIRECTION('',(0.,0.,1.));
#5161 = DIRECTION('',(-1.,0.,0.));
#5162 = ADVANCED_FACE('',(#5163),#5173,.F.);
#5163 = FACE_BOUND('',#5164,.T.);
#5164 = EDGE_LOOP('',(#5165,#5166));
#5165 = ORIENTED_EDGE('',*,*,#5151,.T.);
#5166 = ORIENTED_EDGE('',*,*,#5167,.T.);
#5167 = EDGE_CURVE('',#5116,#5144,#5168,.T.);
#5168 = CIRCLE('',#5169,1.);
#5169 = AXIS2_PLACEMENT_3D('',#5170,#5171,#5172);
#5170 = CARTESIAN_POINT('',(2.625,7.625,0.));
#5171 = DIRECTION('',(0.,0.,1.));
#5172 = DIRECTION('',(-1.,0.,0.));
#5173 = PLANE('',#5174);
#5174 = AXIS2_PLACEMENT_3D('',#5175,#5176,#5177);
#5175 = CARTESIAN_POINT('',(0.3,4.645908709797,0.));
#5176 = DIRECTION('',(-0.,-0.,-1.));
#5177 = DIRECTION('',(0.,-1.,0.));
#5178 = ADVANCED_FACE('',(#5179),#5200,.F.);
#5179 = FACE_BOUND('',#5180,.F.);
#5180 = EDGE_LOOP('',(#5181,#5182,#5183,#5192,#5199));
#5181 = ORIENTED_EDGE('',*,*,#5167,.T.);
#5182 = ORIENTED_EDGE('',*,*,#5143,.T.);
#5183 = ORIENTED_EDGE('',*,*,#5184,.F.);
#5184 = EDGE_CURVE('',#5185,#5135,#5187,.T.);
#5185 = VERTEX_POINT('',#5186);
#5186 = CARTESIAN_POINT('',(2.625,8.625,7.4));
#5187 = CIRCLE('',#5188,1.);
#5188 = AXIS2_PLACEMENT_3D('',#5189,#5190,#5191);
#5189 = CARTESIAN_POINT('',(2.625,7.625,7.4));
#5190 = DIRECTION('',(0.,-0.,1.));
#5191 = DIRECTION('',(0.,1.,0.));
#5192 = ORIENTED_EDGE('',*,*,#5193,.F.);
#5193 = EDGE_CURVE('',#5118,#5185,#5194,.T.);
#5194 = CIRCLE('',#5195,1.);
#5195 = AXIS2_PLACEMENT_3D('',#5196,#5197,#5198);
#5196 = CARTESIAN_POINT('',(2.625,7.625,7.4));
#5197 = DIRECTION('',(0.,-0.,1.));
#5198 = DIRECTION('',(0.,1.,0.));
#5199 = ORIENTED_EDGE('',*,*,#5115,.F.);
#5200 = CYLINDRICAL_SURFACE('',#5201,1.);
#5201 = AXIS2_PLACEMENT_3D('',#5202,#5203,#5204);
#5202 = CARTESIAN_POINT('',(2.625,7.625,7.6));
#5203 = DIRECTION('',(0.,0.,1.));
#5204 = DIRECTION('',(-1.,0.,0.));
#5205 = ADVANCED_FACE('',(#5206),#5251,.F.);
#5206 = FACE_BOUND('',#5207,.F.);
#5207 = EDGE_LOOP('',(#5208,#5218,#5227,#5236,#5244));
#5208 = ORIENTED_EDGE('',*,*,#5209,.T.);
#5209 = EDGE_CURVE('',#5210,#5212,#5214,.T.);
#5210 = VERTEX_POINT('',#5211);
#5211 = CARTESIAN_POINT('',(3.625,2.625,0.));
#5212 = VERTEX_POINT('',#5213);
#5213 = CARTESIAN_POINT('',(3.625,2.625,7.4));
#5214 = LINE('',#5215,#5216);
#5215 = CARTESIAN_POINT('',(3.625,2.625,7.6));
#5216 = VECTOR('',#5217,1.);
#5217 = DIRECTION('',(0.,0.,1.));
#5218 = ORIENTED_EDGE('',*,*,#5219,.F.);
#5219 = EDGE_CURVE('',#5220,#5212,#5222,.T.);
#5220 = VERTEX_POINT('',#5221);
#5221 = CARTESIAN_POINT('',(2.625,1.625,7.4));
#5222 = CIRCLE('',#5223,1.);
#5223 = AXIS2_PLACEMENT_3D('',#5224,#5225,#5226);
#5224 = CARTESIAN_POINT('',(2.625,2.625,7.4));
#5225 = DIRECTION('',(0.,-0.,1.));
#5226 = DIRECTION('',(0.,1.,0.));
#5227 = ORIENTED_EDGE('',*,*,#5228,.F.);
#5228 = EDGE_CURVE('',#5229,#5220,#5231,.T.);
#5229 = VERTEX_POINT('',#5230);
#5230 = CARTESIAN_POINT('',(1.625,2.625,7.4));
#5231 = CIRCLE('',#5232,1.);
#5232 = AXIS2_PLACEMENT_3D('',#5233,#5234,#5235);
#5233 = CARTESIAN_POINT('',(2.625,2.625,7.4));
#5234 = DIRECTION('',(0.,-0.,1.));
#5235 = DIRECTION('',(0.,1.,0.));
#5236 = ORIENTED_EDGE('',*,*,#5237,.F.);
#5237 = EDGE_CURVE('',#5238,#5229,#5240,.T.);
#5238 = VERTEX_POINT('',#5239);
#5239 = CARTESIAN_POINT('',(1.625,2.625,0.));
#5240 = LINE('',#5241,#5242);
#5241 = CARTESIAN_POINT('',(1.625,2.625,7.6));
#5242 = VECTOR('',#5243,1.);
#5243 = DIRECTION('',(0.,0.,1.));
#5244 = ORIENTED_EDGE('',*,*,#5245,.T.);
#5245 = EDGE_CURVE('',#5238,#5210,#5246,.T.);
#5246 = CIRCLE('',#5247,1.);
#5247 = AXIS2_PLACEMENT_3D('',#5248,#5249,#5250);
#5248 = CARTESIAN_POINT('',(2.625,2.625,0.));
#5249 = DIRECTION('',(0.,0.,1.));
#5250 = DIRECTION('',(1.,0.,-0.));
#5251 = CYLINDRICAL_SURFACE('',#5252,1.);
#5252 = AXIS2_PLACEMENT_3D('',#5253,#5254,#5255);
#5253 = CARTESIAN_POINT('',(2.625,2.625,7.6));
#5254 = DIRECTION('',(0.,0.,1.));
#5255 = DIRECTION('',(1.,0.,-0.));
#5256 = ADVANCED_FACE('',(#5257),#5267,.F.);
#5257 = FACE_BOUND('',#5258,.T.);
#5258 = EDGE_LOOP('',(#5259,#5260));
#5259 = ORIENTED_EDGE('',*,*,#5245,.T.);
#5260 = ORIENTED_EDGE('',*,*,#5261,.T.);
#5261 = EDGE_CURVE('',#5210,#5238,#5262,.T.);
#5262 = CIRCLE('',#5263,1.);
#5263 = AXIS2_PLACEMENT_3D('',#5264,#5265,#5266);
#5264 = CARTESIAN_POINT('',(2.625,2.625,0.));
#5265 = DIRECTION('',(0.,0.,1.));
#5266 = DIRECTION('',(1.,0.,-0.));
#5267 = PLANE('',#5268);
#5268 = AXIS2_PLACEMENT_3D('',#5269,#5270,#5271);
#5269 = CARTESIAN_POINT('',(0.3,4.645908709797,0.));
#5270 = DIRECTION('',(-0.,-0.,-1.));
#5271 = DIRECTION('',(0.,-1.,0.));
#5272 = ADVANCED_FACE('',(#5273,#5287),#5313,.F.);
#5273 = FACE_BOUND('',#5274,.T.);
#5274 = EDGE_LOOP('',(#5275,#5276,#5277,#5278,#5279,#5280,#5281,#5282,
    #5283,#5284,#5285,#5286));
#5275 = ORIENTED_EDGE('',*,*,#1235,.T.);
#5276 = ORIENTED_EDGE('',*,*,#1374,.T.);
#5277 = ORIENTED_EDGE('',*,*,#1407,.T.);
#5278 = ORIENTED_EDGE('',*,*,#1438,.T.);
#5279 = ORIENTED_EDGE('',*,*,#1471,.T.);
#5280 = ORIENTED_EDGE('',*,*,#1502,.F.);
#5281 = ORIENTED_EDGE('',*,*,#1741,.T.);
#5282 = ORIENTED_EDGE('',*,*,#730,.T.);
#5283 = ORIENTED_EDGE('',*,*,#668,.T.);
#5284 = ORIENTED_EDGE('',*,*,#1141,.T.);
#5285 = ORIENTED_EDGE('',*,*,#1110,.T.);
#5286 = ORIENTED_EDGE('',*,*,#1068,.T.);
#5287 = FACE_BOUND('',#5288,.T.);
#5288 = EDGE_LOOP('',(#5289,#5290,#5291,#5292,#5293,#5294,#5295,#5296,
    #5297,#5298,#5299,#5300,#5301,#5302,#5303,#5304,#5305,#5306,#5307,
    #5308,#5309,#5310,#5311,#5312));
#5289 = ORIENTED_EDGE('',*,*,#571,.F.);
#5290 = ORIENTED_EDGE('',*,*,#597,.F.);
#5291 = ORIENTED_EDGE('',*,*,#1029,.F.);
#5292 = ORIENTED_EDGE('',*,*,#628,.F.);
#5293 = ORIENTED_EDGE('',*,*,#1320,.F.);
#5294 = ORIENTED_EDGE('',*,*,#790,.F.);
#5295 = ORIENTED_EDGE('',*,*,#1005,.F.);
#5296 = ORIENTED_EDGE('',*,*,#831,.F.);
#5297 = ORIENTED_EDGE('',*,*,#870,.T.);
#5298 = ORIENTED_EDGE('',*,*,#902,.F.);
#5299 = ORIENTED_EDGE('',*,*,#934,.F.);
#5300 = ORIENTED_EDGE('',*,*,#957,.F.);
#5301 = ORIENTED_EDGE('',*,*,#58,.F.);
#5302 = ORIENTED_EDGE('',*,*,#97,.F.);
#5303 = ORIENTED_EDGE('',*,*,#129,.F.);
#5304 = ORIENTED_EDGE('',*,*,#155,.F.);
#5305 = ORIENTED_EDGE('',*,*,#981,.F.);
#5306 = ORIENTED_EDGE('',*,*,#186,.F.);
#5307 = ORIENTED_EDGE('',*,*,#1266,.F.);
#5308 = ORIENTED_EDGE('',*,*,#427,.F.);
#5309 = ORIENTED_EDGE('',*,*,#1053,.F.);
#5310 = ORIENTED_EDGE('',*,*,#468,.F.);
#5311 = ORIENTED_EDGE('',*,*,#507,.F.);
#5312 = ORIENTED_EDGE('',*,*,#539,.F.);
#5313 = PLANE('',#5314);
#5314 = AXIS2_PLACEMENT_3D('',#5315,#5316,#5317);
#5315 = CARTESIAN_POINT('',(0.3,4.645908709797,0.));
#5316 = DIRECTION('',(-0.,-0.,-1.));
#5317 = DIRECTION('',(0.,-1.,0.));
#5318 = ADVANCED_FACE('',(#5319,#5333),#5341,.T.);
#5319 = FACE_BOUND('',#5320,.T.);
#5320 = EDGE_LOOP('',(#5321,#5322,#5323,#5324,#5325,#5326,#5327,#5328,
    #5329,#5330,#5331,#5332));
#5321 = ORIENTED_EDGE('',*,*,#1087,.F.);
#5322 = ORIENTED_EDGE('',*,*,#1126,.F.);
#5323 = ORIENTED_EDGE('',*,*,#1149,.F.);
#5324 = ORIENTED_EDGE('',*,*,#686,.F.);
#5325 = ORIENTED_EDGE('',*,*,#747,.F.);
#5326 = ORIENTED_EDGE('',*,*,#1748,.F.);
#5327 = ORIENTED_EDGE('',*,*,#1512,.T.);
#5328 = ORIENTED_EDGE('',*,*,#1480,.F.);
#5329 = ORIENTED_EDGE('',*,*,#1448,.F.);
#5330 = ORIENTED_EDGE('',*,*,#1416,.F.);
#5331 = ORIENTED_EDGE('',*,*,#1384,.F.);
#5332 = ORIENTED_EDGE('',*,*,#1244,.F.);
#5333 = FACE_BOUND('',#5334,.T.);
#5334 = EDGE_LOOP('',(#5335,#5336,#5337,#5338,#5339,#5340));
#5335 = ORIENTED_EDGE('',*,*,#1343,.F.);
#5336 = ORIENTED_EDGE('',*,*,#1763,.T.);
#5337 = ORIENTED_EDGE('',*,*,#1289,.F.);
#5338 = ORIENTED_EDGE('',*,*,#1785,.T.);
#5339 = ORIENTED_EDGE('',*,*,#1922,.T.);
#5340 = ORIENTED_EDGE('',*,*,#1898,.T.);
#5341 = PLANE('',#5342);
#5342 = AXIS2_PLACEMENT_3D('',#5343,#5344,#5345);
#5343 = CARTESIAN_POINT('',(0.3,4.645908709797,-5.));
#5344 = DIRECTION('',(-0.,-0.,-1.));
#5345 = DIRECTION('',(0.,-1.,0.));
#5346 = ADVANCED_FACE('',(#5347),#5368,.F.);
#5347 = FACE_BOUND('',#5348,.F.);
#5348 = EDGE_LOOP('',(#5349,#5350,#5351,#5360,#5367));
#5349 = ORIENTED_EDGE('',*,*,#5261,.T.);
#5350 = ORIENTED_EDGE('',*,*,#5237,.T.);
#5351 = ORIENTED_EDGE('',*,*,#5352,.F.);
#5352 = EDGE_CURVE('',#5353,#5229,#5355,.T.);
#5353 = VERTEX_POINT('',#5354);
#5354 = CARTESIAN_POINT('',(2.625,3.625,7.4));
#5355 = CIRCLE('',#5356,1.);
#5356 = AXIS2_PLACEMENT_3D('',#5357,#5358,#5359);
#5357 = CARTESIAN_POINT('',(2.625,2.625,7.4));
#5358 = DIRECTION('',(0.,-0.,1.));
#5359 = DIRECTION('',(0.,1.,0.));
#5360 = ORIENTED_EDGE('',*,*,#5361,.F.);
#5361 = EDGE_CURVE('',#5212,#5353,#5362,.T.);
#5362 = CIRCLE('',#5363,1.);
#5363 = AXIS2_PLACEMENT_3D('',#5364,#5365,#5366);
#5364 = CARTESIAN_POINT('',(2.625,2.625,7.4));
#5365 = DIRECTION('',(0.,-0.,1.));
#5366 = DIRECTION('',(0.,1.,0.));
#5367 = ORIENTED_EDGE('',*,*,#5209,.F.);
#5368 = CYLINDRICAL_SURFACE('',#5369,1.);
#5369 = AXIS2_PLACEMENT_3D('',#5370,#5371,#5372);
#5370 = CARTESIAN_POINT('',(2.625,2.625,7.6));
#5371 = DIRECTION('',(0.,0.,1.));
#5372 = DIRECTION('',(1.,0.,-0.));
#5373 = ADVANCED_FACE('',(#5374),#5380,.T.);
#5374 = FACE_BOUND('',#5375,.T.);
#5375 = EDGE_LOOP('',(#5376,#5377,#5378,#5379));
#5376 = ORIENTED_EDGE('',*,*,#252,.T.);
#5377 = ORIENTED_EDGE('',*,*,#318,.T.);
#5378 = ORIENTED_EDGE('',*,*,#384,.T.);
#5379 = ORIENTED_EDGE('',*,*,#715,.T.);
#5380 = PLANE('',#5381);
#5381 = AXIS2_PLACEMENT_3D('',#5382,#5383,#5384);
#5382 = CARTESIAN_POINT('',(2.625,6.175,0.));
#5383 = DIRECTION('',(-0.,-0.,-1.));
#5384 = DIRECTION('',(0.,-1.,0.));
#5385 = ADVANCED_FACE('',(#5386,#5415,#5444),#5474,.F.);
#5386 = FACE_BOUND('',#5387,.T.);
#5387 = EDGE_LOOP('',(#5388,#5399,#5408));
#5388 = ORIENTED_EDGE('',*,*,#5389,.F.);
#5389 = EDGE_CURVE('',#5390,#5392,#5394,.T.);
#5390 = VERTEX_POINT('',#5391);
#5391 = CARTESIAN_POINT('',(2.625,6.425,7.6));
#5392 = VERTEX_POINT('',#5393);
#5393 = CARTESIAN_POINT('',(3.825,7.625,7.6));
#5394 = CIRCLE('',#5395,1.2);
#5395 = AXIS2_PLACEMENT_3D('',#5396,#5397,#5398);
#5396 = CARTESIAN_POINT('',(2.625,7.625,7.6));
#5397 = DIRECTION('',(0.,-0.,1.));
#5398 = DIRECTION('',(0.,1.,0.));
#5399 = ORIENTED_EDGE('',*,*,#5400,.F.);
#5400 = EDGE_CURVE('',#5401,#5390,#5403,.T.);
#5401 = VERTEX_POINT('',#5402);
#5402 = CARTESIAN_POINT('',(2.625,8.825,7.6));
#5403 = CIRCLE('',#5404,1.2);
#5404 = AXIS2_PLACEMENT_3D('',#5405,#5406,#5407);
#5405 = CARTESIAN_POINT('',(2.625,7.625,7.6));
#5406 = DIRECTION('',(0.,-0.,1.));
#5407 = DIRECTION('',(0.,1.,0.));
#5408 = ORIENTED_EDGE('',*,*,#5409,.F.);
#5409 = EDGE_CURVE('',#5392,#5401,#5410,.T.);
#5410 = CIRCLE('',#5411,1.2);
#5411 = AXIS2_PLACEMENT_3D('',#5412,#5413,#5414);
#5412 = CARTESIAN_POINT('',(2.625,7.625,7.6));
#5413 = DIRECTION('',(0.,-0.,1.));
#5414 = DIRECTION('',(0.,1.,0.));
#5415 = FACE_BOUND('',#5416,.T.);
#5416 = EDGE_LOOP('',(#5417,#5428,#5437));
#5417 = ORIENTED_EDGE('',*,*,#5418,.F.);
#5418 = EDGE_CURVE('',#5419,#5421,#5423,.T.);
#5419 = VERTEX_POINT('',#5420);
#5420 = CARTESIAN_POINT('',(2.625,1.425,7.6));
#5421 = VERTEX_POINT('',#5422);
#5422 = CARTESIAN_POINT('',(3.825,2.625,7.6));
#5423 = CIRCLE('',#5424,1.2);
#5424 = AXIS2_PLACEMENT_3D('',#5425,#5426,#5427);
#5425 = CARTESIAN_POINT('',(2.625,2.625,7.6));
#5426 = DIRECTION('',(0.,-0.,1.));
#5427 = DIRECTION('',(0.,1.,0.));
#5428 = ORIENTED_EDGE('',*,*,#5429,.F.);
#5429 = EDGE_CURVE('',#5430,#5419,#5432,.T.);
#5430 = VERTEX_POINT('',#5431);
#5431 = CARTESIAN_POINT('',(2.625,3.825,7.6));
#5432 = CIRCLE('',#5433,1.2);
#5433 = AXIS2_PLACEMENT_3D('',#5434,#5435,#5436);
#5434 = CARTESIAN_POINT('',(2.625,2.625,7.6));
#5435 = DIRECTION('',(0.,-0.,1.));
#5436 = DIRECTION('',(0.,1.,0.));
#5437 = ORIENTED_EDGE('',*,*,#5438,.F.);
#5438 = EDGE_CURVE('',#5421,#5430,#5439,.T.);
#5439 = CIRCLE('',#5440,1.2);
#5440 = AXIS2_PLACEMENT_3D('',#5441,#5442,#5443);
#5441 = CARTESIAN_POINT('',(2.625,2.625,7.6));
#5442 = DIRECTION('',(0.,-0.,1.));
#5443 = DIRECTION('',(0.,1.,0.));
#5444 = FACE_BOUND('',#5445,.T.);
#5445 = EDGE_LOOP('',(#5446,#5447,#5448,#5449,#5450,#5451,#5452,#5453,
    #5454,#5455,#5456,#5457,#5458,#5459,#5460,#5461,#5462,#5463,#5464,
    #5465,#5466,#5467,#5468,#5469,#5470,#5471,#5472,#5473));
#5446 = ORIENTED_EDGE('',*,*,#950,.F.);
#5447 = ORIENTED_EDGE('',*,*,#917,.T.);
#5448 = ORIENTED_EDGE('',*,*,#886,.F.);
#5449 = ORIENTED_EDGE('',*,*,#853,.F.);
#5450 = ORIENTED_EDGE('',*,*,#813,.F.);
#5451 = ORIENTED_EDGE('',*,*,#997,.T.);
#5452 = ORIENTED_EDGE('',*,*,#763,.F.);
#5453 = ORIENTED_EDGE('',*,*,#269,.T.);
#5454 = ORIENTED_EDGE('',*,*,#708,.F.);
#5455 = ORIENTED_EDGE('',*,*,#367,.T.);
#5456 = ORIENTED_EDGE('',*,*,#653,.F.);
#5457 = ORIENTED_EDGE('',*,*,#1021,.T.);
#5458 = ORIENTED_EDGE('',*,*,#604,.F.);
#5459 = ORIENTED_EDGE('',*,*,#554,.T.);
#5460 = ORIENTED_EDGE('',*,*,#523,.F.);
#5461 = ORIENTED_EDGE('',*,*,#490,.T.);
#5462 = ORIENTED_EDGE('',*,*,#450,.F.);
#5463 = ORIENTED_EDGE('',*,*,#1045,.T.);
#5464 = ORIENTED_EDGE('',*,*,#400,.F.);
#5465 = ORIENTED_EDGE('',*,*,#333,.T.);
#5466 = ORIENTED_EDGE('',*,*,#302,.F.);
#5467 = ORIENTED_EDGE('',*,*,#235,.T.);
#5468 = ORIENTED_EDGE('',*,*,#220,.F.);
#5469 = ORIENTED_EDGE('',*,*,#973,.T.);
#5470 = ORIENTED_EDGE('',*,*,#162,.F.);
#5471 = ORIENTED_EDGE('',*,*,#112,.T.);
#5472 = ORIENTED_EDGE('',*,*,#81,.F.);
#5473 = ORIENTED_EDGE('',*,*,#39,.T.);
#5474 = PLANE('',#5475);
#5475 = AXIS2_PLACEMENT_3D('',#5476,#5477,#5478);
#5476 = CARTESIAN_POINT('',(2.625,6.175,7.6));
#5477 = DIRECTION('',(-0.,-0.,-1.));
#5478 = DIRECTION('',(0.,-1.,0.));
#5479 = ADVANCED_FACE('',(#5480),#5498,.F.);
#5480 = FACE_BOUND('',#5481,.F.);
#5481 = EDGE_LOOP('',(#5482,#5488,#5489,#5490,#5496,#5497));
#5482 = ORIENTED_EDGE('',*,*,#5483,.F.);
#5483 = EDGE_CURVE('',#5220,#5419,#5484,.T.);
#5484 = LINE('',#5485,#5486);
#5485 = CARTESIAN_POINT('',(2.625,1.425,7.6));
#5486 = VECTOR('',#5487,1.);
#5487 = DIRECTION('',(0.,-0.707106781187,0.707106781187));
#5488 = ORIENTED_EDGE('',*,*,#5219,.T.);
#5489 = ORIENTED_EDGE('',*,*,#5361,.T.);
#5490 = ORIENTED_EDGE('',*,*,#5491,.T.);
#5491 = EDGE_CURVE('',#5353,#5430,#5492,.T.);
#5492 = LINE('',#5493,#5494);
#5493 = CARTESIAN_POINT('',(2.625,3.825,7.6));
#5494 = VECTOR('',#5495,1.);
#5495 = DIRECTION('',(0.,0.707106781187,0.707106781187));
#5496 = ORIENTED_EDGE('',*,*,#5438,.F.);
#5497 = ORIENTED_EDGE('',*,*,#5418,.F.);
#5498 = CONICAL_SURFACE('',#5499,1.2,0.785398163397);
#5499 = AXIS2_PLACEMENT_3D('',#5500,#5501,#5502);
#5500 = CARTESIAN_POINT('',(2.625,2.625,7.6));
#5501 = DIRECTION('',(0.,0.,1.));
#5502 = DIRECTION('',(0.,1.,0.));
#5503 = ADVANCED_FACE('',(#5504),#5522,.F.);
#5504 = FACE_BOUND('',#5505,.F.);
#5505 = EDGE_LOOP('',(#5506,#5512,#5513,#5514,#5520,#5521));
#5506 = ORIENTED_EDGE('',*,*,#5507,.F.);
#5507 = EDGE_CURVE('',#5126,#5390,#5508,.T.);
#5508 = LINE('',#5509,#5510);
#5509 = CARTESIAN_POINT('',(2.625,6.425,7.6));
#5510 = VECTOR('',#5511,1.);
#5511 = DIRECTION('',(0.,-0.707106781187,0.707106781187));
#5512 = ORIENTED_EDGE('',*,*,#5125,.T.);
#5513 = ORIENTED_EDGE('',*,*,#5193,.T.);
#5514 = ORIENTED_EDGE('',*,*,#5515,.T.);
#5515 = EDGE_CURVE('',#5185,#5401,#5516,.T.);
#5516 = LINE('',#5517,#5518);
#5517 = CARTESIAN_POINT('',(2.625,8.825,7.6));
#5518 = VECTOR('',#5519,1.);
#5519 = DIRECTION('',(0.,0.707106781187,0.707106781187));
#5520 = ORIENTED_EDGE('',*,*,#5409,.F.);
#5521 = ORIENTED_EDGE('',*,*,#5389,.F.);
#5522 = CONICAL_SURFACE('',#5523,1.2,0.785398163397);
#5523 = AXIS2_PLACEMENT_3D('',#5524,#5525,#5526);
#5524 = CARTESIAN_POINT('',(2.625,7.625,7.6));
#5525 = DIRECTION('',(0.,0.,1.));
#5526 = DIRECTION('',(0.,1.,0.));
#5527 = ADVANCED_FACE('',(#5528),#5535,.F.);
#5528 = FACE_BOUND('',#5529,.F.);
#5529 = EDGE_LOOP('',(#5530,#5531,#5532,#5533,#5534));
#5530 = ORIENTED_EDGE('',*,*,#5400,.F.);
#5531 = ORIENTED_EDGE('',*,*,#5515,.F.);
#5532 = ORIENTED_EDGE('',*,*,#5184,.T.);
#5533 = ORIENTED_EDGE('',*,*,#5134,.T.);
#5534 = ORIENTED_EDGE('',*,*,#5507,.T.);
#5535 = CONICAL_SURFACE('',#5536,1.2,0.785398163397);
#5536 = AXIS2_PLACEMENT_3D('',#5537,#5538,#5539);
#5537 = CARTESIAN_POINT('',(2.625,7.625,7.6));
#5538 = DIRECTION('',(0.,0.,1.));
#5539 = DIRECTION('',(0.,1.,0.));
#5540 = ADVANCED_FACE('',(#5541),#5548,.F.);
#5541 = FACE_BOUND('',#5542,.F.);
#5542 = EDGE_LOOP('',(#5543,#5544,#5545,#5546,#5547));
#5543 = ORIENTED_EDGE('',*,*,#5352,.T.);
#5544 = ORIENTED_EDGE('',*,*,#5228,.T.);
#5545 = ORIENTED_EDGE('',*,*,#5483,.T.);
#5546 = ORIENTED_EDGE('',*,*,#5429,.F.);
#5547 = ORIENTED_EDGE('',*,*,#5491,.F.);
#5548 = CONICAL_SURFACE('',#5549,1.2,0.785398163397);
#5549 = AXIS2_PLACEMENT_3D('',#5550,#5551,#5552);
#5550 = CARTESIAN_POINT('',(2.625,2.625,7.6));
#5551 = DIRECTION('',(0.,0.,1.));
#5552 = DIRECTION('',(0.,1.,0.));
#5553 = ( GEOMETRIC_REPRESENTATION_CONTEXT(3) 
GLOBAL_UNCERTAINTY_ASSIGNED_CONTEXT((#5557)) 
GLOBAL_UNIT_ASSIGNED_CONTEXT((#5554,#5555,#5556)) REPRESENTATION_CONTEXT
('Context #1','3D Context with UNIT and UNCERTAINTY') );
#5554 = ( LENGTH_UNIT() NAMED_UNIT(*) SI_UNIT(.MILLI.,.METRE.) );
#5555 = ( NAMED_UNIT(*) PLANE_ANGLE_UNIT() SI_UNIT($,.RADIAN.) );
#5556 = ( NAMED_UNIT(*) SI_UNIT($,.STERADIAN.) SOLID_ANGLE_UNIT() );
#5557 = UNCERTAINTY_MEASURE_WITH_UNIT(LENGTH_MEASURE(1.E-07),#5554,
  'distance_accuracy_value','confusion accuracy');
#5558 = CONTEXT_DEPENDENT_SHAPE_REPRESENTATION(#5559,#5561);
#5559 = ( REPRESENTATION_RELATIONSHIP('','',#32,#10) 
REPRESENTATION_RELATIONSHIP_WITH_TRANSFORMATION(#5560) 
SHAPE_REPRESENTATION_RELATIONSHIP() );
#5560 = ITEM_DEFINED_TRANSFORMATION('','',#11,#15);
#5561 = PRODUCT_DEFINITION_SHAPE('Placement','Placement of an item',
  #5562);
#5562 = NEXT_ASSEMBLY_USAGE_OCCURRENCE('1','XT30_Female001','',#5,#27,$
  );
#5563 = PRODUCT_RELATED_PRODUCT_CATEGORY('part',$,(#29));
#5564 = MECHANICAL_DESIGN_GEOMETRIC_PRESENTATION_REPRESENTATION('',(
    #5565,#5576,#5584,#5591,#5598,#5605,#5612,#5619,#5626,#5633,#5640,
    #5647,#5654,#5661,#5668,#5675,#5682,#5689,#5696,#5703,#5710,#5717,
    #5724,#5731,#5738,#5745,#5752),#5553);
#5565 = STYLED_ITEM('color',(#5566),#33);
#5566 = PRESENTATION_STYLE_ASSIGNMENT((#5567,#5573));
#5567 = SURFACE_STYLE_USAGE(.BOTH.,#5568);
#5568 = SURFACE_SIDE_STYLE('',(#5569));
#5569 = SURFACE_STYLE_FILL_AREA(#5570);
#5570 = FILL_AREA_STYLE('',(#5571));
#5571 = FILL_AREA_STYLE_COLOUR('',#5572);
#5572 = COLOUR_RGB('',1.,0.874509856584,0.);
#5573 = CURVE_STYLE('',#5574,POSITIVE_LENGTH_MEASURE(0.1),#5575);
#5574 = DRAUGHTING_PRE_DEFINED_CURVE_FONT('continuous');
#5575 = COLOUR_RGB('',9.803921802644E-02,9.803921802644E-02,
  9.803921802644E-02);
#5576 = OVER_RIDING_STYLED_ITEM('overriding color',(#5577),#3623,#5565);
#5577 = PRESENTATION_STYLE_ASSIGNMENT((#5578));
#5578 = SURFACE_STYLE_USAGE(.BOTH.,#5579);
#5579 = SURFACE_SIDE_STYLE('',(#5580));
#5580 = SURFACE_STYLE_FILL_AREA(#5581);
#5581 = FILL_AREA_STYLE('',(#5582));
#5582 = FILL_AREA_STYLE_COLOUR('',#5583);
#5583 = COLOUR_RGB('',0.866666727517,0.784313804654,0.192156878061);
#5584 = OVER_RIDING_STYLED_ITEM('overriding color',(#5585),#3809,#5565);
#5585 = PRESENTATION_STYLE_ASSIGNMENT((#5586));
#5586 = SURFACE_STYLE_USAGE(.BOTH.,#5587);
#5587 = SURFACE_SIDE_STYLE('',(#5588));
#5588 = SURFACE_STYLE_FILL_AREA(#5589);
#5589 = FILL_AREA_STYLE('',(#5590));
#5590 = FILL_AREA_STYLE_COLOUR('',#5583);
#5591 = OVER_RIDING_STYLED_ITEM('overriding color',(#5592),#3840,#5565);
#5592 = PRESENTATION_STYLE_ASSIGNMENT((#5593));
#5593 = SURFACE_STYLE_USAGE(.BOTH.,#5594);
#5594 = SURFACE_SIDE_STYLE('',(#5595));
#5595 = SURFACE_STYLE_FILL_AREA(#5596);
#5596 = FILL_AREA_STYLE('',(#5597));
#5597 = FILL_AREA_STYLE_COLOUR('',#5583);
#5598 = OVER_RIDING_STYLED_ITEM('overriding color',(#5599),#3874,#5565);
#5599 = PRESENTATION_STYLE_ASSIGNMENT((#5600));
#5600 = SURFACE_STYLE_USAGE(.BOTH.,#5601);
#5601 = SURFACE_SIDE_STYLE('',(#5602));
#5602 = SURFACE_STYLE_FILL_AREA(#5603);
#5603 = FILL_AREA_STYLE('',(#5604));
#5604 = FILL_AREA_STYLE_COLOUR('',#5583);
#5605 = OVER_RIDING_STYLED_ITEM('overriding color',(#5606),#3898,#5565);
#5606 = PRESENTATION_STYLE_ASSIGNMENT((#5607));
#5607 = SURFACE_STYLE_USAGE(.BOTH.,#5608);
#5608 = SURFACE_SIDE_STYLE('',(#5609));
#5609 = SURFACE_STYLE_FILL_AREA(#5610);
#5610 = FILL_AREA_STYLE('',(#5611));
#5611 = FILL_AREA_STYLE_COLOUR('',#5583);
#5612 = OVER_RIDING_STYLED_ITEM('overriding color',(#5613),#3986,#5565);
#5613 = PRESENTATION_STYLE_ASSIGNMENT((#5614));
#5614 = SURFACE_STYLE_USAGE(.BOTH.,#5615);
#5615 = SURFACE_SIDE_STYLE('',(#5616));
#5616 = SURFACE_STYLE_FILL_AREA(#5617);
#5617 = FILL_AREA_STYLE('',(#5618));
#5618 = FILL_AREA_STYLE_COLOUR('',#5583);
#5619 = OVER_RIDING_STYLED_ITEM('overriding color',(#5620),#4029,#5565);
#5620 = PRESENTATION_STYLE_ASSIGNMENT((#5621));
#5621 = SURFACE_STYLE_USAGE(.BOTH.,#5622);
#5622 = SURFACE_SIDE_STYLE('',(#5623));
#5623 = SURFACE_STYLE_FILL_AREA(#5624);
#5624 = FILL_AREA_STYLE('',(#5625));
#5625 = FILL_AREA_STYLE_COLOUR('',#5583);
#5626 = OVER_RIDING_STYLED_ITEM('overriding color',(#5627),#4045,#5565);
#5627 = PRESENTATION_STYLE_ASSIGNMENT((#5628));
#5628 = SURFACE_STYLE_USAGE(.BOTH.,#5629);
#5629 = SURFACE_SIDE_STYLE('',(#5630));
#5630 = SURFACE_STYLE_FILL_AREA(#5631);
#5631 = FILL_AREA_STYLE('',(#5632));
#5632 = FILL_AREA_STYLE_COLOUR('',#5583);
#5633 = OVER_RIDING_STYLED_ITEM('overriding color',(#5634),#4127,#5565);
#5634 = PRESENTATION_STYLE_ASSIGNMENT((#5635));
#5635 = SURFACE_STYLE_USAGE(.BOTH.,#5636);
#5636 = SURFACE_SIDE_STYLE('',(#5637));
#5637 = SURFACE_STYLE_FILL_AREA(#5638);
#5638 = FILL_AREA_STYLE('',(#5639));
#5639 = FILL_AREA_STYLE_COLOUR('',#5583);
#5640 = OVER_RIDING_STYLED_ITEM('overriding color',(#5641),#4152,#5565);
#5641 = PRESENTATION_STYLE_ASSIGNMENT((#5642));
#5642 = SURFACE_STYLE_USAGE(.BOTH.,#5643);
#5643 = SURFACE_SIDE_STYLE('',(#5644));
#5644 = SURFACE_STYLE_FILL_AREA(#5645);
#5645 = FILL_AREA_STYLE('',(#5646));
#5646 = FILL_AREA_STYLE_COLOUR('',#5583);
#5647 = OVER_RIDING_STYLED_ITEM('overriding color',(#5648),#4338,#5565);
#5648 = PRESENTATION_STYLE_ASSIGNMENT((#5649));
#5649 = SURFACE_STYLE_USAGE(.BOTH.,#5650);
#5650 = SURFACE_SIDE_STYLE('',(#5651));
#5651 = SURFACE_STYLE_FILL_AREA(#5652);
#5652 = FILL_AREA_STYLE('',(#5653));
#5653 = FILL_AREA_STYLE_COLOUR('',#5583);
#5654 = OVER_RIDING_STYLED_ITEM('overriding color',(#5655),#4369,#5565);
#5655 = PRESENTATION_STYLE_ASSIGNMENT((#5656));
#5656 = SURFACE_STYLE_USAGE(.BOTH.,#5657);
#5657 = SURFACE_SIDE_STYLE('',(#5658));
#5658 = SURFACE_STYLE_FILL_AREA(#5659);
#5659 = FILL_AREA_STYLE('',(#5660));
#5660 = FILL_AREA_STYLE_COLOUR('',#5583);
#5661 = OVER_RIDING_STYLED_ITEM('overriding color',(#5662),#4403,#5565);
#5662 = PRESENTATION_STYLE_ASSIGNMENT((#5663));
#5663 = SURFACE_STYLE_USAGE(.BOTH.,#5664);
#5664 = SURFACE_SIDE_STYLE('',(#5665));
#5665 = SURFACE_STYLE_FILL_AREA(#5666);
#5666 = FILL_AREA_STYLE('',(#5667));
#5667 = FILL_AREA_STYLE_COLOUR('',#5583);
#5668 = OVER_RIDING_STYLED_ITEM('overriding color',(#5669),#4427,#5565);
#5669 = PRESENTATION_STYLE_ASSIGNMENT((#5670));
#5670 = SURFACE_STYLE_USAGE(.BOTH.,#5671);
#5671 = SURFACE_SIDE_STYLE('',(#5672));
#5672 = SURFACE_STYLE_FILL_AREA(#5673);
#5673 = FILL_AREA_STYLE('',(#5674));
#5674 = FILL_AREA_STYLE_COLOUR('',#5583);
#5675 = OVER_RIDING_STYLED_ITEM('overriding color',(#5676),#4515,#5565);
#5676 = PRESENTATION_STYLE_ASSIGNMENT((#5677));
#5677 = SURFACE_STYLE_USAGE(.BOTH.,#5678);
#5678 = SURFACE_SIDE_STYLE('',(#5679));
#5679 = SURFACE_STYLE_FILL_AREA(#5680);
#5680 = FILL_AREA_STYLE('',(#5681));
#5681 = FILL_AREA_STYLE_COLOUR('',#5583);
#5682 = OVER_RIDING_STYLED_ITEM('overriding color',(#5683),#4558,#5565);
#5683 = PRESENTATION_STYLE_ASSIGNMENT((#5684));
#5684 = SURFACE_STYLE_USAGE(.BOTH.,#5685);
#5685 = SURFACE_SIDE_STYLE('',(#5686));
#5686 = SURFACE_STYLE_FILL_AREA(#5687);
#5687 = FILL_AREA_STYLE('',(#5688));
#5688 = FILL_AREA_STYLE_COLOUR('',#5583);
#5689 = OVER_RIDING_STYLED_ITEM('overriding color',(#5690),#4574,#5565);
#5690 = PRESENTATION_STYLE_ASSIGNMENT((#5691));
#5691 = SURFACE_STYLE_USAGE(.BOTH.,#5692);
#5692 = SURFACE_SIDE_STYLE('',(#5693));
#5693 = SURFACE_STYLE_FILL_AREA(#5694);
#5694 = FILL_AREA_STYLE('',(#5695));
#5695 = FILL_AREA_STYLE_COLOUR('',#5583);
#5696 = OVER_RIDING_STYLED_ITEM('overriding color',(#5697),#4656,#5565);
#5697 = PRESENTATION_STYLE_ASSIGNMENT((#5698));
#5698 = SURFACE_STYLE_USAGE(.BOTH.,#5699);
#5699 = SURFACE_SIDE_STYLE('',(#5700));
#5700 = SURFACE_STYLE_FILL_AREA(#5701);
#5701 = FILL_AREA_STYLE('',(#5702));
#5702 = FILL_AREA_STYLE_COLOUR('',#5583);
#5703 = OVER_RIDING_STYLED_ITEM('overriding color',(#5704),#5057,#5565);
#5704 = PRESENTATION_STYLE_ASSIGNMENT((#5705));
#5705 = SURFACE_STYLE_USAGE(.BOTH.,#5706);
#5706 = SURFACE_SIDE_STYLE('',(#5707));
#5707 = SURFACE_STYLE_FILL_AREA(#5708);
#5708 = FILL_AREA_STYLE('',(#5709));
#5709 = FILL_AREA_STYLE_COLOUR('',#5583);
#5710 = OVER_RIDING_STYLED_ITEM('overriding color',(#5711),#5069,#5565);
#5711 = PRESENTATION_STYLE_ASSIGNMENT((#5712));
#5712 = SURFACE_STYLE_USAGE(.BOTH.,#5713);
#5713 = SURFACE_SIDE_STYLE('',(#5714));
#5714 = SURFACE_STYLE_FILL_AREA(#5715);
#5715 = FILL_AREA_STYLE('',(#5716));
#5716 = FILL_AREA_STYLE_COLOUR('',#5583);
#5717 = OVER_RIDING_STYLED_ITEM('overriding color',(#5718),#5084,#5565);
#5718 = PRESENTATION_STYLE_ASSIGNMENT((#5719));
#5719 = SURFACE_STYLE_USAGE(.BOTH.,#5720);
#5720 = SURFACE_SIDE_STYLE('',(#5721));
#5721 = SURFACE_STYLE_FILL_AREA(#5722);
#5722 = FILL_AREA_STYLE('',(#5723));
#5723 = FILL_AREA_STYLE_COLOUR('',#5583);
#5724 = OVER_RIDING_STYLED_ITEM('overriding color',(#5725),#5096,#5565);
#5725 = PRESENTATION_STYLE_ASSIGNMENT((#5726));
#5726 = SURFACE_STYLE_USAGE(.BOTH.,#5727);
#5727 = SURFACE_SIDE_STYLE('',(#5728));
#5728 = SURFACE_STYLE_FILL_AREA(#5729);
#5729 = FILL_AREA_STYLE('',(#5730));
#5730 = FILL_AREA_STYLE_COLOUR('',#5583);
#5731 = OVER_RIDING_STYLED_ITEM('overriding color',(#5732),#5111,#5565);
#5732 = PRESENTATION_STYLE_ASSIGNMENT((#5733));
#5733 = SURFACE_STYLE_USAGE(.BOTH.,#5734);
#5734 = SURFACE_SIDE_STYLE('',(#5735));
#5735 = SURFACE_STYLE_FILL_AREA(#5736);
#5736 = FILL_AREA_STYLE('',(#5737));
#5737 = FILL_AREA_STYLE_COLOUR('',#5583);
#5738 = OVER_RIDING_STYLED_ITEM('overriding color',(#5739),#5178,#5565);
#5739 = PRESENTATION_STYLE_ASSIGNMENT((#5740));
#5740 = SURFACE_STYLE_USAGE(.BOTH.,#5741);
#5741 = SURFACE_SIDE_STYLE('',(#5742));
#5742 = SURFACE_STYLE_FILL_AREA(#5743);
#5743 = FILL_AREA_STYLE('',(#5744));
#5744 = FILL_AREA_STYLE_COLOUR('',#5583);
#5745 = OVER_RIDING_STYLED_ITEM('overriding color',(#5746),#5205,#5565);
#5746 = PRESENTATION_STYLE_ASSIGNMENT((#5747));
#5747 = SURFACE_STYLE_USAGE(.BOTH.,#5748);
#5748 = SURFACE_SIDE_STYLE('',(#5749));
#5749 = SURFACE_STYLE_FILL_AREA(#5750);
#5750 = FILL_AREA_STYLE('',(#5751));
#5751 = FILL_AREA_STYLE_COLOUR('',#5583);
#5752 = OVER_RIDING_STYLED_ITEM('overriding color',(#5753),#5346,#5565);
#5753 = PRESENTATION_STYLE_ASSIGNMENT((#5754));
#5754 = SURFACE_STYLE_USAGE(.BOTH.,#5755);
#5755 = SURFACE_SIDE_STYLE('',(#5756));
#5756 = SURFACE_STYLE_FILL_AREA(#5757);
#5757 = FILL_AREA_STYLE('',(#5758));
#5758 = FILL_AREA_STYLE_COLOUR('',#5583);
ENDSEC;
END-ISO-10303-21;
