999
"DXF R12 Output" (www.mydxf.blogspot.com)
 0 
SECTION
 2 
HEADER
 9 
$ACADVER
 1 
AC1009
 9 
$EXTMIN
 10 
 0 
 20 
 0 
 9 
$EXTMAX
 10 
 8.5 
 20 
 11 
 0 
ENDSEC
 0 
SECTION
 2 
ENTITIES
0
POLYLINE
8
Sketch
62
7
70
0
10
0.000000
20
0.000000
66
1
0
VERTEX
8
Sketch
10
91.348677
20
42.830646
70
0
0
VERTEX
8
Sketch
10
91.231358
20
43.113191
70
0
0
VERTEX
8
Sketch
10
90.948678
20
43.230185
70
0
0
VERTEX
8
Sketch
10
90.665998
20
43.113191
70
0
0
VERTEX
8
Sketch
10
90.548679
20
42.830646
70
0
0
VERTEX
8
Sketch
10
90.665998
20
42.548101
70
0
0
VERTEX
8
Sketch
10
90.948678
20
42.431106
70
0
0
VERTEX
8
Sketch
10
91.231358
20
42.548101
70
0
0
VERTEX
8
Sketch
10
91.348677
20
42.830646
70
0
0
VERTEX
8
Sketch
10
91.348677
20
42.830646
70
0
0
SEQEND
8
Sketch
0
POLYLINE
8
Sketch
62
7
70
0
10
0.000000
20
0.000000
66
1
0
VERTEX
8
Sketch
10
93.850087
20
42.389586
70
0
0
VERTEX
8
Sketch
10
93.732768
20
42.672131
70
0
0
VERTEX
8
Sketch
10
93.450088
20
42.789125
70
0
0
VERTEX
8
Sketch
10
93.167408
20
42.672131
70
0
0
VERTEX
8
Sketch
10
93.050089
20
42.389586
70
0
0
VERTEX
8
Sketch
10
93.167408
20
42.107041
70
0
0
VERTEX
8
Sketch
10
93.450088
20
41.990046
70
0
0
VERTEX
8
Sketch
10
93.732768
20
42.107041
70
0
0
VERTEX
8
Sketch
10
93.850087
20
42.389586
70
0
0
VERTEX
8
Sketch
10
93.850087
20
42.389586
70
0
0
SEQEND
8
Sketch
0
POLYLINE
8
Sketch
62
7
70
0
10
0.000000
20
0.000000
66
1
0
VERTEX
8
Sketch
10
96.351495
20
41.948500
70
0
0
VERTEX
8
Sketch
10
96.234175
20
42.231044
70
0
0
VERTEX
8
Sketch
10
95.951495
20
42.348039
70
0
0
VERTEX
8
Sketch
10
95.668816
20
42.231044
70
0
0
VERTEX
8
Sketch
10
95.551496
20
41.948500
70
0
0
VERTEX
8
Sketch
10
95.668816
20
41.665955
70
0
0
VERTEX
8
Sketch
10
95.951495
20
41.548960
70
0
0
VERTEX
8
Sketch
10
96.234175
20
41.665955
70
0
0
VERTEX
8
Sketch
10
96.351495
20
41.948500
70
0
0
VERTEX
8
Sketch
10
96.351495
20
41.948500
70
0
0
SEQEND
8
Sketch
0
POLYLINE
8
Sketch
62
7
70
0
10
0.000000
20
0.000000
66
1
0
VERTEX
8
Sketch
10
98.852905
20
41.507440
70
0
0
VERTEX
8
Sketch
10
98.735549
20
41.789918
70
0
0
VERTEX
8
Sketch
10
98.452905
20
41.906876
70
0
0
VERTEX
8
Sketch
10
98.170262
20
41.789918
70
0
0
VERTEX
8
Sketch
10
98.052906
20
41.507440
70
0
0
VERTEX
8
Sketch
10
98.170262
20
41.224962
70
0
0
VERTEX
8
Sketch
10
98.452905
20
41.108004
70
0
0
VERTEX
8
Sketch
10
98.735549
20
41.224962
70
0
0
VERTEX
8
Sketch
10
98.852905
20
41.507440
70
0
0
VERTEX
8
Sketch
10
98.852905
20
41.507440
70
0
0
SEQEND
8
Sketch
0
POLYLINE
8
Sketch
62
7
70
0
10
0.000000
20
0.000000
66
1
0
VERTEX
8
Sketch
10
101.354312
20
41.066380
70
0
0
VERTEX
8
Sketch
10
101.236992
20
41.348925
70
0
0
VERTEX
8
Sketch
10
100.954313
20
41.465919
70
0
0
VERTEX
8
Sketch
10
100.671633
20
41.348925
70
0
0
VERTEX
8
Sketch
10
100.554314
20
41.066380
70
0
0
VERTEX
8
Sketch
10
100.671633
20
40.783835
70
0
0
VERTEX
8
Sketch
10
100.954313
20
40.666840
70
0
0
VERTEX
8
Sketch
10
101.236992
20
40.783835
70
0
0
VERTEX
8
Sketch
10
101.354312
20
41.066380
70
0
0
VERTEX
8
Sketch
10
101.354312
20
41.066380
70
0
0
SEQEND
8
Sketch
0
POLYLINE
8
Sketch
62
7
70
0
10
0.000000
20
0.000000
66
1
0
VERTEX
8
Sketch
10
122.163274
20
37.397196
70
0
0
VERTEX
8
Sketch
10
121.963274
20
37.743605
70
0
0
VERTEX
8
Sketch
10
121.563275
20
37.743605
70
0
0
VERTEX
8
Sketch
10
121.363275
20
37.397196
70
0
0
VERTEX
8
Sketch
10
121.563275
20
37.050786
70
0
0
VERTEX
8
Sketch
10
121.963274
20
37.050786
70
0
0
VERTEX
8
Sketch
10
122.163274
20
37.397196
70
0
0
VERTEX
8
Sketch
10
122.163274
20
37.397196
70
0
0
SEQEND
8
Sketch
0
POLYLINE
8
Sketch
62
7
70
0
10
0.000000
20
0.000000
66
1
0
VERTEX
8
Sketch
10
124.664683
20
36.956136
70
0
0
VERTEX
8
Sketch
10
124.547525
20
37.238978
70
0
0
VERTEX
8
Sketch
10
124.264683
20
37.356135
70
0
0
VERTEX
8
Sketch
10
123.981841
20
37.238978
70
0
0
VERTEX
8
Sketch
10
123.864684
20
36.956136
70
0
0
VERTEX
8
Sketch
10
124.064683
20
36.609726
70
0
0
VERTEX
8
Sketch
10
124.464683
20
36.609726
70
0
0
VERTEX
8
Sketch
10
124.664683
20
36.956136
70
0
0
VERTEX
8
Sketch
10
124.664683
20
36.956136
70
0
0
SEQEND
8
Sketch
0
POLYLINE
8
Sketch
62
7
70
0
10
0.000000
20
0.000000
66
1
0
VERTEX
8
Sketch
10
129.667500
20
36.073990
70
0
0
VERTEX
8
Sketch
10
129.467500
20
36.420399
70
0
0
VERTEX
8
Sketch
10
129.067500
20
36.420399
70
0
0
VERTEX
8
Sketch
10
128.867501
20
36.073990
70
0
0
VERTEX
8
Sketch
10
129.067500
20
35.727580
70
0
0
VERTEX
8
Sketch
10
129.467500
20
35.727580
70
0
0
VERTEX
8
Sketch
10
129.667500
20
36.073990
70
0
0
VERTEX
8
Sketch
10
129.667500
20
36.073990
70
0
0
SEQEND
8
Sketch
0
POLYLINE
8
Sketch
62
7
70
0
10
0.000000
20
0.000000
66
1
0
VERTEX
8
Sketch
10
127.166091
20
36.515076
70
0
0
VERTEX
8
Sketch
10
126.966092
20
36.861486
70
0
0
VERTEX
8
Sketch
10
126.566092
20
36.861486
70
0
0
VERTEX
8
Sketch
10
126.366092
20
36.515076
70
0
0
VERTEX
8
Sketch
10
126.566092
20
36.168666
70
0
0
VERTEX
8
Sketch
10
126.966092
20
36.168666
70
0
0
VERTEX
8
Sketch
10
127.166091
20
36.515076
70
0
0
VERTEX
8
Sketch
10
127.166091
20
36.515076
70
0
0
SEQEND
8
Sketch
0
POLYLINE
8
Sketch
62
7
70
0
10
0.000000
20
0.000000
66
1
0
VERTEX
8
Sketch
10
132.168908
20
35.632930
70
0
0
VERTEX
8
Sketch
10
131.968909
20
35.979340
70
0
0
VERTEX
8
Sketch
10
131.568909
20
35.979340
70
0
0
VERTEX
8
Sketch
10
131.368909
20
35.632930
70
0
0
VERTEX
8
Sketch
10
131.568909
20
35.286520
70
0
0
VERTEX
8
Sketch
10
131.968909
20
35.286520
70
0
0
VERTEX
8
Sketch
10
132.168908
20
35.632930
70
0
0
VERTEX
8
Sketch
10
132.168908
20
35.632930
70
0
0
SEQEND
8
Sketch
0
POLYLINE
8
Sketch
62
7
70
0
10
0.000000
20
0.000000
66
1
0
VERTEX
8
Sketch
10
51.191616
20
65.254081
70
0
0
VERTEX
8
Sketch
10
50.991616
20
65.600492
70
0
0
VERTEX
8
Sketch
10
50.591615
20
65.600492
70
0
0
VERTEX
8
Sketch
10
50.391615
20
65.254081
70
0
0
VERTEX
8
Sketch
10
50.591615
20
64.907671
70
0
0
VERTEX
8
Sketch
10
50.991616
20
64.907671
70
0
0
VERTEX
8
Sketch
10
51.191616
20
65.254081
70
0
0
VERTEX
8
Sketch
10
51.191616
20
65.254081
70
0
0
SEQEND
8
Sketch
0
POLYLINE
8
Sketch
62
7
70
0
10
0.000000
20
0.000000
66
1
0
VERTEX
8
Sketch
10
53.391317
20
63.984083
70
0
0
VERTEX
8
Sketch
10
53.273997
20
64.266628
70
0
0
VERTEX
8
Sketch
10
52.991318
20
64.383622
70
0
0
VERTEX
8
Sketch
10
52.708638
20
64.266628
70
0
0
VERTEX
8
Sketch
10
52.591319
20
63.984083
70
0
0
VERTEX
8
Sketch
10
52.708638
20
63.701538
70
0
0
VERTEX
8
Sketch
10
52.991318
20
63.584544
70
0
0
VERTEX
8
Sketch
10
53.273997
20
63.701538
70
0
0
VERTEX
8
Sketch
10
53.391317
20
63.984083
70
0
0
VERTEX
8
Sketch
10
53.391317
20
63.984083
70
0
0
SEQEND
8
Sketch
0
POLYLINE
8
Sketch
62
7
70
0
10
0.000000
20
0.000000
66
1
0
VERTEX
8
Sketch
10
55.591018
20
62.714085
70
0
0
VERTEX
8
Sketch
10
55.473698
20
62.996630
70
0
0
VERTEX
8
Sketch
10
55.191018
20
63.113624
70
0
0
VERTEX
8
Sketch
10
54.908339
20
62.996630
70
0
0
VERTEX
8
Sketch
10
54.791019
20
62.714085
70
0
0
VERTEX
8
Sketch
10
54.908339
20
62.431540
70
0
0
VERTEX
8
Sketch
10
55.191018
20
62.314545
70
0
0
VERTEX
8
Sketch
10
55.473698
20
62.431540
70
0
0
VERTEX
8
Sketch
10
55.591018
20
62.714085
70
0
0
VERTEX
8
Sketch
10
55.591018
20
62.714085
70
0
0
SEQEND
8
Sketch
0
POLYLINE
8
Sketch
62
7
70
0
10
0.000000
20
0.000000
66
1
0
VERTEX
8
Sketch
10
57.790721
20
61.444086
70
0
0
VERTEX
8
Sketch
10
57.673402
20
61.726631
70
0
0
VERTEX
8
Sketch
10
57.390722
20
61.843626
70
0
0
VERTEX
8
Sketch
10
57.108042
20
61.726631
70
0
0
VERTEX
8
Sketch
10
56.990723
20
61.444086
70
0
0
VERTEX
8
Sketch
10
57.108042
20
61.161541
70
0
0
VERTEX
8
Sketch
10
57.390722
20
61.044547
70
0
0
VERTEX
8
Sketch
10
57.673402
20
61.161541
70
0
0
VERTEX
8
Sketch
10
57.790721
20
61.444086
70
0
0
VERTEX
8
Sketch
10
57.790721
20
61.444086
70
0
0
SEQEND
8
Sketch
0
POLYLINE
8
Sketch
62
7
70
0
10
0.000000
20
0.000000
66
1
0
VERTEX
8
Sketch
10
59.990422
20
60.174088
70
0
0
VERTEX
8
Sketch
10
59.873102
20
60.456633
70
0
0
VERTEX
8
Sketch
10
59.590423
20
60.573627
70
0
0
VERTEX
8
Sketch
10
59.307743
20
60.456633
70
0
0
VERTEX
8
Sketch
10
59.190423
20
60.174088
70
0
0
VERTEX
8
Sketch
10
59.307743
20
59.891543
70
0
0
VERTEX
8
Sketch
10
59.590423
20
59.774548
70
0
0
VERTEX
8
Sketch
10
59.873102
20
59.891543
70
0
0
VERTEX
8
Sketch
10
59.990422
20
60.174088
70
0
0
VERTEX
8
Sketch
10
59.990422
20
60.174088
70
0
0
SEQEND
8
Sketch
0
POLYLINE
8
Sketch
62
7
70
0
10
0.000000
20
0.000000
66
1
0
VERTEX
8
Sketch
10
78.289517
20
49.609103
70
0
0
VERTEX
8
Sketch
10
78.172197
20
49.891648
70
0
0
VERTEX
8
Sketch
10
77.889517
20
50.008643
70
0
0
VERTEX
8
Sketch
10
77.606838
20
49.891648
70
0
0
VERTEX
8
Sketch
10
77.489518
20
49.609103
70
0
0
VERTEX
8
Sketch
10
77.606838
20
49.326559
70
0
0
VERTEX
8
Sketch
10
77.889517
20
49.209564
70
0
0
VERTEX
8
Sketch
10
78.172197
20
49.326559
70
0
0
VERTEX
8
Sketch
10
78.289517
20
49.609103
70
0
0
VERTEX
8
Sketch
10
78.289517
20
49.609103
70
0
0
SEQEND
8
Sketch
0
POLYLINE
8
Sketch
62
7
70
0
10
0.000000
20
0.000000
66
1
0
VERTEX
8
Sketch
10
80.489217
20
48.339105
70
0
0
VERTEX
8
Sketch
10
80.371898
20
48.621650
70
0
0
VERTEX
8
Sketch
10
80.089218
20
48.738644
70
0
0
VERTEX
8
Sketch
10
79.806538
20
48.621650
70
0
0
VERTEX
8
Sketch
10
79.689219
20
48.339105
70
0
0
VERTEX
8
Sketch
10
79.806538
20
48.056560
70
0
0
VERTEX
8
Sketch
10
80.089218
20
47.939566
70
0
0
VERTEX
8
Sketch
10
80.371898
20
48.056560
70
0
0
VERTEX
8
Sketch
10
80.489217
20
48.339105
70
0
0
VERTEX
8
Sketch
10
80.489217
20
48.339105
70
0
0
SEQEND
8
Sketch
0
POLYLINE
8
Sketch
62
7
70
0
10
0.000000
20
0.000000
66
1
0
VERTEX
8
Sketch
10
84.888621
20
45.799108
70
0
0
VERTEX
8
Sketch
10
84.771302
20
46.081653
70
0
0
VERTEX
8
Sketch
10
84.488622
20
46.198648
70
0
0
VERTEX
8
Sketch
10
84.205943
20
46.081653
70
0
0
VERTEX
8
Sketch
10
84.088623
20
45.799108
70
0
0
VERTEX
8
Sketch
10
84.205943
20
45.516563
70
0
0
VERTEX
8
Sketch
10
84.488622
20
45.399569
70
0
0
VERTEX
8
Sketch
10
84.771302
20
45.516563
70
0
0
VERTEX
8
Sketch
10
84.888621
20
45.799108
70
0
0
VERTEX
8
Sketch
10
84.888621
20
45.799108
70
0
0
SEQEND
8
Sketch
0
POLYLINE
8
Sketch
62
7
70
0
10
0.000000
20
0.000000
66
1
0
VERTEX
8
Sketch
10
82.688921
20
47.069107
70
0
0
VERTEX
8
Sketch
10
82.571601
20
47.351652
70
0
0
VERTEX
8
Sketch
10
82.288921
20
47.468646
70
0
0
VERTEX
8
Sketch
10
82.006242
20
47.351652
70
0
0
VERTEX
8
Sketch
10
81.888922
20
47.069107
70
0
0
VERTEX
8
Sketch
10
82.006242
20
46.786562
70
0
0
VERTEX
8
Sketch
10
82.288921
20
46.669567
70
0
0
VERTEX
8
Sketch
10
82.571601
20
46.786562
70
0
0
VERTEX
8
Sketch
10
82.688921
20
47.069107
70
0
0
VERTEX
8
Sketch
10
82.688921
20
47.069107
70
0
0
SEQEND
8
Sketch
0
POLYLINE
8
Sketch
62
7
70
0
10
0.000000
20
0.000000
66
1
0
VERTEX
8
Sketch
10
87.088325
20
44.529110
70
0
0
VERTEX
8
Sketch
10
86.888324
20
44.875520
70
0
0
VERTEX
8
Sketch
10
86.488324
20
44.875520
70
0
0
VERTEX
8
Sketch
10
86.288324
20
44.529110
70
0
0
VERTEX
8
Sketch
10
86.488324
20
44.182699
70
0
0
VERTEX
8
Sketch
10
86.888324
20
44.182699
70
0
0
VERTEX
8
Sketch
10
87.088325
20
44.529110
70
0
0
VERTEX
8
Sketch
10
87.088325
20
44.529110
70
0
0
SEQEND
8
Sketch
0
POLYLINE
8
Sketch
62
7
70
0
10
0.000000
20
0.000000
66
1
0
VERTEX
8
Sketch
10
21.125592
20
100.059763
70
0
0
VERTEX
8
Sketch
10
21.008273
20
100.342308
70
0
0
VERTEX
8
Sketch
10
20.725593
20
100.459303
70
0
0
VERTEX
8
Sketch
10
20.442913
20
100.342308
70
0
0
VERTEX
8
Sketch
10
20.325594
20
100.059763
70
0
0
VERTEX
8
Sketch
10
20.442913
20
99.777219
70
0
0
VERTEX
8
Sketch
10
20.725593
20
99.660224
70
0
0
VERTEX
8
Sketch
10
21.008273
20
99.777219
70
0
0
VERTEX
8
Sketch
10
21.125592
20
100.059763
70
0
0
VERTEX
8
Sketch
10
21.125592
20
100.059763
70
0
0
SEQEND
8
Sketch
0
POLYLINE
8
Sketch
62
7
70
0
10
0.000000
20
0.000000
66
1
0
VERTEX
8
Sketch
10
22.758270
20
98.114020
70
0
0
VERTEX
8
Sketch
10
22.640951
20
98.396565
70
0
0
VERTEX
8
Sketch
10
22.358271
20
98.513559
70
0
0
VERTEX
8
Sketch
10
22.075591
20
98.396565
70
0
0
VERTEX
8
Sketch
10
21.958272
20
98.114020
70
0
0
VERTEX
8
Sketch
10
22.075591
20
97.831475
70
0
0
VERTEX
8
Sketch
10
22.358271
20
97.714481
70
0
0
VERTEX
8
Sketch
10
22.640951
20
97.831475
70
0
0
VERTEX
8
Sketch
10
22.758270
20
98.114020
70
0
0
VERTEX
8
Sketch
10
22.758270
20
98.114020
70
0
0
SEQEND
8
Sketch
0
POLYLINE
8
Sketch
62
7
70
0
10
0.000000
20
0.000000
66
1
0
VERTEX
8
Sketch
10
24.390948
20
96.168277
70
0
0
VERTEX
8
Sketch
10
24.273629
20
96.450822
70
0
0
VERTEX
8
Sketch
10
23.990949
20
96.567816
70
0
0
VERTEX
8
Sketch
10
23.708270
20
96.450822
70
0
0
VERTEX
8
Sketch
10
23.590950
20
96.168277
70
0
0
VERTEX
8
Sketch
10
23.708270
20
95.885732
70
0
0
VERTEX
8
Sketch
10
23.990949
20
95.768737
70
0
0
VERTEX
8
Sketch
10
24.273629
20
95.885732
70
0
0
VERTEX
8
Sketch
10
24.390948
20
96.168277
70
0
0
VERTEX
8
Sketch
10
24.390948
20
96.168277
70
0
0
SEQEND
8
Sketch
0
POLYLINE
8
Sketch
62
7
70
0
10
0.000000
20
0.000000
66
1
0
VERTEX
8
Sketch
10
26.023627
20
94.222507
70
0
0
VERTEX
8
Sketch
10
25.906307
20
94.505052
70
0
0
VERTEX
8
Sketch
10
25.623627
20
94.622046
70
0
0
VERTEX
8
Sketch
10
25.340948
20
94.505052
70
0
0
VERTEX
8
Sketch
10
25.223628
20
94.222507
70
0
0
VERTEX
8
Sketch
10
25.340948
20
93.939962
70
0
0
VERTEX
8
Sketch
10
25.623627
20
93.822967
70
0
0
VERTEX
8
Sketch
10
25.906307
20
93.939962
70
0
0
VERTEX
8
Sketch
10
26.023627
20
94.222507
70
0
0
VERTEX
8
Sketch
10
26.023627
20
94.222507
70
0
0
SEQEND
8
Sketch
0
POLYLINE
8
Sketch
62
7
70
0
10
0.000000
20
0.000000
66
1
0
VERTEX
8
Sketch
10
27.656305
20
92.276763
70
0
0
VERTEX
8
Sketch
10
27.538949
20
92.559242
70
0
0
VERTEX
8
Sketch
10
27.256306
20
92.676200
70
0
0
VERTEX
8
Sketch
10
26.973662
20
92.559242
70
0
0
VERTEX
8
Sketch
10
26.856306
20
92.276763
70
0
0
VERTEX
8
Sketch
10
26.973662
20
91.994285
70
0
0
VERTEX
8
Sketch
10
27.256306
20
91.877327
70
0
0
VERTEX
8
Sketch
10
27.538949
20
91.994285
70
0
0
VERTEX
8
Sketch
10
27.656305
20
92.276763
70
0
0
VERTEX
8
Sketch
10
27.656305
20
92.276763
70
0
0
SEQEND
8
Sketch
0
POLYLINE
8
Sketch
62
7
70
0
10
0.000000
20
0.000000
66
1
0
VERTEX
8
Sketch
10
41.238390
20
76.090263
70
0
0
VERTEX
8
Sketch
10
41.121071
20
76.372808
70
0
0
VERTEX
8
Sketch
10
40.838391
20
76.489803
70
0
0
VERTEX
8
Sketch
10
40.555711
20
76.372808
70
0
0
VERTEX
8
Sketch
10
40.438392
20
76.090263
70
0
0
VERTEX
8
Sketch
10
40.555711
20
75.807719
70
0
0
VERTEX
8
Sketch
10
40.838391
20
75.690724
70
0
0
VERTEX
8
Sketch
10
41.121071
20
75.807719
70
0
0
VERTEX
8
Sketch
10
41.238390
20
76.090263
70
0
0
VERTEX
8
Sketch
10
41.238390
20
76.090263
70
0
0
SEQEND
8
Sketch
0
POLYLINE
8
Sketch
62
7
70
0
10
0.000000
20
0.000000
66
1
0
VERTEX
8
Sketch
10
42.871068
20
74.144520
70
0
0
VERTEX
8
Sketch
10
42.753749
20
74.427065
70
0
0
VERTEX
8
Sketch
10
42.471069
20
74.544059
70
0
0
VERTEX
8
Sketch
10
42.188389
20
74.427065
70
0
0
VERTEX
8
Sketch
10
42.071070
20
74.144520
70
0
0
VERTEX
8
Sketch
10
42.188389
20
73.861975
70
0
0
VERTEX
8
Sketch
10
42.471069
20
73.744981
70
0
0
VERTEX
8
Sketch
10
42.753749
20
73.861975
70
0
0
VERTEX
8
Sketch
10
42.871068
20
74.144520
70
0
0
VERTEX
8
Sketch
10
42.871068
20
74.144520
70
0
0
SEQEND
8
Sketch
0
POLYLINE
8
Sketch
62
7
70
0
10
0.000000
20
0.000000
66
1
0
VERTEX
8
Sketch
10
46.136427
20
70.253007
70
0
0
VERTEX
8
Sketch
10
45.936427
20
70.599417
70
0
0
VERTEX
8
Sketch
10
45.536426
20
70.599417
70
0
0
VERTEX
8
Sketch
10
45.336426
20
70.253007
70
0
0
VERTEX
8
Sketch
10
45.536426
20
69.906596
70
0
0
VERTEX
8
Sketch
10
45.936427
20
69.906596
70
0
0
VERTEX
8
Sketch
10
46.136427
20
70.253007
70
0
0
VERTEX
8
Sketch
10
46.136427
20
70.253007
70
0
0
SEQEND
8
Sketch
0
POLYLINE
8
Sketch
62
7
70
0
10
0.000000
20
0.000000
66
1
0
VERTEX
8
Sketch
10
44.503746
20
72.198777
70
0
0
VERTEX
8
Sketch
10
44.386427
20
72.481322
70
0
0
VERTEX
8
Sketch
10
44.103747
20
72.598316
70
0
0
VERTEX
8
Sketch
10
43.821068
20
72.481322
70
0
0
VERTEX
8
Sketch
10
43.703748
20
72.198777
70
0
0
VERTEX
8
Sketch
10
43.821068
20
71.916232
70
0
0
VERTEX
8
Sketch
10
44.103747
20
71.799237
70
0
0
VERTEX
8
Sketch
10
44.386427
20
71.916232
70
0
0
VERTEX
8
Sketch
10
44.503746
20
72.198777
70
0
0
VERTEX
8
Sketch
10
44.503746
20
72.198777
70
0
0
SEQEND
8
Sketch
0
POLYLINE
8
Sketch
62
7
70
0
10
0.000000
20
0.000000
66
1
0
VERTEX
8
Sketch
10
47.769106
20
68.307263
70
0
0
VERTEX
8
Sketch
10
47.569105
20
68.653674
70
0
0
VERTEX
8
Sketch
10
47.169105
20
68.653674
70
0
0
VERTEX
8
Sketch
10
46.969104
20
68.307263
70
0
0
VERTEX
8
Sketch
10
47.169105
20
67.960853
70
0
0
VERTEX
8
Sketch
10
47.569105
20
67.960853
70
0
0
VERTEX
8
Sketch
10
47.769106
20
68.307263
70
0
0
VERTEX
8
Sketch
10
47.769106
20
68.307263
70
0
0
SEQEND
8
Sketch
0
POLYLINE
8
Sketch
62
7
70
0
10
0.000000
20
0.000000
66
1
0
VERTEX
8
Sketch
10
4.777014
20
143.049580
70
0
0
VERTEX
8
Sketch
10
4.659694
20
143.332125
70
0
0
VERTEX
8
Sketch
10
4.377015
20
143.449119
70
0
0
VERTEX
8
Sketch
10
4.094335
20
143.332125
70
0
0
VERTEX
8
Sketch
10
3.977015
20
143.049580
70
0
0
VERTEX
8
Sketch
10
4.094335
20
142.767035
70
0
0
VERTEX
8
Sketch
10
4.377015
20
142.650040
70
0
0
VERTEX
8
Sketch
10
4.659694
20
142.767035
70
0
0
VERTEX
8
Sketch
10
4.777014
20
143.049580
70
0
0
VERTEX
8
Sketch
10
4.777014
20
143.049580
70
0
0
SEQEND
8
Sketch
0
POLYLINE
8
Sketch
62
7
70
0
10
0.000000
20
0.000000
66
1
0
VERTEX
8
Sketch
10
5.645743
20
140.662776
70
0
0
VERTEX
8
Sketch
10
5.528423
20
140.945321
70
0
0
VERTEX
8
Sketch
10
5.245744
20
141.062316
70
0
0
VERTEX
8
Sketch
10
4.963064
20
140.945321
70
0
0
VERTEX
8
Sketch
10
4.845745
20
140.662776
70
0
0
VERTEX
8
Sketch
10
4.963064
20
140.380232
70
0
0
VERTEX
8
Sketch
10
5.245744
20
140.263237
70
0
0
VERTEX
8
Sketch
10
5.528423
20
140.380232
70
0
0
VERTEX
8
Sketch
10
5.645743
20
140.662776
70
0
0
VERTEX
8
Sketch
10
5.645743
20
140.662776
70
0
0
SEQEND
8
Sketch
0
POLYLINE
8
Sketch
62
7
70
0
10
0.000000
20
0.000000
66
1
0
VERTEX
8
Sketch
10
6.514472
20
138.275947
70
0
0
VERTEX
8
Sketch
10
6.397153
20
138.558492
70
0
0
VERTEX
8
Sketch
10
6.114473
20
138.675486
70
0
0
VERTEX
8
Sketch
10
5.831793
20
138.558492
70
0
0
VERTEX
8
Sketch
10
5.714474
20
138.275947
70
0
0
VERTEX
8
Sketch
10
5.831793
20
137.993402
70
0
0
VERTEX
8
Sketch
10
6.114473
20
137.876407
70
0
0
VERTEX
8
Sketch
10
6.397153
20
137.993402
70
0
0
VERTEX
8
Sketch
10
6.514472
20
138.275947
70
0
0
VERTEX
8
Sketch
10
6.514472
20
138.275947
70
0
0
SEQEND
8
Sketch
0
POLYLINE
8
Sketch
62
7
70
0
10
0.000000
20
0.000000
66
1
0
VERTEX
8
Sketch
10
7.383204
20
135.889143
70
0
0
VERTEX
8
Sketch
10
7.183204
20
136.235554
70
0
0
VERTEX
8
Sketch
10
6.783203
20
136.235554
70
0
0
VERTEX
8
Sketch
10
6.583203
20
135.889143
70
0
0
VERTEX
8
Sketch
10
6.783203
20
135.542733
70
0
0
VERTEX
8
Sketch
10
7.183204
20
135.542733
70
0
0
VERTEX
8
Sketch
10
7.383204
20
135.889143
70
0
0
VERTEX
8
Sketch
10
7.383204
20
135.889143
70
0
0
SEQEND
8
Sketch
0
POLYLINE
8
Sketch
62
7
70
0
10
0.000000
20
0.000000
66
1
0
VERTEX
8
Sketch
10
8.251933
20
133.502314
70
0
0
VERTEX
8
Sketch
10
8.134614
20
133.784859
70
0
0
VERTEX
8
Sketch
10
7.851934
20
133.901853
70
0
0
VERTEX
8
Sketch
10
7.569254
20
133.784859
70
0
0
VERTEX
8
Sketch
10
7.451935
20
133.502314
70
0
0
VERTEX
8
Sketch
10
7.569254
20
133.219769
70
0
0
VERTEX
8
Sketch
10
7.851934
20
133.102774
70
0
0
VERTEX
8
Sketch
10
8.134614
20
133.219769
70
0
0
VERTEX
8
Sketch
10
8.251933
20
133.502314
70
0
0
VERTEX
8
Sketch
10
8.251933
20
133.502314
70
0
0
SEQEND
8
Sketch
0
POLYLINE
8
Sketch
62
7
70
0
10
0.000000
20
0.000000
66
1
0
VERTEX
8
Sketch
10
15.478809
20
113.646630
70
0
0
VERTEX
8
Sketch
10
15.361489
20
113.929175
70
0
0
VERTEX
8
Sketch
10
15.078810
20
114.046169
70
0
0
VERTEX
8
Sketch
10
14.796130
20
113.929175
70
0
0
VERTEX
8
Sketch
10
14.678810
20
113.646630
70
0
0
VERTEX
8
Sketch
10
14.796130
20
113.364085
70
0
0
VERTEX
8
Sketch
10
15.078810
20
113.247090
70
0
0
VERTEX
8
Sketch
10
15.361489
20
113.364085
70
0
0
VERTEX
8
Sketch
10
15.478809
20
113.646630
70
0
0
VERTEX
8
Sketch
10
15.478809
20
113.646630
70
0
0
SEQEND
8
Sketch
0
POLYLINE
8
Sketch
62
7
70
0
10
0.000000
20
0.000000
66
1
0
VERTEX
8
Sketch
10
16.347541
20
111.259826
70
0
0
VERTEX
8
Sketch
10
16.230221
20
111.542371
70
0
0
VERTEX
8
Sketch
10
15.947541
20
111.659366
70
0
0
VERTEX
8
Sketch
10
15.664862
20
111.542371
70
0
0
VERTEX
8
Sketch
10
15.547542
20
111.259826
70
0
0
VERTEX
8
Sketch
10
15.664862
20
110.977281
70
0
0
VERTEX
8
Sketch
10
15.947541
20
110.860287
70
0
0
VERTEX
8
Sketch
10
16.230221
20
110.977281
70
0
0
VERTEX
8
Sketch
10
16.347541
20
111.259826
70
0
0
VERTEX
8
Sketch
10
16.347541
20
111.259826
70
0
0
SEQEND
8
Sketch
0
POLYLINE
8
Sketch
62
7
70
0
10
0.000000
20
0.000000
66
1
0
VERTEX
8
Sketch
10
18.084999
20
106.486193
70
0
0
VERTEX
8
Sketch
10
17.967679
20
106.768738
70
0
0
VERTEX
8
Sketch
10
17.685000
20
106.885733
70
0
0
VERTEX
8
Sketch
10
17.402320
20
106.768738
70
0
0
VERTEX
8
Sketch
10
17.285001
20
106.486193
70
0
0
VERTEX
8
Sketch
10
17.402320
20
106.203649
70
0
0
VERTEX
8
Sketch
10
17.685000
20
106.086654
70
0
0
VERTEX
8
Sketch
10
17.967679
20
106.203649
70
0
0
VERTEX
8
Sketch
10
18.084999
20
106.486193
70
0
0
VERTEX
8
Sketch
10
18.084999
20
106.486193
70
0
0
SEQEND
8
Sketch
0
POLYLINE
8
Sketch
62
7
70
0
10
0.000000
20
0.000000
66
1
0
VERTEX
8
Sketch
10
17.216270
20
108.872997
70
0
0
VERTEX
8
Sketch
10
17.098950
20
109.155542
70
0
0
VERTEX
8
Sketch
10
16.816271
20
109.272536
70
0
0
VERTEX
8
Sketch
10
16.533591
20
109.155542
70
0
0
VERTEX
8
Sketch
10
16.416271
20
108.872997
70
0
0
VERTEX
8
Sketch
10
16.533591
20
108.590452
70
0
0
VERTEX
8
Sketch
10
16.816271
20
108.473457
70
0
0
VERTEX
8
Sketch
10
17.098950
20
108.590452
70
0
0
VERTEX
8
Sketch
10
17.216270
20
108.872997
70
0
0
VERTEX
8
Sketch
10
17.216270
20
108.872997
70
0
0
SEQEND
8
Sketch
0
POLYLINE
8
Sketch
62
7
70
0
10
0.000000
20
0.000000
66
1
0
VERTEX
8
Sketch
10
18.953731
20
104.099364
70
0
0
VERTEX
8
Sketch
10
18.836411
20
104.381909
70
0
0
VERTEX
8
Sketch
10
18.553732
20
104.498903
70
0
0
VERTEX
8
Sketch
10
18.271052
20
104.381909
70
0
0
VERTEX
8
Sketch
10
18.153732
20
104.099364
70
0
0
VERTEX
8
Sketch
10
18.271052
20
103.816819
70
0
0
VERTEX
8
Sketch
10
18.553732
20
103.699824
70
0
0
VERTEX
8
Sketch
10
18.836411
20
103.816819
70
0
0
VERTEX
8
Sketch
10
18.953731
20
104.099364
70
0
0
VERTEX
8
Sketch
10
18.953731
20
104.099364
70
0
0
SEQEND
8
Sketch
0
POLYLINE
8
Sketch
62
7
70
0
10
0.000000
20
0.000000
66
1
0
VERTEX
8
Sketch
10
4.117760
20
189.038338
70
0
0
VERTEX
8
Sketch
10
3.917760
20
189.384749
70
0
0
VERTEX
8
Sketch
10
3.517759
20
189.384749
70
0
0
VERTEX
8
Sketch
10
3.317759
20
189.038338
70
0
0
VERTEX
8
Sketch
10
3.517759
20
188.691928
70
0
0
VERTEX
8
Sketch
10
3.917760
20
188.691928
70
0
0
VERTEX
8
Sketch
10
4.117760
20
189.038338
70
0
0
VERTEX
8
Sketch
10
4.117760
20
189.038338
70
0
0
SEQEND
8
Sketch
0
POLYLINE
8
Sketch
62
7
70
0
10
0.000000
20
0.000000
66
1
0
VERTEX
8
Sketch
10
4.117760
20
186.498342
70
0
0
VERTEX
8
Sketch
10
3.917760
20
186.844752
70
0
0
VERTEX
8
Sketch
10
3.517759
20
186.844752
70
0
0
VERTEX
8
Sketch
10
3.317759
20
186.498342
70
0
0
VERTEX
8
Sketch
10
3.517759
20
186.151931
70
0
0
VERTEX
8
Sketch
10
3.917760
20
186.151931
70
0
0
VERTEX
8
Sketch
10
4.117760
20
186.498342
70
0
0
VERTEX
8
Sketch
10
4.117760
20
186.498342
70
0
0
SEQEND
8
Sketch
0
POLYLINE
8
Sketch
62
7
70
0
10
0.000000
20
0.000000
66
1
0
VERTEX
8
Sketch
10
4.117760
20
183.958345
70
0
0
VERTEX
8
Sketch
10
3.917760
20
184.304755
70
0
0
VERTEX
8
Sketch
10
3.517759
20
184.304755
70
0
0
VERTEX
8
Sketch
10
3.317759
20
183.958345
70
0
0
VERTEX
8
Sketch
10
3.517759
20
183.611934
70
0
0
VERTEX
8
Sketch
10
3.917760
20
183.611934
70
0
0
VERTEX
8
Sketch
10
4.117760
20
183.958345
70
0
0
VERTEX
8
Sketch
10
4.117760
20
183.958345
70
0
0
SEQEND
8
Sketch
0
POLYLINE
8
Sketch
62
7
70
0
10
0.000000
20
0.000000
66
1
0
VERTEX
8
Sketch
10
4.117760
20
181.418348
70
0
0
VERTEX
8
Sketch
10
3.917760
20
181.764759
70
0
0
VERTEX
8
Sketch
10
3.517759
20
181.764759
70
0
0
VERTEX
8
Sketch
10
3.317759
20
181.418348
70
0
0
VERTEX
8
Sketch
10
3.517759
20
181.071937
70
0
0
VERTEX
8
Sketch
10
3.917760
20
181.071937
70
0
0
VERTEX
8
Sketch
10
4.117760
20
181.418348
70
0
0
VERTEX
8
Sketch
10
4.117760
20
181.418348
70
0
0
SEQEND
8
Sketch
0
POLYLINE
8
Sketch
62
7
70
0
10
0.000000
20
0.000000
66
1
0
VERTEX
8
Sketch
10
4.117760
20
178.878351
70
0
0
VERTEX
8
Sketch
10
3.917760
20
179.224762
70
0
0
VERTEX
8
Sketch
10
3.517759
20
179.224762
70
0
0
VERTEX
8
Sketch
10
3.317759
20
178.878351
70
0
0
VERTEX
8
Sketch
10
3.517759
20
178.531941
70
0
0
VERTEX
8
Sketch
10
3.917760
20
178.531941
70
0
0
VERTEX
8
Sketch
10
4.117760
20
178.878351
70
0
0
VERTEX
8
Sketch
10
4.117760
20
178.878351
70
0
0
SEQEND
8
Sketch
0
POLYLINE
8
Sketch
62
7
70
0
10
0.000000
20
0.000000
66
1
0
VERTEX
8
Sketch
10
4.117760
20
157.748382
70
0
0
VERTEX
8
Sketch
10
3.917760
20
158.094793
70
0
0
VERTEX
8
Sketch
10
3.517759
20
158.094793
70
0
0
VERTEX
8
Sketch
10
3.317759
20
157.748382
70
0
0
VERTEX
8
Sketch
10
3.517759
20
157.401972
70
0
0
VERTEX
8
Sketch
10
3.917760
20
157.401972
70
0
0
VERTEX
8
Sketch
10
4.117760
20
157.748382
70
0
0
VERTEX
8
Sketch
10
4.117760
20
157.748382
70
0
0
SEQEND
8
Sketch
0
POLYLINE
8
Sketch
62
7
70
0
10
0.000000
20
0.000000
66
1
0
VERTEX
8
Sketch
10
4.117760
20
155.208386
70
0
0
VERTEX
8
Sketch
10
3.917760
20
155.554796
70
0
0
VERTEX
8
Sketch
10
3.517759
20
155.554796
70
0
0
VERTEX
8
Sketch
10
3.317759
20
155.208386
70
0
0
VERTEX
8
Sketch
10
3.517759
20
154.861975
70
0
0
VERTEX
8
Sketch
10
3.917760
20
154.861975
70
0
0
VERTEX
8
Sketch
10
4.117760
20
155.208386
70
0
0
VERTEX
8
Sketch
10
4.117760
20
155.208386
70
0
0
SEQEND
8
Sketch
0
POLYLINE
8
Sketch
62
7
70
0
10
0.000000
20
0.000000
66
1
0
VERTEX
8
Sketch
10
4.117760
20
150.128392
70
0
0
VERTEX
8
Sketch
10
3.917760
20
150.474803
70
0
0
VERTEX
8
Sketch
10
3.517759
20
150.474803
70
0
0
VERTEX
8
Sketch
10
3.317759
20
150.128392
70
0
0
VERTEX
8
Sketch
10
3.517759
20
149.781981
70
0
0
VERTEX
8
Sketch
10
3.917760
20
149.781981
70
0
0
VERTEX
8
Sketch
10
4.117760
20
150.128392
70
0
0
VERTEX
8
Sketch
10
4.117760
20
150.128392
70
0
0
SEQEND
8
Sketch
0
POLYLINE
8
Sketch
62
7
70
0
10
0.000000
20
0.000000
66
1
0
VERTEX
8
Sketch
10
4.117760
20
152.668389
70
0
0
VERTEX
8
Sketch
10
3.917760
20
153.014799
70
0
0
VERTEX
8
Sketch
10
3.517759
20
153.014799
70
0
0
VERTEX
8
Sketch
10
3.317759
20
152.668389
70
0
0
VERTEX
8
Sketch
10
3.517759
20
152.321978
70
0
0
VERTEX
8
Sketch
10
3.917760
20
152.321978
70
0
0
VERTEX
8
Sketch
10
4.117760
20
152.668389
70
0
0
VERTEX
8
Sketch
10
4.117760
20
152.668389
70
0
0
SEQEND
8
Sketch
0
POLYLINE
8
Sketch
62
7
70
0
10
0.000000
20
0.000000
66
1
0
VERTEX
8
Sketch
10
4.117760
20
147.588395
70
0
0
VERTEX
8
Sketch
10
3.917760
20
147.934806
70
0
0
VERTEX
8
Sketch
10
3.517759
20
147.934806
70
0
0
VERTEX
8
Sketch
10
3.317759
20
147.588395
70
0
0
VERTEX
8
Sketch
10
3.517759
20
147.241985
70
0
0
VERTEX
8
Sketch
10
3.917760
20
147.241985
70
0
0
VERTEX
8
Sketch
10
4.117760
20
147.588395
70
0
0
VERTEX
8
Sketch
10
4.117760
20
147.588395
70
0
0
SEQEND
8
Sketch
0
POLYLINE
8
Sketch
62
7
70
0
10
0.000000
20
0.000000
66
1
0
VERTEX
8
Sketch
10
19.227347
20
232.479126
70
0
0
VERTEX
8
Sketch
10
19.110027
20
232.761671
70
0
0
VERTEX
8
Sketch
10
18.827347
20
232.878665
70
0
0
VERTEX
8
Sketch
10
18.544668
20
232.761671
70
0
0
VERTEX
8
Sketch
10
18.427348
20
232.479126
70
0
0
VERTEX
8
Sketch
10
18.544668
20
232.196581
70
0
0
VERTEX
8
Sketch
10
18.827347
20
232.079586
70
0
0
VERTEX
8
Sketch
10
19.110027
20
232.196581
70
0
0
VERTEX
8
Sketch
10
19.227347
20
232.479126
70
0
0
VERTEX
8
Sketch
10
19.227347
20
232.479126
70
0
0
SEQEND
8
Sketch
0
POLYLINE
8
Sketch
62
7
70
0
10
0.000000
20
0.000000
66
1
0
VERTEX
8
Sketch
10
18.358617
20
230.092309
70
0
0
VERTEX
8
Sketch
10
18.158617
20
230.438720
70
0
0
VERTEX
8
Sketch
10
17.758617
20
230.438720
70
0
0
VERTEX
8
Sketch
10
17.558616
20
230.092309
70
0
0
VERTEX
8
Sketch
10
17.758617
20
229.745899
70
0
0
VERTEX
8
Sketch
10
18.158617
20
229.745899
70
0
0
VERTEX
8
Sketch
10
18.358617
20
230.092309
70
0
0
VERTEX
8
Sketch
10
18.358617
20
230.092309
70
0
0
SEQEND
8
Sketch
0
POLYLINE
8
Sketch
62
7
70
0
10
0.000000
20
0.000000
66
1
0
VERTEX
8
Sketch
10
17.489886
20
227.705493
70
0
0
VERTEX
8
Sketch
10
17.372566
20
227.988038
70
0
0
VERTEX
8
Sketch
10
17.089886
20
228.105032
70
0
0
VERTEX
8
Sketch
10
16.807207
20
227.988038
70
0
0
VERTEX
8
Sketch
10
16.689887
20
227.705493
70
0
0
VERTEX
8
Sketch
10
16.807207
20
227.422948
70
0
0
VERTEX
8
Sketch
10
17.089886
20
227.305953
70
0
0
VERTEX
8
Sketch
10
17.372566
20
227.422948
70
0
0
VERTEX
8
Sketch
10
17.489886
20
227.705493
70
0
0
VERTEX
8
Sketch
10
17.489886
20
227.705493
70
0
0
SEQEND
8
Sketch
0
POLYLINE
8
Sketch
62
7
70
0
10
0.000000
20
0.000000
66
1
0
VERTEX
8
Sketch
10
16.621156
20
225.318679
70
0
0
VERTEX
8
Sketch
10
16.421156
20
225.665090
70
0
0
VERTEX
8
Sketch
10
16.021156
20
225.665090
70
0
0
VERTEX
8
Sketch
10
15.821155
20
225.318679
70
0
0
VERTEX
8
Sketch
10
16.021156
20
224.972268
70
0
0
VERTEX
8
Sketch
10
16.421156
20
224.972268
70
0
0
VERTEX
8
Sketch
10
16.621156
20
225.318679
70
0
0
VERTEX
8
Sketch
10
16.621156
20
225.318679
70
0
0
SEQEND
8
Sketch
0
POLYLINE
8
Sketch
62
7
70
0
10
0.000000
20
0.000000
66
1
0
VERTEX
8
Sketch
10
15.752425
20
222.931863
70
0
0
VERTEX
8
Sketch
10
15.635105
20
223.214407
70
0
0
VERTEX
8
Sketch
10
15.352425
20
223.331402
70
0
0
VERTEX
8
Sketch
10
15.069746
20
223.214407
70
0
0
VERTEX
8
Sketch
10
14.952426
20
222.931863
70
0
0
VERTEX
8
Sketch
10
15.069746
20
222.649318
70
0
0
VERTEX
8
Sketch
10
15.352425
20
222.532323
70
0
0
VERTEX
8
Sketch
10
15.635105
20
222.649318
70
0
0
VERTEX
8
Sketch
10
15.752425
20
222.931863
70
0
0
VERTEX
8
Sketch
10
15.752425
20
222.931863
70
0
0
SEQEND
8
Sketch
0
POLYLINE
8
Sketch
62
7
70
0
10
0.000000
20
0.000000
66
1
0
VERTEX
8
Sketch
10
8.525549
20
203.076181
70
0
0
VERTEX
8
Sketch
10
8.408229
20
203.358726
70
0
0
VERTEX
8
Sketch
10
8.125550
20
203.475720
70
0
0
VERTEX
8
Sketch
10
7.842870
20
203.358726
70
0
0
VERTEX
8
Sketch
10
7.725551
20
203.076181
70
0
0
VERTEX
8
Sketch
10
7.842870
20
202.793636
70
0
0
VERTEX
8
Sketch
10
8.125550
20
202.676642
70
0
0
VERTEX
8
Sketch
10
8.408229
20
202.793636
70
0
0
VERTEX
8
Sketch
10
8.525549
20
203.076181
70
0
0
VERTEX
8
Sketch
10
8.525549
20
203.076181
70
0
0
SEQEND
8
Sketch
0
POLYLINE
8
Sketch
62
7
70
0
10
0.000000
20
0.000000
66
1
0
VERTEX
8
Sketch
10
7.656820
20
200.689365
70
0
0
VERTEX
8
Sketch
10
7.456820
20
201.035775
70
0
0
VERTEX
8
Sketch
10
7.056819
20
201.035775
70
0
0
VERTEX
8
Sketch
10
6.856819
20
200.689365
70
0
0
VERTEX
8
Sketch
10
7.056819
20
200.342954
70
0
0
VERTEX
8
Sketch
10
7.456820
20
200.342954
70
0
0
VERTEX
8
Sketch
10
7.656820
20
200.689365
70
0
0
VERTEX
8
Sketch
10
7.656820
20
200.689365
70
0
0
SEQEND
8
Sketch
0
POLYLINE
8
Sketch
62
7
70
0
10
0.000000
20
0.000000
66
1
0
VERTEX
8
Sketch
10
5.919359
20
195.915724
70
0
0
VERTEX
8
Sketch
10
5.802039
20
196.198269
70
0
0
VERTEX
8
Sketch
10
5.519360
20
196.315263
70
0
0
VERTEX
8
Sketch
10
5.236680
20
196.198269
70
0
0
VERTEX
8
Sketch
10
5.119360
20
195.915724
70
0
0
VERTEX
8
Sketch
10
5.236680
20
195.633179
70
0
0
VERTEX
8
Sketch
10
5.519360
20
195.516184
70
0
0
VERTEX
8
Sketch
10
5.802039
20
195.633179
70
0
0
VERTEX
8
Sketch
10
5.919359
20
195.915724
70
0
0
VERTEX
8
Sketch
10
5.919359
20
195.915724
70
0
0
SEQEND
8
Sketch
0
POLYLINE
8
Sketch
62
7
70
0
10
0.000000
20
0.000000
66
1
0
VERTEX
8
Sketch
10
6.788088
20
198.302553
70
0
0
VERTEX
8
Sketch
10
6.670768
20
198.585098
70
0
0
VERTEX
8
Sketch
10
6.388089
20
198.702093
70
0
0
VERTEX
8
Sketch
10
6.105409
20
198.585098
70
0
0
VERTEX
8
Sketch
10
5.988090
20
198.302553
70
0
0
VERTEX
8
Sketch
10
6.105409
20
198.020008
70
0
0
VERTEX
8
Sketch
10
6.388089
20
197.903014
70
0
0
VERTEX
8
Sketch
10
6.670768
20
198.020008
70
0
0
VERTEX
8
Sketch
10
6.788088
20
198.302553
70
0
0
VERTEX
8
Sketch
10
6.788088
20
198.302553
70
0
0
SEQEND
8
Sketch
0
POLYLINE
8
Sketch
62
7
70
0
10
0.000000
20
0.000000
66
1
0
VERTEX
8
Sketch
10
5.050630
20
193.528920
70
0
0
VERTEX
8
Sketch
10
4.933310
20
193.811465
70
0
0
VERTEX
8
Sketch
10
4.650630
20
193.928460
70
0
0
VERTEX
8
Sketch
10
4.367951
20
193.811465
70
0
0
VERTEX
8
Sketch
10
4.250631
20
193.528920
70
0
0
VERTEX
8
Sketch
10
4.367951
20
193.246376
70
0
0
VERTEX
8
Sketch
10
4.650630
20
193.129381
70
0
0
VERTEX
8
Sketch
10
4.933310
20
193.246376
70
0
0
VERTEX
8
Sketch
10
5.050630
20
193.528920
70
0
0
VERTEX
8
Sketch
10
5.050630
20
193.528920
70
0
0
SEQEND
8
Sketch
0
POLYLINE
8
Sketch
62
7
70
0
10
0.000000
20
0.000000
66
1
0
VERTEX
8
Sketch
10
48.283333
20
268.132320
70
0
0
VERTEX
8
Sketch
10
48.166014
20
268.414865
70
0
0
VERTEX
8
Sketch
10
47.883334
20
268.531859
70
0
0
VERTEX
8
Sketch
10
47.600654
20
268.414865
70
0
0
VERTEX
8
Sketch
10
47.483335
20
268.132320
70
0
0
VERTEX
8
Sketch
10
47.600654
20
267.849775
70
0
0
VERTEX
8
Sketch
10
47.883334
20
267.732781
70
0
0
VERTEX
8
Sketch
10
48.166014
20
267.849775
70
0
0
VERTEX
8
Sketch
10
48.283333
20
268.132320
70
0
0
VERTEX
8
Sketch
10
48.283333
20
268.132320
70
0
0
SEQEND
8
Sketch
0
POLYLINE
8
Sketch
62
7
70
0
10
0.000000
20
0.000000
66
1
0
VERTEX
8
Sketch
10
46.650658
20
266.186571
70
0
0
VERTEX
8
Sketch
10
46.450657
20
266.532982
70
0
0
VERTEX
8
Sketch
10
46.050657
20
266.532982
70
0
0
VERTEX
8
Sketch
10
45.850657
20
266.186571
70
0
0
VERTEX
8
Sketch
10
46.050657
20
265.840161
70
0
0
VERTEX
8
Sketch
10
46.450657
20
265.840161
70
0
0
VERTEX
8
Sketch
10
46.650658
20
266.186571
70
0
0
VERTEX
8
Sketch
10
46.650658
20
266.186571
70
0
0
SEQEND
8
Sketch
0
POLYLINE
8
Sketch
62
7
70
0
10
0.000000
20
0.000000
66
1
0
VERTEX
8
Sketch
10
45.017977
20
264.240820
70
0
0
VERTEX
8
Sketch
10
44.900657
20
264.523365
70
0
0
VERTEX
8
Sketch
10
44.617978
20
264.640359
70
0
0
VERTEX
8
Sketch
10
44.335298
20
264.523365
70
0
0
VERTEX
8
Sketch
10
44.217978
20
264.240820
70
0
0
VERTEX
8
Sketch
10
44.335298
20
263.958275
70
0
0
VERTEX
8
Sketch
10
44.617978
20
263.841281
70
0
0
VERTEX
8
Sketch
10
44.900657
20
263.958275
70
0
0
VERTEX
8
Sketch
10
45.017977
20
264.240820
70
0
0
VERTEX
8
Sketch
10
45.017977
20
264.240820
70
0
0
SEQEND
8
Sketch
0
POLYLINE
8
Sketch
62
7
70
0
10
0.000000
20
0.000000
66
1
0
VERTEX
8
Sketch
10
43.385299
20
262.295071
70
0
0
VERTEX
8
Sketch
10
43.267979
20
262.577616
70
0
0
VERTEX
8
Sketch
10
42.985299
20
262.694611
70
0
0
VERTEX
8
Sketch
10
42.702620
20
262.577616
70
0
0
VERTEX
8
Sketch
10
42.585300
20
262.295071
70
0
0
VERTEX
8
Sketch
10
42.702620
20
262.012526
70
0
0
VERTEX
8
Sketch
10
42.985299
20
261.895532
70
0
0
VERTEX
8
Sketch
10
43.267979
20
262.012526
70
0
0
VERTEX
8
Sketch
10
43.385299
20
262.295071
70
0
0
VERTEX
8
Sketch
10
43.385299
20
262.295071
70
0
0
SEQEND
8
Sketch
0
POLYLINE
8
Sketch
62
7
70
0
10
0.000000
20
0.000000
66
1
0
VERTEX
8
Sketch
10
41.752620
20
260.349320
70
0
0
VERTEX
8
Sketch
10
41.635301
20
260.631865
70
0
0
VERTEX
8
Sketch
10
41.352621
20
260.748859
70
0
0
VERTEX
8
Sketch
10
41.069942
20
260.631865
70
0
0
VERTEX
8
Sketch
10
40.952622
20
260.349320
70
0
0
VERTEX
8
Sketch
10
41.069942
20
260.066775
70
0
0
VERTEX
8
Sketch
10
41.352621
20
259.949781
70
0
0
VERTEX
8
Sketch
10
41.635301
20
260.066775
70
0
0
VERTEX
8
Sketch
10
41.752620
20
260.349320
70
0
0
VERTEX
8
Sketch
10
41.752620
20
260.349320
70
0
0
SEQEND
8
Sketch
0
POLYLINE
8
Sketch
62
7
70
0
10
0.000000
20
0.000000
66
1
0
VERTEX
8
Sketch
10
28.170535
20
244.162820
70
0
0
VERTEX
8
Sketch
10
28.053216
20
244.445365
70
0
0
VERTEX
8
Sketch
10
27.770536
20
244.562359
70
0
0
VERTEX
8
Sketch
10
27.487856
20
244.445365
70
0
0
VERTEX
8
Sketch
10
27.370537
20
244.162820
70
0
0
VERTEX
8
Sketch
10
27.487856
20
243.880275
70
0
0
VERTEX
8
Sketch
10
27.770536
20
243.763281
70
0
0
VERTEX
8
Sketch
10
28.053216
20
243.880275
70
0
0
VERTEX
8
Sketch
10
28.170535
20
244.162820
70
0
0
VERTEX
8
Sketch
10
28.170535
20
244.162820
70
0
0
SEQEND
8
Sketch
0
POLYLINE
8
Sketch
62
7
70
0
10
0.000000
20
0.000000
66
1
0
VERTEX
8
Sketch
10
26.537857
20
242.217071
70
0
0
VERTEX
8
Sketch
10
26.420537
20
242.499616
70
0
0
VERTEX
8
Sketch
10
26.137858
20
242.616611
70
0
0
VERTEX
8
Sketch
10
25.855178
20
242.499616
70
0
0
VERTEX
8
Sketch
10
25.737859
20
242.217071
70
0
0
VERTEX
8
Sketch
10
25.855178
20
241.934526
70
0
0
VERTEX
8
Sketch
10
26.137858
20
241.817532
70
0
0
VERTEX
8
Sketch
10
26.420537
20
241.934526
70
0
0
VERTEX
8
Sketch
10
26.537857
20
242.217071
70
0
0
VERTEX
8
Sketch
10
26.537857
20
242.217071
70
0
0
SEQEND
8
Sketch
0
POLYLINE
8
Sketch
62
7
70
0
10
0.000000
20
0.000000
66
1
0
VERTEX
8
Sketch
10
23.272501
20
238.325569
70
0
0
VERTEX
8
Sketch
10
23.155181
20
238.608114
70
0
0
VERTEX
8
Sketch
10
22.872501
20
238.725108
70
0
0
VERTEX
8
Sketch
10
22.589822
20
238.608114
70
0
0
VERTEX
8
Sketch
10
22.472502
20
238.325569
70
0
0
VERTEX
8
Sketch
10
22.589822
20
238.043024
70
0
0
VERTEX
8
Sketch
10
22.872501
20
237.926029
70
0
0
VERTEX
8
Sketch
10
23.155181
20
238.043024
70
0
0
VERTEX
8
Sketch
10
23.272501
20
238.325569
70
0
0
VERTEX
8
Sketch
10
23.272501
20
238.325569
70
0
0
SEQEND
8
Sketch
0
POLYLINE
8
Sketch
62
7
70
0
10
0.000000
20
0.000000
66
1
0
VERTEX
8
Sketch
10
24.905179
20
240.271320
70
0
0
VERTEX
8
Sketch
10
24.787859
20
240.553865
70
0
0
VERTEX
8
Sketch
10
24.505180
20
240.670859
70
0
0
VERTEX
8
Sketch
10
24.222500
20
240.553865
70
0
0
VERTEX
8
Sketch
10
24.105180
20
240.271320
70
0
0
VERTEX
8
Sketch
10
24.222500
20
239.988775
70
0
0
VERTEX
8
Sketch
10
24.505180
20
239.871781
70
0
0
VERTEX
8
Sketch
10
24.787859
20
239.988775
70
0
0
VERTEX
8
Sketch
10
24.905179
20
240.271320
70
0
0
VERTEX
8
Sketch
10
24.905179
20
240.271320
70
0
0
SEQEND
8
Sketch
0
POLYLINE
8
Sketch
62
7
70
0
10
0.000000
20
0.000000
66
1
0
VERTEX
8
Sketch
10
21.639822
20
236.379817
70
0
0
VERTEX
8
Sketch
10
21.522503
20
236.662362
70
0
0
VERTEX
8
Sketch
10
21.239823
20
236.779357
70
0
0
VERTEX
8
Sketch
10
20.957144
20
236.662362
70
0
0
VERTEX
8
Sketch
10
20.839824
20
236.379817
70
0
0
VERTEX
8
Sketch
10
20.957144
20
236.097273
70
0
0
VERTEX
8
Sketch
10
21.239823
20
235.980278
70
0
0
VERTEX
8
Sketch
10
21.522503
20
236.097273
70
0
0
VERTEX
8
Sketch
10
21.639822
20
236.379817
70
0
0
VERTEX
8
Sketch
10
21.639822
20
236.379817
70
0
0
SEQEND
8
Sketch
0
POLYLINE
8
Sketch
62
7
70
0
10
0.000000
20
0.000000
66
1
0
VERTEX
8
Sketch
10
87.781143
20
291.697632
70
0
0
VERTEX
8
Sketch
10
87.663824
20
291.980177
70
0
0
VERTEX
8
Sketch
10
87.381144
20
292.097172
70
0
0
VERTEX
8
Sketch
10
87.098464
20
291.980177
70
0
0
VERTEX
8
Sketch
10
86.981145
20
291.697632
70
0
0
VERTEX
8
Sketch
10
87.098464
20
291.415088
70
0
0
VERTEX
8
Sketch
10
87.381144
20
291.298093
70
0
0
VERTEX
8
Sketch
10
87.663824
20
291.415088
70
0
0
VERTEX
8
Sketch
10
87.781143
20
291.697632
70
0
0
VERTEX
8
Sketch
10
87.781143
20
291.697632
70
0
0
SEQEND
8
Sketch
0
POLYLINE
8
Sketch
62
7
70
0
10
0.000000
20
0.000000
66
1
0
VERTEX
8
Sketch
10
85.581443
20
290.427634
70
0
0
VERTEX
8
Sketch
10
85.464123
20
290.710179
70
0
0
VERTEX
8
Sketch
10
85.181443
20
290.827173
70
0
0
VERTEX
8
Sketch
10
84.898764
20
290.710179
70
0
0
VERTEX
8
Sketch
10
84.781444
20
290.427634
70
0
0
VERTEX
8
Sketch
10
84.898764
20
290.145089
70
0
0
VERTEX
8
Sketch
10
85.181443
20
290.028095
70
0
0
VERTEX
8
Sketch
10
85.464123
20
290.145089
70
0
0
VERTEX
8
Sketch
10
85.581443
20
290.427634
70
0
0
VERTEX
8
Sketch
10
85.581443
20
290.427634
70
0
0
SEQEND
8
Sketch
0
POLYLINE
8
Sketch
62
7
70
0
10
0.000000
20
0.000000
66
1
0
VERTEX
8
Sketch
10
83.381739
20
289.157636
70
0
0
VERTEX
8
Sketch
10
83.264420
20
289.440181
70
0
0
VERTEX
8
Sketch
10
82.981740
20
289.557175
70
0
0
VERTEX
8
Sketch
10
82.699060
20
289.440181
70
0
0
VERTEX
8
Sketch
10
82.581741
20
289.157636
70
0
0
VERTEX
8
Sketch
10
82.699060
20
288.875091
70
0
0
VERTEX
8
Sketch
10
82.981740
20
288.758096
70
0
0
VERTEX
8
Sketch
10
83.264420
20
288.875091
70
0
0
VERTEX
8
Sketch
10
83.381739
20
289.157636
70
0
0
VERTEX
8
Sketch
10
83.381739
20
289.157636
70
0
0
SEQEND
8
Sketch
0
POLYLINE
8
Sketch
62
7
70
0
10
0.000000
20
0.000000
66
1
0
VERTEX
8
Sketch
10
81.182038
20
287.887637
70
0
0
VERTEX
8
Sketch
10
81.064719
20
288.170182
70
0
0
VERTEX
8
Sketch
10
80.782039
20
288.287177
70
0
0
VERTEX
8
Sketch
10
80.499360
20
288.170182
70
0
0
VERTEX
8
Sketch
10
80.382040
20
287.887637
70
0
0
VERTEX
8
Sketch
10
80.499360
20
287.605092
70
0
0
VERTEX
8
Sketch
10
80.782039
20
287.488098
70
0
0
VERTEX
8
Sketch
10
81.064719
20
287.605092
70
0
0
VERTEX
8
Sketch
10
81.182038
20
287.887637
70
0
0
VERTEX
8
Sketch
10
81.182038
20
287.887637
70
0
0
SEQEND
8
Sketch
0
POLYLINE
8
Sketch
62
7
70
0
10
0.000000
20
0.000000
66
1
0
VERTEX
8
Sketch
10
78.982338
20
286.617639
70
0
0
VERTEX
8
Sketch
10
78.865180
20
286.900482
70
0
0
VERTEX
8
Sketch
10
78.582337
20
287.017639
70
0
0
VERTEX
8
Sketch
10
78.299494
20
286.900482
70
0
0
VERTEX
8
Sketch
10
78.182337
20
286.617639
70
0
0
VERTEX
8
Sketch
10
78.299494
20
286.334796
70
0
0
VERTEX
8
Sketch
10
78.582337
20
286.217638
70
0
0
VERTEX
8
Sketch
10
78.865180
20
286.334796
70
0
0
VERTEX
8
Sketch
10
78.982338
20
286.617639
70
0
0
VERTEX
8
Sketch
10
78.982338
20
286.617639
70
0
0
SEQEND
8
Sketch
0
POLYLINE
8
Sketch
62
7
70
0
10
0.000000
20
0.000000
66
1
0
VERTEX
8
Sketch
10
60.683243
20
276.052652
70
0
0
VERTEX
8
Sketch
10
60.565923
20
276.335197
70
0
0
VERTEX
8
Sketch
10
60.283244
20
276.452191
70
0
0
VERTEX
8
Sketch
10
60.000564
20
276.335197
70
0
0
VERTEX
8
Sketch
10
59.883245
20
276.052652
70
0
0
VERTEX
8
Sketch
10
60.000564
20
275.770107
70
0
0
VERTEX
8
Sketch
10
60.283244
20
275.653112
70
0
0
VERTEX
8
Sketch
10
60.565923
20
275.770107
70
0
0
VERTEX
8
Sketch
10
60.683243
20
276.052652
70
0
0
VERTEX
8
Sketch
10
60.683243
20
276.052652
70
0
0
SEQEND
8
Sketch
0
POLYLINE
8
Sketch
62
7
70
0
10
0.000000
20
0.000000
66
1
0
VERTEX
8
Sketch
10
58.483542
20
274.782653
70
0
0
VERTEX
8
Sketch
10
58.283542
20
275.129064
70
0
0
VERTEX
8
Sketch
10
57.883541
20
275.129064
70
0
0
VERTEX
8
Sketch
10
57.683541
20
274.782653
70
0
0
VERTEX
8
Sketch
10
57.883541
20
274.436243
70
0
0
VERTEX
8
Sketch
10
58.283542
20
274.436243
70
0
0
VERTEX
8
Sketch
10
58.483542
20
274.782653
70
0
0
VERTEX
8
Sketch
10
58.483542
20
274.782653
70
0
0
SEQEND
8
Sketch
0
POLYLINE
8
Sketch
62
7
70
0
10
0.000000
20
0.000000
66
1
0
VERTEX
8
Sketch
10
54.084138
20
272.242657
70
0
0
VERTEX
8
Sketch
10
53.966819
20
272.525202
70
0
0
VERTEX
8
Sketch
10
53.684139
20
272.642196
70
0
0
VERTEX
8
Sketch
10
53.401459
20
272.525202
70
0
0
VERTEX
8
Sketch
10
53.284140
20
272.242657
70
0
0
VERTEX
8
Sketch
10
53.401459
20
271.960112
70
0
0
VERTEX
8
Sketch
10
53.684139
20
271.843117
70
0
0
VERTEX
8
Sketch
10
53.966819
20
271.960112
70
0
0
VERTEX
8
Sketch
10
54.084138
20
272.242657
70
0
0
VERTEX
8
Sketch
10
54.084138
20
272.242657
70
0
0
SEQEND
8
Sketch
0
POLYLINE
8
Sketch
62
7
70
0
10
0.000000
20
0.000000
66
1
0
VERTEX
8
Sketch
10
56.283839
20
273.512655
70
0
0
VERTEX
8
Sketch
10
56.166519
20
273.795200
70
0
0
VERTEX
8
Sketch
10
55.883840
20
273.912194
70
0
0
VERTEX
8
Sketch
10
55.601160
20
273.795200
70
0
0
VERTEX
8
Sketch
10
55.483840
20
273.512655
70
0
0
VERTEX
8
Sketch
10
55.601160
20
273.230110
70
0
0
VERTEX
8
Sketch
10
55.883840
20
273.113116
70
0
0
VERTEX
8
Sketch
10
56.166519
20
273.230110
70
0
0
VERTEX
8
Sketch
10
56.283839
20
273.512655
70
0
0
VERTEX
8
Sketch
10
56.283839
20
273.512655
70
0
0
SEQEND
8
Sketch
0
POLYLINE
8
Sketch
62
7
70
0
10
0.000000
20
0.000000
66
1
0
VERTEX
8
Sketch
10
51.884435
20
270.972658
70
0
0
VERTEX
8
Sketch
10
51.767079
20
271.255136
70
0
0
VERTEX
8
Sketch
10
51.484436
20
271.372094
70
0
0
VERTEX
8
Sketch
10
51.201792
20
271.255136
70
0
0
VERTEX
8
Sketch
10
51.084436
20
270.972658
70
0
0
VERTEX
8
Sketch
10
51.201792
20
270.690180
70
0
0
VERTEX
8
Sketch
10
51.484436
20
270.573222
70
0
0
VERTEX
8
Sketch
10
51.767079
20
270.690180
70
0
0
VERTEX
8
Sketch
10
51.884435
20
270.972658
70
0
0
VERTEX
8
Sketch
10
51.884435
20
270.972658
70
0
0
SEQEND
8
Sketch
0
POLYLINE
8
Sketch
62
7
70
0
10
0.000000
20
0.000000
66
1
0
VERTEX
8
Sketch
10
132.956754
20
300.332735
70
0
0
VERTEX
8
Sketch
10
132.756754
20
300.679145
70
0
0
VERTEX
8
Sketch
10
132.356755
20
300.679145
70
0
0
VERTEX
8
Sketch
10
132.156755
20
300.332735
70
0
0
VERTEX
8
Sketch
10
132.356755
20
299.986326
70
0
0
VERTEX
8
Sketch
10
132.756754
20
299.986326
70
0
0
VERTEX
8
Sketch
10
132.956754
20
300.332735
70
0
0
VERTEX
8
Sketch
10
132.956754
20
300.332735
70
0
0
SEQEND
8
Sketch
0
POLYLINE
8
Sketch
62
7
70
0
10
0.000000
20
0.000000
66
1
0
VERTEX
8
Sketch
10
130.455345
20
299.891670
70
0
0
VERTEX
8
Sketch
10
130.338188
20
300.174512
70
0
0
VERTEX
8
Sketch
10
130.055346
20
300.291669
70
0
0
VERTEX
8
Sketch
10
129.772504
20
300.174512
70
0
0
VERTEX
8
Sketch
10
129.655346
20
299.891670
70
0
0
VERTEX
8
Sketch
10
129.772504
20
299.608828
70
0
0
VERTEX
8
Sketch
10
130.055346
20
299.491671
70
0
0
VERTEX
8
Sketch
10
130.338188
20
299.608828
70
0
0
VERTEX
8
Sketch
10
130.455345
20
299.891670
70
0
0
VERTEX
8
Sketch
10
130.455345
20
299.891670
70
0
0
SEQEND
8
Sketch
0
POLYLINE
8
Sketch
62
7
70
0
10
0.000000
20
0.000000
66
1
0
VERTEX
8
Sketch
10
127.953937
20
299.450602
70
0
0
VERTEX
8
Sketch
10
127.753937
20
299.797012
70
0
0
VERTEX
8
Sketch
10
127.353938
20
299.797012
70
0
0
VERTEX
8
Sketch
10
127.153938
20
299.450602
70
0
0
VERTEX
8
Sketch
10
127.353938
20
299.104193
70
0
0
VERTEX
8
Sketch
10
127.753937
20
299.104193
70
0
0
VERTEX
8
Sketch
10
127.953937
20
299.450602
70
0
0
VERTEX
8
Sketch
10
127.953937
20
299.450602
70
0
0
SEQEND
8
Sketch
0
POLYLINE
8
Sketch
62
7
70
0
10
0.000000
20
0.000000
66
1
0
VERTEX
8
Sketch
10
125.452528
20
299.009537
70
0
0
VERTEX
8
Sketch
10
125.252528
20
299.355947
70
0
0
VERTEX
8
Sketch
10
124.852529
20
299.355947
70
0
0
VERTEX
8
Sketch
10
124.652529
20
299.009537
70
0
0
VERTEX
8
Sketch
10
124.852529
20
298.663127
70
0
0
VERTEX
8
Sketch
10
125.252528
20
298.663127
70
0
0
VERTEX
8
Sketch
10
125.452528
20
299.009537
70
0
0
VERTEX
8
Sketch
10
125.452528
20
299.009537
70
0
0
SEQEND
8
Sketch
0
POLYLINE
8
Sketch
62
7
70
0
10
0.000000
20
0.000000
66
1
0
VERTEX
8
Sketch
10
122.951120
20
298.568472
70
0
0
VERTEX
8
Sketch
10
122.751120
20
298.914882
70
0
0
VERTEX
8
Sketch
10
122.351121
20
298.914882
70
0
0
VERTEX
8
Sketch
10
122.151121
20
298.568472
70
0
0
VERTEX
8
Sketch
10
122.351121
20
298.222062
70
0
0
VERTEX
8
Sketch
10
122.751120
20
298.222062
70
0
0
VERTEX
8
Sketch
10
122.951120
20
298.568472
70
0
0
VERTEX
8
Sketch
10
122.951120
20
298.568472
70
0
0
SEQEND
8
Sketch
0
POLYLINE
8
Sketch
62
7
70
0
10
0.000000
20
0.000000
66
1
0
VERTEX
8
Sketch
10
102.142158
20
294.899291
70
0
0
VERTEX
8
Sketch
10
102.024839
20
295.181835
70
0
0
VERTEX
8
Sketch
10
101.742159
20
295.298830
70
0
0
VERTEX
8
Sketch
10
101.459479
20
295.181835
70
0
0
VERTEX
8
Sketch
10
101.342160
20
294.899291
70
0
0
VERTEX
8
Sketch
10
101.459479
20
294.616746
70
0
0
VERTEX
8
Sketch
10
101.742159
20
294.499751
70
0
0
VERTEX
8
Sketch
10
102.024839
20
294.616746
70
0
0
VERTEX
8
Sketch
10
102.142158
20
294.899291
70
0
0
VERTEX
8
Sketch
10
102.142158
20
294.899291
70
0
0
SEQEND
8
Sketch
0
POLYLINE
8
Sketch
62
7
70
0
10
0.000000
20
0.000000
66
1
0
VERTEX
8
Sketch
10
99.640751
20
294.458225
70
0
0
VERTEX
8
Sketch
10
99.440751
20
294.804636
70
0
0
VERTEX
8
Sketch
10
99.040750
20
294.804636
70
0
0
VERTEX
8
Sketch
10
98.840750
20
294.458225
70
0
0
VERTEX
8
Sketch
10
99.040750
20
294.111815
70
0
0
VERTEX
8
Sketch
10
99.440751
20
294.111815
70
0
0
VERTEX
8
Sketch
10
99.640751
20
294.458225
70
0
0
VERTEX
8
Sketch
10
99.640751
20
294.458225
70
0
0
SEQEND
8
Sketch
0
POLYLINE
8
Sketch
62
7
70
0
10
0.000000
20
0.000000
66
1
0
VERTEX
8
Sketch
10
94.637933
20
293.576092
70
0
0
VERTEX
8
Sketch
10
94.520614
20
293.858637
70
0
0
VERTEX
8
Sketch
10
94.237934
20
293.975632
70
0
0
VERTEX
8
Sketch
10
93.955255
20
293.858637
70
0
0
VERTEX
8
Sketch
10
93.837935
20
293.576092
70
0
0
VERTEX
8
Sketch
10
93.955255
20
293.293548
70
0
0
VERTEX
8
Sketch
10
94.237934
20
293.176553
70
0
0
VERTEX
8
Sketch
10
94.520614
20
293.293548
70
0
0
VERTEX
8
Sketch
10
94.637933
20
293.576092
70
0
0
VERTEX
8
Sketch
10
94.637933
20
293.576092
70
0
0
SEQEND
8
Sketch
0
POLYLINE
8
Sketch
62
7
70
0
10
0.000000
20
0.000000
66
1
0
VERTEX
8
Sketch
10
97.139341
20
294.017160
70
0
0
VERTEX
8
Sketch
10
97.022021
20
294.299705
70
0
0
VERTEX
8
Sketch
10
96.739342
20
294.416700
70
0
0
VERTEX
8
Sketch
10
96.456662
20
294.299705
70
0
0
VERTEX
8
Sketch
10
96.339342
20
294.017160
70
0
0
VERTEX
8
Sketch
10
96.456662
20
293.734615
70
0
0
VERTEX
8
Sketch
10
96.739342
20
293.617621
70
0
0
VERTEX
8
Sketch
10
97.022021
20
293.734615
70
0
0
VERTEX
8
Sketch
10
97.139341
20
294.017160
70
0
0
VERTEX
8
Sketch
10
97.139341
20
294.017160
70
0
0
SEQEND
8
Sketch
0
POLYLINE
8
Sketch
62
7
70
0
10
0.000000
20
0.000000
66
1
0
VERTEX
8
Sketch
10
92.136523
20
293.135027
70
0
0
VERTEX
8
Sketch
10
92.019204
20
293.417572
70
0
0
VERTEX
8
Sketch
10
91.736524
20
293.534567
70
0
0
VERTEX
8
Sketch
10
91.453845
20
293.417572
70
0
0
VERTEX
8
Sketch
10
91.336525
20
293.135027
70
0
0
VERTEX
8
Sketch
10
91.453845
20
292.852482
70
0
0
VERTEX
8
Sketch
10
91.736524
20
292.735488
70
0
0
VERTEX
8
Sketch
10
92.019204
20
292.852482
70
0
0
VERTEX
8
Sketch
10
92.136523
20
293.135027
70
0
0
VERTEX
8
Sketch
10
92.136523
20
293.135027
70
0
0
SEQEND
8
Sketch
0
POLYLINE
8
Sketch
62
7
70
0
10
0.000000
20
0.000000
66
1
0
VERTEX
8
Sketch
10
178.361321
20
292.996108
70
0
0
VERTEX
8
Sketch
10
178.244002
20
293.278653
70
0
0
VERTEX
8
Sketch
10
177.961322
20
293.395647
70
0
0
VERTEX
8
Sketch
10
177.678642
20
293.278653
70
0
0
VERTEX
8
Sketch
10
177.561323
20
292.996108
70
0
0
VERTEX
8
Sketch
10
177.678642
20
292.713563
70
0
0
VERTEX
8
Sketch
10
177.961322
20
292.596569
70
0
0
VERTEX
8
Sketch
10
178.244002
20
292.713563
70
0
0
VERTEX
8
Sketch
10
178.361321
20
292.996108
70
0
0
VERTEX
8
Sketch
10
178.361321
20
292.996108
70
0
0
SEQEND
8
Sketch
0
POLYLINE
8
Sketch
62
7
70
0
10
0.000000
20
0.000000
66
1
0
VERTEX
8
Sketch
10
175.859914
20
293.437173
70
0
0
VERTEX
8
Sketch
10
175.742594
20
293.719718
70
0
0
VERTEX
8
Sketch
10
175.459915
20
293.836713
70
0
0
VERTEX
8
Sketch
10
175.177235
20
293.719718
70
0
0
VERTEX
8
Sketch
10
175.059915
20
293.437173
70
0
0
VERTEX
8
Sketch
10
175.177235
20
293.154628
70
0
0
VERTEX
8
Sketch
10
175.459915
20
293.037634
70
0
0
VERTEX
8
Sketch
10
175.742594
20
293.154628
70
0
0
VERTEX
8
Sketch
10
175.859914
20
293.437173
70
0
0
VERTEX
8
Sketch
10
175.859914
20
293.437173
70
0
0
SEQEND
8
Sketch
0
POLYLINE
8
Sketch
62
7
70
0
10
0.000000
20
0.000000
66
1
0
VERTEX
8
Sketch
10
173.358504
20
293.878241
70
0
0
VERTEX
8
Sketch
10
173.241184
20
294.160786
70
0
0
VERTEX
8
Sketch
10
172.958505
20
294.277780
70
0
0
VERTEX
8
Sketch
10
172.675825
20
294.160786
70
0
0
VERTEX
8
Sketch
10
172.558505
20
293.878241
70
0
0
VERTEX
8
Sketch
10
172.675825
20
293.595696
70
0
0
VERTEX
8
Sketch
10
172.958505
20
293.478701
70
0
0
VERTEX
8
Sketch
10
173.241184
20
293.595696
70
0
0
VERTEX
8
Sketch
10
173.358504
20
293.878241
70
0
0
VERTEX
8
Sketch
10
173.358504
20
293.878241
70
0
0
SEQEND
8
Sketch
0
POLYLINE
8
Sketch
62
7
70
0
10
0.000000
20
0.000000
66
1
0
VERTEX
8
Sketch
10
170.857096
20
294.319306
70
0
0
VERTEX
8
Sketch
10
170.739777
20
294.601851
70
0
0
VERTEX
8
Sketch
10
170.457097
20
294.718845
70
0
0
VERTEX
8
Sketch
10
170.174418
20
294.601851
70
0
0
VERTEX
8
Sketch
10
170.057098
20
294.319306
70
0
0
VERTEX
8
Sketch
10
170.174418
20
294.036761
70
0
0
VERTEX
8
Sketch
10
170.457097
20
293.919767
70
0
0
VERTEX
8
Sketch
10
170.739777
20
294.036761
70
0
0
VERTEX
8
Sketch
10
170.857096
20
294.319306
70
0
0
VERTEX
8
Sketch
10
170.857096
20
294.319306
70
0
0
SEQEND
8
Sketch
0
POLYLINE
8
Sketch
62
7
70
0
10
0.000000
20
0.000000
66
1
0
VERTEX
8
Sketch
10
168.355686
20
294.760371
70
0
0
VERTEX
8
Sketch
10
168.238367
20
295.042916
70
0
0
VERTEX
8
Sketch
10
167.955687
20
295.159911
70
0
0
VERTEX
8
Sketch
10
167.673008
20
295.042916
70
0
0
VERTEX
8
Sketch
10
167.555688
20
294.760371
70
0
0
VERTEX
8
Sketch
10
167.673008
20
294.477826
70
0
0
VERTEX
8
Sketch
10
167.955687
20
294.360832
70
0
0
VERTEX
8
Sketch
10
168.238367
20
294.477826
70
0
0
VERTEX
8
Sketch
10
168.355686
20
294.760371
70
0
0
VERTEX
8
Sketch
10
168.355686
20
294.760371
70
0
0
SEQEND
8
Sketch
0
POLYLINE
8
Sketch
62
7
70
0
10
0.000000
20
0.000000
66
1
0
VERTEX
8
Sketch
10
147.546726
20
298.429553
70
0
0
VERTEX
8
Sketch
10
147.346726
20
298.775962
70
0
0
VERTEX
8
Sketch
10
146.946726
20
298.775962
70
0
0
VERTEX
8
Sketch
10
146.746727
20
298.429553
70
0
0
VERTEX
8
Sketch
10
146.946726
20
298.083143
70
0
0
VERTEX
8
Sketch
10
147.346726
20
298.083143
70
0
0
VERTEX
8
Sketch
10
147.546726
20
298.429553
70
0
0
VERTEX
8
Sketch
10
147.546726
20
298.429553
70
0
0
SEQEND
8
Sketch
0
POLYLINE
8
Sketch
62
7
70
0
10
0.000000
20
0.000000
66
1
0
VERTEX
8
Sketch
10
145.045317
20
298.870620
70
0
0
VERTEX
8
Sketch
10
144.845317
20
299.217030
70
0
0
VERTEX
8
Sketch
10
144.445318
20
299.217030
70
0
0
VERTEX
8
Sketch
10
144.245318
20
298.870620
70
0
0
VERTEX
8
Sketch
10
144.445318
20
298.524211
70
0
0
VERTEX
8
Sketch
10
144.845317
20
298.524211
70
0
0
VERTEX
8
Sketch
10
145.045317
20
298.870620
70
0
0
VERTEX
8
Sketch
10
145.045317
20
298.870620
70
0
0
SEQEND
8
Sketch
0
POLYLINE
8
Sketch
62
7
70
0
10
0.000000
20
0.000000
66
1
0
VERTEX
8
Sketch
10
140.042500
20
299.752751
70
0
0
VERTEX
8
Sketch
10
139.925343
20
300.035593
70
0
0
VERTEX
8
Sketch
10
139.642500
20
300.152750
70
0
0
VERTEX
8
Sketch
10
139.359658
20
300.035593
70
0
0
VERTEX
8
Sketch
10
139.242501
20
299.752751
70
0
0
VERTEX
8
Sketch
10
139.359658
20
299.469908
70
0
0
VERTEX
8
Sketch
10
139.642500
20
299.352751
70
0
0
VERTEX
8
Sketch
10
139.925343
20
299.469908
70
0
0
VERTEX
8
Sketch
10
140.042500
20
299.752751
70
0
0
VERTEX
8
Sketch
10
140.042500
20
299.752751
70
0
0
SEQEND
8
Sketch
0
POLYLINE
8
Sketch
62
7
70
0
10
0.000000
20
0.000000
66
1
0
VERTEX
8
Sketch
10
142.543908
20
299.311686
70
0
0
VERTEX
8
Sketch
10
142.343909
20
299.658095
70
0
0
VERTEX
8
Sketch
10
141.943909
20
299.658095
70
0
0
VERTEX
8
Sketch
10
141.743909
20
299.311686
70
0
0
VERTEX
8
Sketch
10
141.943909
20
298.965276
70
0
0
VERTEX
8
Sketch
10
142.343909
20
298.965276
70
0
0
VERTEX
8
Sketch
10
142.543908
20
299.311686
70
0
0
VERTEX
8
Sketch
10
142.543908
20
299.311686
70
0
0
SEQEND
8
Sketch
0
POLYLINE
8
Sketch
62
7
70
0
10
0.000000
20
0.000000
66
1
0
VERTEX
8
Sketch
10
137.541091
20
300.193816
70
0
0
VERTEX
8
Sketch
10
137.341092
20
300.540226
70
0
0
VERTEX
8
Sketch
10
136.941092
20
300.540226
70
0
0
VERTEX
8
Sketch
10
136.741092
20
300.193816
70
0
0
VERTEX
8
Sketch
10
136.941092
20
299.847406
70
0
0
VERTEX
8
Sketch
10
137.341092
20
299.847406
70
0
0
VERTEX
8
Sketch
10
137.541091
20
300.193816
70
0
0
VERTEX
8
Sketch
10
137.541091
20
300.193816
70
0
0
SEQEND
8
Sketch
0
POLYLINE
8
Sketch
62
7
70
0
10
0.000000
20
0.000000
66
1
0
VERTEX
8
Sketch
10
218.518385
20
270.572659
70
0
0
VERTEX
8
Sketch
10
218.401065
20
270.855204
70
0
0
VERTEX
8
Sketch
10
218.118386
20
270.972198
70
0
0
VERTEX
8
Sketch
10
217.835706
20
270.855204
70
0
0
VERTEX
8
Sketch
10
217.718386
20
270.572659
70
0
0
VERTEX
8
Sketch
10
217.835706
20
270.290114
70
0
0
VERTEX
8
Sketch
10
218.118386
20
270.173120
70
0
0
VERTEX
8
Sketch
10
218.401065
20
270.290114
70
0
0
VERTEX
8
Sketch
10
218.518385
20
270.572659
70
0
0
VERTEX
8
Sketch
10
218.518385
20
270.572659
70
0
0
SEQEND
8
Sketch
0
POLYLINE
8
Sketch
62
7
70
0
10
0.000000
20
0.000000
66
1
0
VERTEX
8
Sketch
10
216.318681
20
271.842657
70
0
0
VERTEX
8
Sketch
10
216.201362
20
272.125202
70
0
0
VERTEX
8
Sketch
10
215.918682
20
272.242197
70
0
0
VERTEX
8
Sketch
10
215.636003
20
272.125202
70
0
0
VERTEX
8
Sketch
10
215.518683
20
271.842657
70
0
0
VERTEX
8
Sketch
10
215.636003
20
271.560113
70
0
0
VERTEX
8
Sketch
10
215.918682
20
271.443118
70
0
0
VERTEX
8
Sketch
10
216.201362
20
271.560113
70
0
0
VERTEX
8
Sketch
10
216.318681
20
271.842657
70
0
0
VERTEX
8
Sketch
10
216.318681
20
271.842657
70
0
0
SEQEND
8
Sketch
0
POLYLINE
8
Sketch
62
7
70
0
10
0.000000
20
0.000000
66
1
0
VERTEX
8
Sketch
10
214.118981
20
273.112656
70
0
0
VERTEX
8
Sketch
10
214.001661
20
273.395201
70
0
0
VERTEX
8
Sketch
10
213.718982
20
273.512195
70
0
0
VERTEX
8
Sketch
10
213.436302
20
273.395201
70
0
0
VERTEX
8
Sketch
10
213.318982
20
273.112656
70
0
0
VERTEX
8
Sketch
10
213.436302
20
272.830111
70
0
0
VERTEX
8
Sketch
10
213.718982
20
272.713116
70
0
0
VERTEX
8
Sketch
10
214.001661
20
272.830111
70
0
0
VERTEX
8
Sketch
10
214.118981
20
273.112656
70
0
0
VERTEX
8
Sketch
10
214.118981
20
273.112656
70
0
0
SEQEND
8
Sketch
0
POLYLINE
8
Sketch
62
7
70
0
10
0.000000
20
0.000000
66
1
0
VERTEX
8
Sketch
10
211.919280
20
274.382654
70
0
0
VERTEX
8
Sketch
10
211.719280
20
274.729065
70
0
0
VERTEX
8
Sketch
10
211.319279
20
274.729065
70
0
0
VERTEX
8
Sketch
10
211.119279
20
274.382654
70
0
0
VERTEX
8
Sketch
10
211.319279
20
274.036244
70
0
0
VERTEX
8
Sketch
10
211.719280
20
274.036244
70
0
0
VERTEX
8
Sketch
10
211.919280
20
274.382654
70
0
0
VERTEX
8
Sketch
10
211.919280
20
274.382654
70
0
0
SEQEND
8
Sketch
0
POLYLINE
8
Sketch
62
7
70
0
10
0.000000
20
0.000000
66
1
0
VERTEX
8
Sketch
10
209.719577
20
275.652653
70
0
0
VERTEX
8
Sketch
10
209.602257
20
275.935197
70
0
0
VERTEX
8
Sketch
10
209.319577
20
276.052192
70
0
0
VERTEX
8
Sketch
10
209.036898
20
275.935197
70
0
0
VERTEX
8
Sketch
10
208.919578
20
275.652653
70
0
0
VERTEX
8
Sketch
10
209.036898
20
275.370108
70
0
0
VERTEX
8
Sketch
10
209.319577
20
275.253113
70
0
0
VERTEX
8
Sketch
10
209.602257
20
275.370108
70
0
0
VERTEX
8
Sketch
10
209.719577
20
275.652653
70
0
0
VERTEX
8
Sketch
10
209.719577
20
275.652653
70
0
0
SEQEND
8
Sketch
0
POLYLINE
8
Sketch
62
7
70
0
10
0.000000
20
0.000000
66
1
0
VERTEX
8
Sketch
10
191.420482
20
286.217640
70
0
0
VERTEX
8
Sketch
10
191.303162
20
286.500185
70
0
0
VERTEX
8
Sketch
10
191.020483
20
286.617179
70
0
0
VERTEX
8
Sketch
10
190.737803
20
286.500185
70
0
0
VERTEX
8
Sketch
10
190.620483
20
286.217640
70
0
0
VERTEX
8
Sketch
10
190.737803
20
285.935095
70
0
0
VERTEX
8
Sketch
10
191.020483
20
285.818100
70
0
0
VERTEX
8
Sketch
10
191.303162
20
285.935095
70
0
0
VERTEX
8
Sketch
10
191.420482
20
286.217640
70
0
0
VERTEX
8
Sketch
10
191.420482
20
286.217640
70
0
0
SEQEND
8
Sketch
0
POLYLINE
8
Sketch
62
7
70
0
10
0.000000
20
0.000000
66
1
0
VERTEX
8
Sketch
10
189.220781
20
287.487638
70
0
0
VERTEX
8
Sketch
10
189.103462
20
287.770183
70
0
0
VERTEX
8
Sketch
10
188.820782
20
287.887177
70
0
0
VERTEX
8
Sketch
10
188.538102
20
287.770183
70
0
0
VERTEX
8
Sketch
10
188.420783
20
287.487638
70
0
0
VERTEX
8
Sketch
10
188.538102
20
287.205093
70
0
0
VERTEX
8
Sketch
10
188.820782
20
287.088099
70
0
0
VERTEX
8
Sketch
10
189.103462
20
287.205093
70
0
0
VERTEX
8
Sketch
10
189.220781
20
287.487638
70
0
0
VERTEX
8
Sketch
10
189.220781
20
287.487638
70
0
0
SEQEND
8
Sketch
0
POLYLINE
8
Sketch
62
7
70
0
10
0.000000
20
0.000000
66
1
0
VERTEX
8
Sketch
10
184.821377
20
290.027635
70
0
0
VERTEX
8
Sketch
10
184.704057
20
290.310180
70
0
0
VERTEX
8
Sketch
10
184.421378
20
290.427174
70
0
0
VERTEX
8
Sketch
10
184.138698
20
290.310180
70
0
0
VERTEX
8
Sketch
10
184.021379
20
290.027635
70
0
0
VERTEX
8
Sketch
10
184.138698
20
289.745090
70
0
0
VERTEX
8
Sketch
10
184.421378
20
289.628095
70
0
0
VERTEX
8
Sketch
10
184.704057
20
289.745090
70
0
0
VERTEX
8
Sketch
10
184.821377
20
290.027635
70
0
0
VERTEX
8
Sketch
10
184.821377
20
290.027635
70
0
0
SEQEND
8
Sketch
0
POLYLINE
8
Sketch
62
7
70
0
10
0.000000
20
0.000000
66
1
0
VERTEX
8
Sketch
10
187.021080
20
288.757636
70
0
0
VERTEX
8
Sketch
10
186.821080
20
289.104047
70
0
0
VERTEX
8
Sketch
10
186.421080
20
289.104047
70
0
0
VERTEX
8
Sketch
10
186.221079
20
288.757636
70
0
0
VERTEX
8
Sketch
10
186.421080
20
288.411226
70
0
0
VERTEX
8
Sketch
10
186.821080
20
288.411226
70
0
0
VERTEX
8
Sketch
10
187.021080
20
288.757636
70
0
0
VERTEX
8
Sketch
10
187.021080
20
288.757636
70
0
0
SEQEND
8
Sketch
0
POLYLINE
8
Sketch
62
7
70
0
10
0.000000
20
0.000000
66
1
0
VERTEX
8
Sketch
10
182.621676
20
291.297633
70
0
0
VERTEX
8
Sketch
10
182.504320
20
291.580111
70
0
0
VERTEX
8
Sketch
10
182.221677
20
291.697069
70
0
0
VERTEX
8
Sketch
10
181.939034
20
291.580111
70
0
0
VERTEX
8
Sketch
10
181.821678
20
291.297633
70
0
0
VERTEX
8
Sketch
10
181.939034
20
291.015155
70
0
0
VERTEX
8
Sketch
10
182.221677
20
290.898197
70
0
0
VERTEX
8
Sketch
10
182.504320
20
291.015155
70
0
0
VERTEX
8
Sketch
10
182.621676
20
291.297633
70
0
0
VERTEX
8
Sketch
10
182.621676
20
291.297633
70
0
0
SEQEND
8
Sketch
0
POLYLINE
8
Sketch
62
7
70
0
10
0.000000
20
0.000000
66
1
0
VERTEX
8
Sketch
10
248.584406
20
235.766982
70
0
0
VERTEX
8
Sketch
10
248.467087
20
236.049527
70
0
0
VERTEX
8
Sketch
10
248.184407
20
236.166522
70
0
0
VERTEX
8
Sketch
10
247.901727
20
236.049527
70
0
0
VERTEX
8
Sketch
10
247.784408
20
235.766982
70
0
0
VERTEX
8
Sketch
10
247.901727
20
235.484437
70
0
0
VERTEX
8
Sketch
10
248.184407
20
235.367443
70
0
0
VERTEX
8
Sketch
10
248.467087
20
235.484437
70
0
0
VERTEX
8
Sketch
10
248.584406
20
235.766982
70
0
0
VERTEX
8
Sketch
10
248.584406
20
235.766982
70
0
0
SEQEND
8
Sketch
0
POLYLINE
8
Sketch
62
7
70
0
10
0.000000
20
0.000000
66
1
0
VERTEX
8
Sketch
10
246.951728
20
237.712734
70
0
0
VERTEX
8
Sketch
10
246.834409
20
237.995279
70
0
0
VERTEX
8
Sketch
10
246.551729
20
238.112273
70
0
0
VERTEX
8
Sketch
10
246.269049
20
237.995279
70
0
0
VERTEX
8
Sketch
10
246.151730
20
237.712734
70
0
0
VERTEX
8
Sketch
10
246.269049
20
237.430189
70
0
0
VERTEX
8
Sketch
10
246.551729
20
237.313194
70
0
0
VERTEX
8
Sketch
10
246.834409
20
237.430189
70
0
0
VERTEX
8
Sketch
10
246.951728
20
237.712734
70
0
0
VERTEX
8
Sketch
10
246.951728
20
237.712734
70
0
0
SEQEND
8
Sketch
0
POLYLINE
8
Sketch
62
7
70
0
10
0.000000
20
0.000000
66
1
0
VERTEX
8
Sketch
10
245.319050
20
239.658482
70
0
0
VERTEX
8
Sketch
10
245.201730
20
239.941027
70
0
0
VERTEX
8
Sketch
10
244.919051
20
240.058022
70
0
0
VERTEX
8
Sketch
10
244.636371
20
239.941027
70
0
0
VERTEX
8
Sketch
10
244.519052
20
239.658482
70
0
0
VERTEX
8
Sketch
10
244.636371
20
239.375937
70
0
0
VERTEX
8
Sketch
10
244.919051
20
239.258943
70
0
0
VERTEX
8
Sketch
10
245.201730
20
239.375937
70
0
0
VERTEX
8
Sketch
10
245.319050
20
239.658482
70
0
0
VERTEX
8
Sketch
10
245.319050
20
239.658482
70
0
0
SEQEND
8
Sketch
0
POLYLINE
8
Sketch
62
7
70
0
10
0.000000
20
0.000000
66
1
0
VERTEX
8
Sketch
10
243.686372
20
241.604234
70
0
0
VERTEX
8
Sketch
10
243.569052
20
241.886779
70
0
0
VERTEX
8
Sketch
10
243.286373
20
242.003773
70
0
0
VERTEX
8
Sketch
10
243.003693
20
241.886779
70
0
0
VERTEX
8
Sketch
10
242.886373
20
241.604234
70
0
0
VERTEX
8
Sketch
10
243.003693
20
241.321689
70
0
0
VERTEX
8
Sketch
10
243.286373
20
241.204694
70
0
0
VERTEX
8
Sketch
10
243.569052
20
241.321689
70
0
0
VERTEX
8
Sketch
10
243.686372
20
241.604234
70
0
0
VERTEX
8
Sketch
10
243.686372
20
241.604234
70
0
0
SEQEND
8
Sketch
0
POLYLINE
8
Sketch
62
7
70
0
10
0.000000
20
0.000000
66
1
0
VERTEX
8
Sketch
10
242.053694
20
243.549985
70
0
0
VERTEX
8
Sketch
10
241.936338
20
243.832463
70
0
0
VERTEX
8
Sketch
10
241.653694
20
243.949421
70
0
0
VERTEX
8
Sketch
10
241.371051
20
243.832463
70
0
0
VERTEX
8
Sketch
10
241.253695
20
243.549985
70
0
0
VERTEX
8
Sketch
10
241.371051
20
243.267507
70
0
0
VERTEX
8
Sketch
10
241.653694
20
243.150549
70
0
0
VERTEX
8
Sketch
10
241.936338
20
243.267507
70
0
0
VERTEX
8
Sketch
10
242.053694
20
243.549985
70
0
0
VERTEX
8
Sketch
10
242.053694
20
243.549985
70
0
0
SEQEND
8
Sketch
0
POLYLINE
8
Sketch
62
7
70
0
10
0.000000
20
0.000000
66
1
0
VERTEX
8
Sketch
10
228.471608
20
259.736482
70
0
0
VERTEX
8
Sketch
10
228.354289
20
260.019027
70
0
0
VERTEX
8
Sketch
10
228.071609
20
260.136022
70
0
0
VERTEX
8
Sketch
10
227.788929
20
260.019027
70
0
0
VERTEX
8
Sketch
10
227.671610
20
259.736482
70
0
0
VERTEX
8
Sketch
10
227.788929
20
259.453937
70
0
0
VERTEX
8
Sketch
10
228.071609
20
259.336943
70
0
0
VERTEX
8
Sketch
10
228.354289
20
259.453937
70
0
0
VERTEX
8
Sketch
10
228.471608
20
259.736482
70
0
0
VERTEX
8
Sketch
10
228.471608
20
259.736482
70
0
0
SEQEND
8
Sketch
0
POLYLINE
8
Sketch
62
7
70
0
10
0.000000
20
0.000000
66
1
0
VERTEX
8
Sketch
10
226.838930
20
261.682234
70
0
0
VERTEX
8
Sketch
10
226.721611
20
261.964779
70
0
0
VERTEX
8
Sketch
10
226.438931
20
262.081773
70
0
0
VERTEX
8
Sketch
10
226.156251
20
261.964779
70
0
0
VERTEX
8
Sketch
10
226.038932
20
261.682234
70
0
0
VERTEX
8
Sketch
10
226.156251
20
261.399689
70
0
0
VERTEX
8
Sketch
10
226.438931
20
261.282694
70
0
0
VERTEX
8
Sketch
10
226.721611
20
261.399689
70
0
0
VERTEX
8
Sketch
10
226.838930
20
261.682234
70
0
0
VERTEX
8
Sketch
10
226.838930
20
261.682234
70
0
0
SEQEND
8
Sketch
0
POLYLINE
8
Sketch
62
7
70
0
10
0.000000
20
0.000000
66
1
0
VERTEX
8
Sketch
10
223.573574
20
265.573736
70
0
0
VERTEX
8
Sketch
10
223.456254
20
265.856281
70
0
0
VERTEX
8
Sketch
10
223.173575
20
265.973276
70
0
0
VERTEX
8
Sketch
10
222.890895
20
265.856281
70
0
0
VERTEX
8
Sketch
10
222.773575
20
265.573736
70
0
0
VERTEX
8
Sketch
10
222.890895
20
265.291191
70
0
0
VERTEX
8
Sketch
10
223.173575
20
265.174197
70
0
0
VERTEX
8
Sketch
10
223.456254
20
265.291191
70
0
0
VERTEX
8
Sketch
10
223.573574
20
265.573736
70
0
0
VERTEX
8
Sketch
10
223.573574
20
265.573736
70
0
0
SEQEND
8
Sketch
0
POLYLINE
8
Sketch
62
7
70
0
10
0.000000
20
0.000000
66
1
0
VERTEX
8
Sketch
10
225.206252
20
263.627985
70
0
0
VERTEX
8
Sketch
10
225.088932
20
263.910530
70
0
0
VERTEX
8
Sketch
10
224.806253
20
264.027524
70
0
0
VERTEX
8
Sketch
10
224.523573
20
263.910530
70
0
0
VERTEX
8
Sketch
10
224.406254
20
263.627985
70
0
0
VERTEX
8
Sketch
10
224.523573
20
263.345440
70
0
0
VERTEX
8
Sketch
10
224.806253
20
263.228446
70
0
0
VERTEX
8
Sketch
10
225.088932
20
263.345440
70
0
0
VERTEX
8
Sketch
10
225.206252
20
263.627985
70
0
0
VERTEX
8
Sketch
10
225.206252
20
263.627985
70
0
0
SEQEND
8
Sketch
0
POLYLINE
8
Sketch
62
7
70
0
10
0.000000
20
0.000000
66
1
0
VERTEX
8
Sketch
10
221.940896
20
267.519485
70
0
0
VERTEX
8
Sketch
10
221.740895
20
267.865896
70
0
0
VERTEX
8
Sketch
10
221.340895
20
267.865896
70
0
0
VERTEX
8
Sketch
10
221.140894
20
267.519485
70
0
0
VERTEX
8
Sketch
10
221.340895
20
267.173074
70
0
0
VERTEX
8
Sketch
10
221.740895
20
267.173074
70
0
0
VERTEX
8
Sketch
10
221.940896
20
267.519485
70
0
0
VERTEX
8
Sketch
10
221.940896
20
267.519485
70
0
0
SEQEND
8
Sketch
0
POLYLINE
8
Sketch
62
7
70
0
10
0.000000
20
0.000000
66
1
0
VERTEX
8
Sketch
10
264.932987
20
192.777161
70
0
0
VERTEX
8
Sketch
10
264.815668
20
193.059706
70
0
0
VERTEX
8
Sketch
10
264.532988
20
193.176700
70
0
0
VERTEX
8
Sketch
10
264.250308
20
193.059706
70
0
0
VERTEX
8
Sketch
10
264.132989
20
192.777161
70
0
0
VERTEX
8
Sketch
10
264.250308
20
192.494616
70
0
0
VERTEX
8
Sketch
10
264.532988
20
192.377621
70
0
0
VERTEX
8
Sketch
10
264.815668
20
192.494616
70
0
0
VERTEX
8
Sketch
10
264.932987
20
192.777161
70
0
0
VERTEX
8
Sketch
10
264.932987
20
192.777161
70
0
0
SEQEND
8
Sketch
0
POLYLINE
8
Sketch
62
7
70
0
10
0.000000
20
0.000000
66
1
0
VERTEX
8
Sketch
10
264.064255
20
195.163990
70
0
0
VERTEX
8
Sketch
10
263.946936
20
195.446535
70
0
0
VERTEX
8
Sketch
10
263.664256
20
195.563530
70
0
0
VERTEX
8
Sketch
10
263.381577
20
195.446535
70
0
0
VERTEX
8
Sketch
10
263.264257
20
195.163990
70
0
0
VERTEX
8
Sketch
10
263.381577
20
194.881446
70
0
0
VERTEX
8
Sketch
10
263.664256
20
194.764451
70
0
0
VERTEX
8
Sketch
10
263.946936
20
194.881446
70
0
0
VERTEX
8
Sketch
10
264.064255
20
195.163990
70
0
0
VERTEX
8
Sketch
10
264.064255
20
195.163990
70
0
0
SEQEND
8
Sketch
0
POLYLINE
8
Sketch
62
7
70
0
10
0.000000
20
0.000000
66
1
0
VERTEX
8
Sketch
10
263.195526
20
197.550794
70
0
0
VERTEX
8
Sketch
10
263.078207
20
197.833339
70
0
0
VERTEX
8
Sketch
10
262.795527
20
197.950333
70
0
0
VERTEX
8
Sketch
10
262.512847
20
197.833339
70
0
0
VERTEX
8
Sketch
10
262.395528
20
197.550794
70
0
0
VERTEX
8
Sketch
10
262.512847
20
197.268249
70
0
0
VERTEX
8
Sketch
10
262.795527
20
197.151254
70
0
0
VERTEX
8
Sketch
10
263.078207
20
197.268249
70
0
0
VERTEX
8
Sketch
10
263.195526
20
197.550794
70
0
0
VERTEX
8
Sketch
10
263.195526
20
197.550794
70
0
0
SEQEND
8
Sketch
0
POLYLINE
8
Sketch
62
7
70
0
10
0.000000
20
0.000000
66
1
0
VERTEX
8
Sketch
10
262.326797
20
199.937623
70
0
0
VERTEX
8
Sketch
10
262.209640
20
200.220466
70
0
0
VERTEX
8
Sketch
10
261.926797
20
200.337624
70
0
0
VERTEX
8
Sketch
10
261.643953
20
200.220466
70
0
0
VERTEX
8
Sketch
10
261.526796
20
199.937623
70
0
0
VERTEX
8
Sketch
10
261.643953
20
199.654780
70
0
0
VERTEX
8
Sketch
10
261.926797
20
199.537623
70
0
0
VERTEX
8
Sketch
10
262.209640
20
199.654780
70
0
0
VERTEX
8
Sketch
10
262.326797
20
199.937623
70
0
0
VERTEX
8
Sketch
10
262.326797
20
199.937623
70
0
0
SEQEND
8
Sketch
0
POLYLINE
8
Sketch
62
7
70
0
10
0.000000
20
0.000000
66
1
0
VERTEX
8
Sketch
10
261.458065
20
202.324427
70
0
0
VERTEX
8
Sketch
10
261.340746
20
202.606972
70
0
0
VERTEX
8
Sketch
10
261.058066
20
202.723966
70
0
0
VERTEX
8
Sketch
10
260.775386
20
202.606972
70
0
0
VERTEX
8
Sketch
10
260.658067
20
202.324427
70
0
0
VERTEX
8
Sketch
10
260.775386
20
202.041882
70
0
0
VERTEX
8
Sketch
10
261.058066
20
201.924887
70
0
0
VERTEX
8
Sketch
10
261.340746
20
202.041882
70
0
0
VERTEX
8
Sketch
10
261.458065
20
202.324427
70
0
0
VERTEX
8
Sketch
10
261.458065
20
202.324427
70
0
0
SEQEND
8
Sketch
0
POLYLINE
8
Sketch
62
7
70
0
10
0.000000
20
0.000000
66
1
0
VERTEX
8
Sketch
10
254.231190
20
222.180106
70
0
0
VERTEX
8
Sketch
10
254.113870
20
222.462650
70
0
0
VERTEX
8
Sketch
10
253.831190
20
222.579645
70
0
0
VERTEX
8
Sketch
10
253.548511
20
222.462650
70
0
0
VERTEX
8
Sketch
10
253.431191
20
222.180106
70
0
0
VERTEX
8
Sketch
10
253.548511
20
221.897561
70
0
0
VERTEX
8
Sketch
10
253.831190
20
221.780566
70
0
0
VERTEX
8
Sketch
10
254.113870
20
221.897561
70
0
0
VERTEX
8
Sketch
10
254.231190
20
222.180106
70
0
0
VERTEX
8
Sketch
10
254.231190
20
222.180106
70
0
0
SEQEND
8
Sketch
0
POLYLINE
8
Sketch
62
7
70
0
10
0.000000
20
0.000000
66
1
0
VERTEX
8
Sketch
10
253.362458
20
224.566922
70
0
0
VERTEX
8
Sketch
10
253.245138
20
224.849467
70
0
0
VERTEX
8
Sketch
10
252.962459
20
224.966461
70
0
0
VERTEX
8
Sketch
10
252.679779
20
224.849467
70
0
0
VERTEX
8
Sketch
10
252.562459
20
224.566922
70
0
0
VERTEX
8
Sketch
10
252.679779
20
224.284377
70
0
0
VERTEX
8
Sketch
10
252.962459
20
224.167383
70
0
0
VERTEX
8
Sketch
10
253.245138
20
224.284377
70
0
0
VERTEX
8
Sketch
10
253.362458
20
224.566922
70
0
0
VERTEX
8
Sketch
10
253.362458
20
224.566922
70
0
0
SEQEND
8
Sketch
0
POLYLINE
8
Sketch
62
7
70
0
10
0.000000
20
0.000000
66
1
0
VERTEX
8
Sketch
10
251.624999
20
229.340555
70
0
0
VERTEX
8
Sketch
10
251.507680
20
229.623100
70
0
0
VERTEX
8
Sketch
10
251.225000
20
229.740094
70
0
0
VERTEX
8
Sketch
10
250.942321
20
229.623100
70
0
0
VERTEX
8
Sketch
10
250.825001
20
229.340555
70
0
0
VERTEX
8
Sketch
10
250.942321
20
229.058010
70
0
0
VERTEX
8
Sketch
10
251.225000
20
228.941016
70
0
0
VERTEX
8
Sketch
10
251.507680
20
229.058010
70
0
0
VERTEX
8
Sketch
10
251.624999
20
229.340555
70
0
0
VERTEX
8
Sketch
10
251.624999
20
229.340555
70
0
0
SEQEND
8
Sketch
0
POLYLINE
8
Sketch
62
7
70
0
10
0.000000
20
0.000000
66
1
0
VERTEX
8
Sketch
10
252.493729
20
226.953738
70
0
0
VERTEX
8
Sketch
10
252.376409
20
227.236283
70
0
0
VERTEX
8
Sketch
10
252.093729
20
227.353278
70
0
0
VERTEX
8
Sketch
10
251.811050
20
227.236283
70
0
0
VERTEX
8
Sketch
10
251.693730
20
226.953738
70
0
0
VERTEX
8
Sketch
10
251.811050
20
226.671194
70
0
0
VERTEX
8
Sketch
10
252.093729
20
226.554199
70
0
0
VERTEX
8
Sketch
10
252.376409
20
226.671194
70
0
0
VERTEX
8
Sketch
10
252.493729
20
226.953738
70
0
0
VERTEX
8
Sketch
10
252.493729
20
226.953738
70
0
0
SEQEND
8
Sketch
0
POLYLINE
8
Sketch
62
7
70
0
10
0.000000
20
0.000000
66
1
0
VERTEX
8
Sketch
10
250.756270
20
231.727371
70
0
0
VERTEX
8
Sketch
10
250.638951
20
232.009916
70
0
0
VERTEX
8
Sketch
10
250.356271
20
232.126911
70
0
0
VERTEX
8
Sketch
10
250.073591
20
232.009916
70
0
0
VERTEX
8
Sketch
10
249.956272
20
231.727371
70
0
0
VERTEX
8
Sketch
10
250.073591
20
231.444827
70
0
0
VERTEX
8
Sketch
10
250.356271
20
231.327832
70
0
0
VERTEX
8
Sketch
10
250.638951
20
231.444827
70
0
0
VERTEX
8
Sketch
10
250.756270
20
231.727371
70
0
0
VERTEX
8
Sketch
10
250.756270
20
231.727371
70
0
0
SEQEND
8
Sketch
0
POLYLINE
8
Sketch
62
7
70
0
10
0.000000
20
0.000000
66
1
0
VERTEX
8
Sketch
10
265.592241
20
146.788402
70
0
0
VERTEX
8
Sketch
10
265.392241
20
147.134813
70
0
0
VERTEX
8
Sketch
10
264.992240
20
147.134813
70
0
0
VERTEX
8
Sketch
10
264.792240
20
146.788402
70
0
0
VERTEX
8
Sketch
10
264.992240
20
146.441991
70
0
0
VERTEX
8
Sketch
10
265.392241
20
146.441991
70
0
0
VERTEX
8
Sketch
10
265.592241
20
146.788402
70
0
0
VERTEX
8
Sketch
10
265.592241
20
146.788402
70
0
0
SEQEND
8
Sketch
0
POLYLINE
8
Sketch
62
7
70
0
10
0.000000
20
0.000000
66
1
0
VERTEX
8
Sketch
10
265.592241
20
149.328399
70
0
0
VERTEX
8
Sketch
10
265.392241
20
149.674809
70
0
0
VERTEX
8
Sketch
10
264.992240
20
149.674809
70
0
0
VERTEX
8
Sketch
10
264.792240
20
149.328399
70
0
0
VERTEX
8
Sketch
10
264.992240
20
148.981988
70
0
0
VERTEX
8
Sketch
10
265.392241
20
148.981988
70
0
0
VERTEX
8
Sketch
10
265.592241
20
149.328399
70
0
0
VERTEX
8
Sketch
10
265.592241
20
149.328399
70
0
0
SEQEND
8
Sketch
0
POLYLINE
8
Sketch
62
7
70
0
10
0.000000
20
0.000000
66
1
0
VERTEX
8
Sketch
10
265.592241
20
151.868396
70
0
0
VERTEX
8
Sketch
10
265.392241
20
152.214806
70
0
0
VERTEX
8
Sketch
10
264.992240
20
152.214806
70
0
0
VERTEX
8
Sketch
10
264.792240
20
151.868396
70
0
0
VERTEX
8
Sketch
10
264.992240
20
151.521985
70
0
0
VERTEX
8
Sketch
10
265.392241
20
151.521985
70
0
0
VERTEX
8
Sketch
10
265.592241
20
151.868396
70
0
0
VERTEX
8
Sketch
10
265.592241
20
151.868396
70
0
0
SEQEND
8
Sketch
0
POLYLINE
8
Sketch
62
7
70
0
10
0.000000
20
0.000000
66
1
0
VERTEX
8
Sketch
10
265.592241
20
154.408392
70
0
0
VERTEX
8
Sketch
10
265.392241
20
154.754803
70
0
0
VERTEX
8
Sketch
10
264.992240
20
154.754803
70
0
0
VERTEX
8
Sketch
10
264.792240
20
154.408392
70
0
0
VERTEX
8
Sketch
10
264.992240
20
154.061982
70
0
0
VERTEX
8
Sketch
10
265.392241
20
154.061982
70
0
0
VERTEX
8
Sketch
10
265.592241
20
154.408392
70
0
0
VERTEX
8
Sketch
10
265.592241
20
154.408392
70
0
0
SEQEND
8
Sketch
0
POLYLINE
8
Sketch
62
7
70
0
10
0.000000
20
0.000000
66
1
0
VERTEX
8
Sketch
10
265.592241
20
156.948389
70
0
0
VERTEX
8
Sketch
10
265.392241
20
157.294800
70
0
0
VERTEX
8
Sketch
10
264.992240
20
157.294800
70
0
0
VERTEX
8
Sketch
10
264.792240
20
156.948389
70
0
0
VERTEX
8
Sketch
10
264.992240
20
156.601979
70
0
0
VERTEX
8
Sketch
10
265.392241
20
156.601979
70
0
0
VERTEX
8
Sketch
10
265.592241
20
156.948389
70
0
0
VERTEX
8
Sketch
10
265.592241
20
156.948389
70
0
0
SEQEND
8
Sketch
0
POLYLINE
8
Sketch
62
7
70
0
10
0.000000
20
0.000000
66
1
0
VERTEX
8
Sketch
10
265.592241
20
178.078358
70
0
0
VERTEX
8
Sketch
10
265.392241
20
178.424769
70
0
0
VERTEX
8
Sketch
10
264.992240
20
178.424769
70
0
0
VERTEX
8
Sketch
10
264.792240
20
178.078358
70
0
0
VERTEX
8
Sketch
10
264.992240
20
177.731947
70
0
0
VERTEX
8
Sketch
10
265.392241
20
177.731947
70
0
0
VERTEX
8
Sketch
10
265.592241
20
178.078358
70
0
0
VERTEX
8
Sketch
10
265.592241
20
178.078358
70
0
0
SEQEND
8
Sketch
0
POLYLINE
8
Sketch
62
7
70
0
10
0.000000
20
0.000000
66
1
0
VERTEX
8
Sketch
10
265.592241
20
180.618355
70
0
0
VERTEX
8
Sketch
10
265.392241
20
180.964765
70
0
0
VERTEX
8
Sketch
10
264.992240
20
180.964765
70
0
0
VERTEX
8
Sketch
10
264.792240
20
180.618355
70
0
0
VERTEX
8
Sketch
10
264.992240
20
180.271944
70
0
0
VERTEX
8
Sketch
10
265.392241
20
180.271944
70
0
0
VERTEX
8
Sketch
10
265.592241
20
180.618355
70
0
0
VERTEX
8
Sketch
10
265.592241
20
180.618355
70
0
0
SEQEND
8
Sketch
0
POLYLINE
8
Sketch
62
7
70
0
10
0.000000
20
0.000000
66
1
0
VERTEX
8
Sketch
10
265.592241
20
185.698348
70
0
0
VERTEX
8
Sketch
10
265.392241
20
186.044759
70
0
0
VERTEX
8
Sketch
10
264.992240
20
186.044759
70
0
0
VERTEX
8
Sketch
10
264.792240
20
185.698348
70
0
0
VERTEX
8
Sketch
10
264.992240
20
185.351938
70
0
0
VERTEX
8
Sketch
10
265.392241
20
185.351938
70
0
0
VERTEX
8
Sketch
10
265.592241
20
185.698348
70
0
0
VERTEX
8
Sketch
10
265.592241
20
185.698348
70
0
0
SEQEND
8
Sketch
0
POLYLINE
8
Sketch
62
7
70
0
10
0.000000
20
0.000000
66
1
0
VERTEX
8
Sketch
10
265.592241
20
183.158352
70
0
0
VERTEX
8
Sketch
10
265.392241
20
183.504762
70
0
0
VERTEX
8
Sketch
10
264.992240
20
183.504762
70
0
0
VERTEX
8
Sketch
10
264.792240
20
183.158352
70
0
0
VERTEX
8
Sketch
10
264.992240
20
182.811941
70
0
0
VERTEX
8
Sketch
10
265.392241
20
182.811941
70
0
0
VERTEX
8
Sketch
10
265.592241
20
183.158352
70
0
0
VERTEX
8
Sketch
10
265.592241
20
183.158352
70
0
0
SEQEND
8
Sketch
0
POLYLINE
8
Sketch
62
7
70
0
10
0.000000
20
0.000000
66
1
0
VERTEX
8
Sketch
10
265.592241
20
188.238345
70
0
0
VERTEX
8
Sketch
10
265.392241
20
188.584756
70
0
0
VERTEX
8
Sketch
10
264.992240
20
188.584756
70
0
0
VERTEX
8
Sketch
10
264.792240
20
188.238345
70
0
0
VERTEX
8
Sketch
10
264.992240
20
187.891935
70
0
0
VERTEX
8
Sketch
10
265.392241
20
187.891935
70
0
0
VERTEX
8
Sketch
10
265.592241
20
188.238345
70
0
0
VERTEX
8
Sketch
10
265.592241
20
188.238345
70
0
0
SEQEND
8
Sketch
0
POLYLINE
8
Sketch
62
7
70
0
10
0.000000
20
0.000000
66
1
0
VERTEX
8
Sketch
10
250.482652
20
103.347631
70
0
0
VERTEX
8
Sketch
10
250.365332
20
103.630175
70
0
0
VERTEX
8
Sketch
10
250.082653
20
103.747170
70
0
0
VERTEX
8
Sketch
10
249.799973
20
103.630175
70
0
0
VERTEX
8
Sketch
10
249.682653
20
103.347631
70
0
0
VERTEX
8
Sketch
10
249.799973
20
103.065086
70
0
0
VERTEX
8
Sketch
10
250.082653
20
102.948091
70
0
0
VERTEX
8
Sketch
10
250.365332
20
103.065086
70
0
0
VERTEX
8
Sketch
10
250.482652
20
103.347631
70
0
0
VERTEX
8
Sketch
10
250.482652
20
103.347631
70
0
0
SEQEND
8
Sketch
0
POLYLINE
8
Sketch
62
7
70
0
10
0.000000
20
0.000000
66
1
0
VERTEX
8
Sketch
10
251.351384
20
105.734434
70
0
0
VERTEX
8
Sketch
10
251.151383
20
106.080844
70
0
0
VERTEX
8
Sketch
10
250.751383
20
106.080844
70
0
0
VERTEX
8
Sketch
10
250.551383
20
105.734434
70
0
0
VERTEX
8
Sketch
10
250.751383
20
105.388023
70
0
0
VERTEX
8
Sketch
10
251.151383
20
105.388023
70
0
0
VERTEX
8
Sketch
10
251.351384
20
105.734434
70
0
0
VERTEX
8
Sketch
10
251.351384
20
105.734434
70
0
0
SEQEND
8
Sketch
0
POLYLINE
8
Sketch
62
7
70
0
10
0.000000
20
0.000000
66
1
0
VERTEX
8
Sketch
10
252.220113
20
108.121263
70
0
0
VERTEX
8
Sketch
10
252.102793
20
108.403808
70
0
0
VERTEX
8
Sketch
10
251.820114
20
108.520803
70
0
0
VERTEX
8
Sketch
10
251.537434
20
108.403808
70
0
0
VERTEX
8
Sketch
10
251.420114
20
108.121263
70
0
0
VERTEX
8
Sketch
10
251.537434
20
107.838719
70
0
0
VERTEX
8
Sketch
10
251.820114
20
107.721724
70
0
0
VERTEX
8
Sketch
10
252.102793
20
107.838719
70
0
0
VERTEX
8
Sketch
10
252.220113
20
108.121263
70
0
0
VERTEX
8
Sketch
10
252.220113
20
108.121263
70
0
0
SEQEND
8
Sketch
0
POLYLINE
8
Sketch
62
7
70
0
10
0.000000
20
0.000000
66
1
0
VERTEX
8
Sketch
10
253.088842
20
110.508067
70
0
0
VERTEX
8
Sketch
10
252.971522
20
110.790612
70
0
0
VERTEX
8
Sketch
10
252.688843
20
110.907606
70
0
0
VERTEX
8
Sketch
10
252.406163
20
110.790612
70
0
0
VERTEX
8
Sketch
10
252.288844
20
110.508067
70
0
0
VERTEX
8
Sketch
10
252.406163
20
110.225522
70
0
0
VERTEX
8
Sketch
10
252.688843
20
110.108527
70
0
0
VERTEX
8
Sketch
10
252.971522
20
110.225522
70
0
0
VERTEX
8
Sketch
10
253.088842
20
110.508067
70
0
0
VERTEX
8
Sketch
10
253.088842
20
110.508067
70
0
0
SEQEND
8
Sketch
0
POLYLINE
8
Sketch
62
7
70
0
10
0.000000
20
0.000000
66
1
0
VERTEX
8
Sketch
10
253.957571
20
112.894896
70
0
0
VERTEX
8
Sketch
10
253.840252
20
113.177441
70
0
0
VERTEX
8
Sketch
10
253.557572
20
113.294436
70
0
0
VERTEX
8
Sketch
10
253.274892
20
113.177441
70
0
0
VERTEX
8
Sketch
10
253.157573
20
112.894896
70
0
0
VERTEX
8
Sketch
10
253.274892
20
112.612352
70
0
0
VERTEX
8
Sketch
10
253.557572
20
112.495357
70
0
0
VERTEX
8
Sketch
10
253.840252
20
112.612352
70
0
0
VERTEX
8
Sketch
10
253.957571
20
112.894896
70
0
0
VERTEX
8
Sketch
10
253.957571
20
112.894896
70
0
0
SEQEND
8
Sketch
0
POLYLINE
8
Sketch
62
7
70
0
10
0.000000
20
0.000000
66
1
0
VERTEX
8
Sketch
10
261.184449
20
132.750554
70
0
0
VERTEX
8
Sketch
10
261.067130
20
133.033099
70
0
0
VERTEX
8
Sketch
10
260.784450
20
133.150094
70
0
0
VERTEX
8
Sketch
10
260.501771
20
133.033099
70
0
0
VERTEX
8
Sketch
10
260.384451
20
132.750554
70
0
0
VERTEX
8
Sketch
10
260.501771
20
132.468009
70
0
0
VERTEX
8
Sketch
10
260.784450
20
132.351015
70
0
0
VERTEX
8
Sketch
10
261.067130
20
132.468009
70
0
0
VERTEX
8
Sketch
10
261.184449
20
132.750554
70
0
0
VERTEX
8
Sketch
10
261.184449
20
132.750554
70
0
0
SEQEND
8
Sketch
0
POLYLINE
8
Sketch
62
7
70
0
10
0.000000
20
0.000000
66
1
0
VERTEX
8
Sketch
10
262.053179
20
135.137384
70
0
0
VERTEX
8
Sketch
10
261.935823
20
135.419862
70
0
0
VERTEX
8
Sketch
10
261.653179
20
135.536820
70
0
0
VERTEX
8
Sketch
10
261.370536
20
135.419862
70
0
0
VERTEX
8
Sketch
10
261.253180
20
135.137384
70
0
0
VERTEX
8
Sketch
10
261.370536
20
134.854906
70
0
0
VERTEX
8
Sketch
10
261.653179
20
134.737948
70
0
0
VERTEX
8
Sketch
10
261.935823
20
134.854906
70
0
0
VERTEX
8
Sketch
10
262.053179
20
135.137384
70
0
0
VERTEX
8
Sketch
10
262.053179
20
135.137384
70
0
0
SEQEND
8
Sketch
0
POLYLINE
8
Sketch
62
7
70
0
10
0.000000
20
0.000000
66
1
0
VERTEX
8
Sketch
10
263.790640
20
139.911017
70
0
0
VERTEX
8
Sketch
10
263.673320
20
140.193562
70
0
0
VERTEX
8
Sketch
10
263.390640
20
140.310556
70
0
0
VERTEX
8
Sketch
10
263.107961
20
140.193562
70
0
0
VERTEX
8
Sketch
10
262.990641
20
139.911017
70
0
0
VERTEX
8
Sketch
10
263.107961
20
139.628472
70
0
0
VERTEX
8
Sketch
10
263.390640
20
139.511477
70
0
0
VERTEX
8
Sketch
10
263.673320
20
139.628472
70
0
0
VERTEX
8
Sketch
10
263.790640
20
139.911017
70
0
0
VERTEX
8
Sketch
10
263.790640
20
139.911017
70
0
0
SEQEND
8
Sketch
0
POLYLINE
8
Sketch
62
7
70
0
10
0.000000
20
0.000000
66
1
0
VERTEX
8
Sketch
10
262.921910
20
137.524187
70
0
0
VERTEX
8
Sketch
10
262.804591
20
137.806732
70
0
0
VERTEX
8
Sketch
10
262.521911
20
137.923726
70
0
0
VERTEX
8
Sketch
10
262.239232
20
137.806732
70
0
0
VERTEX
8
Sketch
10
262.121912
20
137.524187
70
0
0
VERTEX
8
Sketch
10
262.239232
20
137.241642
70
0
0
VERTEX
8
Sketch
10
262.521911
20
137.124648
70
0
0
VERTEX
8
Sketch
10
262.804591
20
137.241642
70
0
0
VERTEX
8
Sketch
10
262.921910
20
137.524187
70
0
0
VERTEX
8
Sketch
10
262.921910
20
137.524187
70
0
0
SEQEND
8
Sketch
0
POLYLINE
8
Sketch
62
7
70
0
10
0.000000
20
0.000000
66
1
0
VERTEX
8
Sketch
10
264.659369
20
142.297820
70
0
0
VERTEX
8
Sketch
10
264.542049
20
142.580365
70
0
0
VERTEX
8
Sketch
10
264.259370
20
142.697359
70
0
0
VERTEX
8
Sketch
10
263.976690
20
142.580365
70
0
0
VERTEX
8
Sketch
10
263.859370
20
142.297820
70
0
0
VERTEX
8
Sketch
10
263.976690
20
142.015275
70
0
0
VERTEX
8
Sketch
10
264.259370
20
141.898281
70
0
0
VERTEX
8
Sketch
10
264.542049
20
142.015275
70
0
0
VERTEX
8
Sketch
10
264.659369
20
142.297820
70
0
0
VERTEX
8
Sketch
10
264.659369
20
142.297820
70
0
0
SEQEND
8
Sketch
0
POLYLINE
8
Sketch
62
7
70
0
10
0.000000
20
0.000000
66
1
0
VERTEX
8
Sketch
10
221.426663
20
67.694436
70
0
0
VERTEX
8
Sketch
10
221.309343
20
67.976981
70
0
0
VERTEX
8
Sketch
10
221.026663
20
68.093976
70
0
0
VERTEX
8
Sketch
10
220.743984
20
67.976981
70
0
0
VERTEX
8
Sketch
10
220.626664
20
67.694436
70
0
0
VERTEX
8
Sketch
10
220.743984
20
67.411891
70
0
0
VERTEX
8
Sketch
10
221.026663
20
67.294897
70
0
0
VERTEX
8
Sketch
10
221.309343
20
67.411891
70
0
0
VERTEX
8
Sketch
10
221.426663
20
67.694436
70
0
0
VERTEX
8
Sketch
10
221.426663
20
67.694436
70
0
0
SEQEND
8
Sketch
0
POLYLINE
8
Sketch
62
7
70
0
10
0.000000
20
0.000000
66
1
0
VERTEX
8
Sketch
10
223.059343
20
69.640180
70
0
0
VERTEX
8
Sketch
10
222.859343
20
69.986590
70
0
0
VERTEX
8
Sketch
10
222.459343
20
69.986590
70
0
0
VERTEX
8
Sketch
10
222.259342
20
69.640180
70
0
0
VERTEX
8
Sketch
10
222.459343
20
69.293769
70
0
0
VERTEX
8
Sketch
10
222.859343
20
69.293769
70
0
0
VERTEX
8
Sketch
10
223.059343
20
69.640180
70
0
0
VERTEX
8
Sketch
10
223.059343
20
69.640180
70
0
0
SEQEND
8
Sketch
0
POLYLINE
8
Sketch
62
7
70
0
10
0.000000
20
0.000000
66
1
0
VERTEX
8
Sketch
10
224.692022
20
71.585923
70
0
0
VERTEX
8
Sketch
10
224.574864
20
71.868766
70
0
0
VERTEX
8
Sketch
10
224.292021
20
71.985923
70
0
0
VERTEX
8
Sketch
10
224.009178
20
71.868766
70
0
0
VERTEX
8
Sketch
10
223.892021
20
71.585923
70
0
0
VERTEX
8
Sketch
10
224.092021
20
71.239512
70
0
0
VERTEX
8
Sketch
10
224.492021
20
71.239512
70
0
0
VERTEX
8
Sketch
10
224.692022
20
71.585923
70
0
0
VERTEX
8
Sketch
10
224.692022
20
71.585923
70
0
0
SEQEND
8
Sketch
0
POLYLINE
8
Sketch
62
7
70
0
10
0.000000
20
0.000000
66
1
0
VERTEX
8
Sketch
10
226.324700
20
73.531666
70
0
0
VERTEX
8
Sketch
10
226.207380
20
73.814211
70
0
0
VERTEX
8
Sketch
10
225.924701
20
73.931206
70
0
0
VERTEX
8
Sketch
10
225.642021
20
73.814211
70
0
0
VERTEX
8
Sketch
10
225.524701
20
73.531666
70
0
0
VERTEX
8
Sketch
10
225.642021
20
73.249122
70
0
0
VERTEX
8
Sketch
10
225.924701
20
73.132127
70
0
0
VERTEX
8
Sketch
10
226.207380
20
73.249122
70
0
0
VERTEX
8
Sketch
10
226.324700
20
73.531666
70
0
0
VERTEX
8
Sketch
10
226.324700
20
73.531666
70
0
0
SEQEND
8
Sketch
0
POLYLINE
8
Sketch
62
7
70
0
10
0.000000
20
0.000000
66
1
0
VERTEX
8
Sketch
10
227.957378
20
75.477436
70
0
0
VERTEX
8
Sketch
10
227.840058
20
75.759981
70
0
0
VERTEX
8
Sketch
10
227.557379
20
75.876976
70
0
0
VERTEX
8
Sketch
10
227.274699
20
75.759981
70
0
0
VERTEX
8
Sketch
10
227.157380
20
75.477436
70
0
0
VERTEX
8
Sketch
10
227.274699
20
75.194891
70
0
0
VERTEX
8
Sketch
10
227.557379
20
75.077897
70
0
0
VERTEX
8
Sketch
10
227.840058
20
75.194891
70
0
0
VERTEX
8
Sketch
10
227.957378
20
75.477436
70
0
0
VERTEX
8
Sketch
10
227.957378
20
75.477436
70
0
0
SEQEND
8
Sketch
0
POLYLINE
8
Sketch
62
7
70
0
10
0.000000
20
0.000000
66
1
0
VERTEX
8
Sketch
10
241.539463
20
91.663936
70
0
0
VERTEX
8
Sketch
10
241.422144
20
91.946481
70
0
0
VERTEX
8
Sketch
10
241.139464
20
92.063476
70
0
0
VERTEX
8
Sketch
10
240.856784
20
91.946481
70
0
0
VERTEX
8
Sketch
10
240.739465
20
91.663936
70
0
0
VERTEX
8
Sketch
10
240.856784
20
91.381391
70
0
0
VERTEX
8
Sketch
10
241.139464
20
91.264397
70
0
0
VERTEX
8
Sketch
10
241.422144
20
91.381391
70
0
0
VERTEX
8
Sketch
10
241.539463
20
91.663936
70
0
0
VERTEX
8
Sketch
10
241.539463
20
91.663936
70
0
0
SEQEND
8
Sketch
0
POLYLINE
8
Sketch
62
7
70
0
10
0.000000
20
0.000000
66
1
0
VERTEX
8
Sketch
10
243.172141
20
93.609680
70
0
0
VERTEX
8
Sketch
10
243.054822
20
93.892225
70
0
0
VERTEX
8
Sketch
10
242.772142
20
94.009219
70
0
0
VERTEX
8
Sketch
10
242.489463
20
93.892225
70
0
0
VERTEX
8
Sketch
10
242.372143
20
93.609680
70
0
0
VERTEX
8
Sketch
10
242.489463
20
93.327135
70
0
0
VERTEX
8
Sketch
10
242.772142
20
93.210140
70
0
0
VERTEX
8
Sketch
10
243.054822
20
93.327135
70
0
0
VERTEX
8
Sketch
10
243.172141
20
93.609680
70
0
0
VERTEX
8
Sketch
10
243.172141
20
93.609680
70
0
0
SEQEND
8
Sketch
0
POLYLINE
8
Sketch
62
7
70
0
10
0.000000
20
0.000000
66
1
0
VERTEX
8
Sketch
10
246.437498
20
97.501166
70
0
0
VERTEX
8
Sketch
10
246.320178
20
97.783711
70
0
0
VERTEX
8
Sketch
10
246.037499
20
97.900706
70
0
0
VERTEX
8
Sketch
10
245.754819
20
97.783711
70
0
0
VERTEX
8
Sketch
10
245.637499
20
97.501166
70
0
0
VERTEX
8
Sketch
10
245.754819
20
97.218622
70
0
0
VERTEX
8
Sketch
10
246.037499
20
97.101627
70
0
0
VERTEX
8
Sketch
10
246.320178
20
97.218622
70
0
0
VERTEX
8
Sketch
10
246.437498
20
97.501166
70
0
0
VERTEX
8
Sketch
10
246.437498
20
97.501166
70
0
0
SEQEND
8
Sketch
0
POLYLINE
8
Sketch
62
7
70
0
10
0.000000
20
0.000000
66
1
0
VERTEX
8
Sketch
10
244.804820
20
95.555423
70
0
0
VERTEX
8
Sketch
10
244.687500
20
95.837968
70
0
0
VERTEX
8
Sketch
10
244.404820
20
95.954962
70
0
0
VERTEX
8
Sketch
10
244.122141
20
95.837968
70
0
0
VERTEX
8
Sketch
10
244.004821
20
95.555423
70
0
0
VERTEX
8
Sketch
10
244.122141
20
95.272878
70
0
0
VERTEX
8
Sketch
10
244.404820
20
95.155884
70
0
0
VERTEX
8
Sketch
10
244.687500
20
95.272878
70
0
0
VERTEX
8
Sketch
10
244.804820
20
95.555423
70
0
0
VERTEX
8
Sketch
10
244.804820
20
95.555423
70
0
0
SEQEND
8
Sketch
0
POLYLINE
8
Sketch
62
7
70
0
10
0.000000
20
0.000000
66
1
0
VERTEX
8
Sketch
10
248.070176
20
99.446936
70
0
0
VERTEX
8
Sketch
10
247.952856
20
99.729481
70
0
0
VERTEX
8
Sketch
10
247.670177
20
99.846476
70
0
0
VERTEX
8
Sketch
10
247.387497
20
99.729481
70
0
0
VERTEX
8
Sketch
10
247.270178
20
99.446936
70
0
0
VERTEX
8
Sketch
10
247.387497
20
99.164391
70
0
0
VERTEX
8
Sketch
10
247.670177
20
99.047397
70
0
0
VERTEX
8
Sketch
10
247.952856
20
99.164391
70
0
0
VERTEX
8
Sketch
10
248.070176
20
99.446936
70
0
0
VERTEX
8
Sketch
10
248.070176
20
99.446936
70
0
0
SEQEND
8
Sketch
0
POLYLINE
8
Sketch
62
7
70
0
10
0.000000
20
0.000000
66
1
0
VERTEX
8
Sketch
10
181.928855
20
44.129113
70
0
0
VERTEX
8
Sketch
10
181.728855
20
44.475524
70
0
0
VERTEX
8
Sketch
10
181.328854
20
44.475524
70
0
0
VERTEX
8
Sketch
10
181.128854
20
44.129113
70
0
0
VERTEX
8
Sketch
10
181.328854
20
43.782703
70
0
0
VERTEX
8
Sketch
10
181.728855
20
43.782703
70
0
0
VERTEX
8
Sketch
10
181.928855
20
44.129113
70
0
0
VERTEX
8
Sketch
10
181.928855
20
44.129113
70
0
0
SEQEND
8
Sketch
0
POLYLINE
8
Sketch
62
7
70
0
10
0.000000
20
0.000000
66
1
0
VERTEX
8
Sketch
10
184.128556
20
45.399112
70
0
0
VERTEX
8
Sketch
10
184.011236
20
45.681657
70
0
0
VERTEX
8
Sketch
10
183.728557
20
45.798651
70
0
0
VERTEX
8
Sketch
10
183.445877
20
45.681657
70
0
0
VERTEX
8
Sketch
10
183.328557
20
45.399112
70
0
0
VERTEX
8
Sketch
10
183.445877
20
45.116567
70
0
0
VERTEX
8
Sketch
10
183.728557
20
44.999572
70
0
0
VERTEX
8
Sketch
10
184.011236
20
45.116567
70
0
0
VERTEX
8
Sketch
10
184.128556
20
45.399112
70
0
0
VERTEX
8
Sketch
10
184.128556
20
45.399112
70
0
0
SEQEND
8
Sketch
0
POLYLINE
8
Sketch
62
7
70
0
10
0.000000
20
0.000000
66
1
0
VERTEX
8
Sketch
10
186.328257
20
46.669110
70
0
0
VERTEX
8
Sketch
10
186.210937
20
46.951655
70
0
0
VERTEX
8
Sketch
10
185.928257
20
47.068649
70
0
0
VERTEX
8
Sketch
10
185.645578
20
46.951655
70
0
0
VERTEX
8
Sketch
10
185.528258
20
46.669110
70
0
0
VERTEX
8
Sketch
10
185.645578
20
46.386565
70
0
0
VERTEX
8
Sketch
10
185.928257
20
46.269571
70
0
0
VERTEX
8
Sketch
10
186.210937
20
46.386565
70
0
0
VERTEX
8
Sketch
10
186.328257
20
46.669110
70
0
0
VERTEX
8
Sketch
10
186.328257
20
46.669110
70
0
0
SEQEND
8
Sketch
0
POLYLINE
8
Sketch
62
7
70
0
10
0.000000
20
0.000000
66
1
0
VERTEX
8
Sketch
10
188.527960
20
47.939108
70
0
0
VERTEX
8
Sketch
10
188.410640
20
48.221653
70
0
0
VERTEX
8
Sketch
10
188.127961
20
48.338648
70
0
0
VERTEX
8
Sketch
10
187.845281
20
48.221653
70
0
0
VERTEX
8
Sketch
10
187.727962
20
47.939108
70
0
0
VERTEX
8
Sketch
10
187.845281
20
47.656564
70
0
0
VERTEX
8
Sketch
10
188.127961
20
47.539569
70
0
0
VERTEX
8
Sketch
10
188.410640
20
47.656564
70
0
0
VERTEX
8
Sketch
10
188.527960
20
47.939108
70
0
0
VERTEX
8
Sketch
10
188.527960
20
47.939108
70
0
0
SEQEND
8
Sketch
0
POLYLINE
8
Sketch
62
7
70
0
10
0.000000
20
0.000000
66
1
0
VERTEX
8
Sketch
10
190.727661
20
49.209107
70
0
0
VERTEX
8
Sketch
10
190.610341
20
49.491652
70
0
0
VERTEX
8
Sketch
10
190.327662
20
49.608646
70
0
0
VERTEX
8
Sketch
10
190.044982
20
49.491652
70
0
0
VERTEX
8
Sketch
10
189.927662
20
49.209107
70
0
0
VERTEX
8
Sketch
10
190.044982
20
48.926562
70
0
0
VERTEX
8
Sketch
10
190.327662
20
48.809567
70
0
0
VERTEX
8
Sketch
10
190.610341
20
48.926562
70
0
0
VERTEX
8
Sketch
10
190.727661
20
49.209107
70
0
0
VERTEX
8
Sketch
10
190.727661
20
49.209107
70
0
0
SEQEND
8
Sketch
0
POLYLINE
8
Sketch
62
7
70
0
10
0.000000
20
0.000000
66
1
0
VERTEX
8
Sketch
10
209.026755
20
59.774091
70
0
0
VERTEX
8
Sketch
10
208.909436
20
60.056636
70
0
0
VERTEX
8
Sketch
10
208.626756
20
60.173631
70
0
0
VERTEX
8
Sketch
10
208.344077
20
60.056636
70
0
0
VERTEX
8
Sketch
10
208.226757
20
59.774091
70
0
0
VERTEX
8
Sketch
10
208.344077
20
59.491546
70
0
0
VERTEX
8
Sketch
10
208.626756
20
59.374552
70
0
0
VERTEX
8
Sketch
10
208.909436
20
59.491546
70
0
0
VERTEX
8
Sketch
10
209.026755
20
59.774091
70
0
0
VERTEX
8
Sketch
10
209.026755
20
59.774091
70
0
0
SEQEND
8
Sketch
0
POLYLINE
8
Sketch
62
7
70
0
10
0.000000
20
0.000000
66
1
0
VERTEX
8
Sketch
10
211.226456
20
61.044090
70
0
0
VERTEX
8
Sketch
10
211.109137
20
61.326635
70
0
0
VERTEX
8
Sketch
10
210.826457
20
61.443629
70
0
0
VERTEX
8
Sketch
10
210.543777
20
61.326635
70
0
0
VERTEX
8
Sketch
10
210.426458
20
61.044090
70
0
0
VERTEX
8
Sketch
10
210.543777
20
60.761545
70
0
0
VERTEX
8
Sketch
10
210.826457
20
60.644550
70
0
0
VERTEX
8
Sketch
10
211.109137
20
60.761545
70
0
0
VERTEX
8
Sketch
10
211.226456
20
61.044090
70
0
0
VERTEX
8
Sketch
10
211.226456
20
61.044090
70
0
0
SEQEND
8
Sketch
0
POLYLINE
8
Sketch
62
7
70
0
10
0.000000
20
0.000000
66
1
0
VERTEX
8
Sketch
10
215.625860
20
63.584086
70
0
0
VERTEX
8
Sketch
10
215.508541
20
63.866631
70
0
0
VERTEX
8
Sketch
10
215.225861
20
63.983626
70
0
0
VERTEX
8
Sketch
10
214.943181
20
63.866631
70
0
0
VERTEX
8
Sketch
10
214.825862
20
63.584086
70
0
0
VERTEX
8
Sketch
10
214.943181
20
63.301542
70
0
0
VERTEX
8
Sketch
10
215.225861
20
63.184547
70
0
0
VERTEX
8
Sketch
10
215.508541
20
63.301542
70
0
0
VERTEX
8
Sketch
10
215.625860
20
63.584086
70
0
0
VERTEX
8
Sketch
10
215.625860
20
63.584086
70
0
0
SEQEND
8
Sketch
0
POLYLINE
8
Sketch
62
7
70
0
10
0.000000
20
0.000000
66
1
0
VERTEX
8
Sketch
10
213.426160
20
62.314088
70
0
0
VERTEX
8
Sketch
10
213.226159
20
62.660499
70
0
0
VERTEX
8
Sketch
10
212.826159
20
62.660499
70
0
0
VERTEX
8
Sketch
10
212.626158
20
62.314088
70
0
0
VERTEX
8
Sketch
10
212.826159
20
61.967677
70
0
0
VERTEX
8
Sketch
10
213.226159
20
61.967677
70
0
0
VERTEX
8
Sketch
10
213.426160
20
62.314088
70
0
0
VERTEX
8
Sketch
10
213.426160
20
62.314088
70
0
0
SEQEND
8
Sketch
0
POLYLINE
8
Sketch
62
7
70
0
10
0.000000
20
0.000000
66
1
0
VERTEX
8
Sketch
10
217.825561
20
64.854085
70
0
0
VERTEX
8
Sketch
10
217.708241
20
65.136630
70
0
0
VERTEX
8
Sketch
10
217.425562
20
65.253624
70
0
0
VERTEX
8
Sketch
10
217.142882
20
65.136630
70
0
0
VERTEX
8
Sketch
10
217.025563
20
64.854085
70
0
0
VERTEX
8
Sketch
10
217.142882
20
64.571540
70
0
0
VERTEX
8
Sketch
10
217.425562
20
64.454545
70
0
0
VERTEX
8
Sketch
10
217.708241
20
64.571540
70
0
0
VERTEX
8
Sketch
10
217.825561
20
64.854085
70
0
0
VERTEX
8
Sketch
10
217.825561
20
64.854085
70
0
0
SEQEND
8
Sketch
0
POLYLINE
8
Sketch
62
7
70
0
10
0.000000
20
0.000000
66
1
0
VERTEX
8
Sketch
10
136.753244
20
35.494024
70
0
0
VERTEX
8
Sketch
10
136.553244
20
35.840433
70
0
0
VERTEX
8
Sketch
10
136.153245
20
35.840433
70
0
0
VERTEX
8
Sketch
10
135.953245
20
35.494024
70
0
0
VERTEX
8
Sketch
10
136.153245
20
35.147614
70
0
0
VERTEX
8
Sketch
10
136.553244
20
35.147614
70
0
0
VERTEX
8
Sketch
10
136.753244
20
35.494024
70
0
0
VERTEX
8
Sketch
10
136.753244
20
35.494024
70
0
0
SEQEND
8
Sketch
0
POLYLINE
8
Sketch
62
7
70
0
10
0.000000
20
0.000000
66
1
0
VERTEX
8
Sketch
10
139.254652
20
35.935084
70
0
0
VERTEX
8
Sketch
10
139.054653
20
36.281493
70
0
0
VERTEX
8
Sketch
10
138.654653
20
36.281493
70
0
0
VERTEX
8
Sketch
10
138.454653
20
35.935084
70
0
0
VERTEX
8
Sketch
10
138.654653
20
35.588674
70
0
0
VERTEX
8
Sketch
10
139.054653
20
35.588674
70
0
0
VERTEX
8
Sketch
10
139.254652
20
35.935084
70
0
0
VERTEX
8
Sketch
10
139.254652
20
35.935084
70
0
0
SEQEND
8
Sketch
0
POLYLINE
8
Sketch
62
7
70
0
10
0.000000
20
0.000000
66
1
0
VERTEX
8
Sketch
10
141.756061
20
36.376143
70
0
0
VERTEX
8
Sketch
10
141.556061
20
36.722553
70
0
0
VERTEX
8
Sketch
10
141.156061
20
36.722553
70
0
0
VERTEX
8
Sketch
10
140.956062
20
36.376143
70
0
0
VERTEX
8
Sketch
10
141.156061
20
36.029734
70
0
0
VERTEX
8
Sketch
10
141.556061
20
36.029734
70
0
0
VERTEX
8
Sketch
10
141.756061
20
36.376143
70
0
0
VERTEX
8
Sketch
10
141.756061
20
36.376143
70
0
0
SEQEND
8
Sketch
0
POLYLINE
8
Sketch
62
7
70
0
10
0.000000
20
0.000000
66
1
0
VERTEX
8
Sketch
10
144.257469
20
36.817203
70
0
0
VERTEX
8
Sketch
10
144.057470
20
37.163613
70
0
0
VERTEX
8
Sketch
10
143.657470
20
37.163613
70
0
0
VERTEX
8
Sketch
10
143.457470
20
36.817203
70
0
0
VERTEX
8
Sketch
10
143.657470
20
36.470794
70
0
0
VERTEX
8
Sketch
10
144.057470
20
36.470794
70
0
0
VERTEX
8
Sketch
10
144.257469
20
36.817203
70
0
0
VERTEX
8
Sketch
10
144.257469
20
36.817203
70
0
0
SEQEND
8
Sketch
0
POLYLINE
8
Sketch
62
7
70
0
10
0.000000
20
0.000000
66
1
0
VERTEX
8
Sketch
10
146.758878
20
37.258263
70
0
0
VERTEX
8
Sketch
10
146.558878
20
37.604673
70
0
0
VERTEX
8
Sketch
10
146.158879
20
37.604673
70
0
0
VERTEX
8
Sketch
10
145.958879
20
37.258263
70
0
0
VERTEX
8
Sketch
10
146.158879
20
36.911853
70
0
0
VERTEX
8
Sketch
10
146.558878
20
36.911853
70
0
0
VERTEX
8
Sketch
10
146.758878
20
37.258263
70
0
0
VERTEX
8
Sketch
10
146.758878
20
37.258263
70
0
0
SEQEND
8
Sketch
0
POLYLINE
8
Sketch
62
7
70
0
10
0.000000
20
0.000000
66
1
0
VERTEX
8
Sketch
10
167.567840
20
40.927447
70
0
0
VERTEX
8
Sketch
10
167.367840
20
41.273858
70
0
0
VERTEX
8
Sketch
10
166.967839
20
41.273858
70
0
0
VERTEX
8
Sketch
10
166.767839
20
40.927447
70
0
0
VERTEX
8
Sketch
10
166.967839
20
40.581037
70
0
0
VERTEX
8
Sketch
10
167.367840
20
40.581037
70
0
0
VERTEX
8
Sketch
10
167.567840
20
40.927447
70
0
0
VERTEX
8
Sketch
10
167.567840
20
40.927447
70
0
0
SEQEND
8
Sketch
0
POLYLINE
8
Sketch
62
7
70
0
10
0.000000
20
0.000000
66
1
0
VERTEX
8
Sketch
10
170.069248
20
41.368534
70
0
0
VERTEX
8
Sketch
10
169.951928
20
41.651078
70
0
0
VERTEX
8
Sketch
10
169.669248
20
41.768073
70
0
0
VERTEX
8
Sketch
10
169.386569
20
41.651078
70
0
0
VERTEX
8
Sketch
10
169.269249
20
41.368534
70
0
0
VERTEX
8
Sketch
10
169.386569
20
41.085989
70
0
0
VERTEX
8
Sketch
10
169.669248
20
40.968994
70
0
0
VERTEX
8
Sketch
10
169.951928
20
41.085989
70
0
0
VERTEX
8
Sketch
10
170.069248
20
41.368534
70
0
0
VERTEX
8
Sketch
10
170.069248
20
41.368534
70
0
0
SEQEND
8
Sketch
0
POLYLINE
8
Sketch
62
7
70
0
10
0.000000
20
0.000000
66
1
0
VERTEX
8
Sketch
10
175.072065
20
42.250653
70
0
0
VERTEX
8
Sketch
10
174.954745
20
42.533198
70
0
0
VERTEX
8
Sketch
10
174.672066
20
42.650193
70
0
0
VERTEX
8
Sketch
10
174.389386
20
42.533198
70
0
0
VERTEX
8
Sketch
10
174.272067
20
42.250653
70
0
0
VERTEX
8
Sketch
10
174.389386
20
41.968108
70
0
0
VERTEX
8
Sketch
10
174.672066
20
41.851114
70
0
0
VERTEX
8
Sketch
10
174.954745
20
41.968108
70
0
0
VERTEX
8
Sketch
10
175.072065
20
42.250653
70
0
0
VERTEX
8
Sketch
10
175.072065
20
42.250653
70
0
0
SEQEND
8
Sketch
0
POLYLINE
8
Sketch
62
7
70
0
10
0.000000
20
0.000000
66
1
0
VERTEX
8
Sketch
10
172.570655
20
41.809593
70
0
0
VERTEX
8
Sketch
10
172.453335
20
42.092138
70
0
0
VERTEX
8
Sketch
10
172.170656
20
42.209133
70
0
0
VERTEX
8
Sketch
10
171.887976
20
42.092138
70
0
0
VERTEX
8
Sketch
10
171.770657
20
41.809593
70
0
0
VERTEX
8
Sketch
10
171.887976
20
41.527049
70
0
0
VERTEX
8
Sketch
10
172.170656
20
41.410054
70
0
0
VERTEX
8
Sketch
10
172.453335
20
41.527049
70
0
0
VERTEX
8
Sketch
10
172.570655
20
41.809593
70
0
0
VERTEX
8
Sketch
10
172.570655
20
41.809593
70
0
0
SEQEND
8
Sketch
0
POLYLINE
8
Sketch
62
7
70
0
10
0.000000
20
0.000000
66
1
0
VERTEX
8
Sketch
10
177.573472
20
42.691713
70
0
0
VERTEX
8
Sketch
10
177.456153
20
42.974258
70
0
0
VERTEX
8
Sketch
10
177.173473
20
43.091253
70
0
0
VERTEX
8
Sketch
10
176.890794
20
42.974258
70
0
0
VERTEX
8
Sketch
10
176.773474
20
42.691713
70
0
0
VERTEX
8
Sketch
10
176.890794
20
42.409168
70
0
0
VERTEX
8
Sketch
10
177.173473
20
42.292174
70
0
0
VERTEX
8
Sketch
10
177.456153
20
42.409168
70
0
0
VERTEX
8
Sketch
10
177.573472
20
42.691713
70
0
0
VERTEX
8
Sketch
10
177.573472
20
42.691713
70
0
0
SEQEND
8
Sketch
0
POLYLINE
8
45.1
62
170
70
0
10
0.000000
20
0.000000
66
1
0
VERTEX
8
45.1
10
134.454930
20
292.913480
70
0
0
VERTEX
8
45.1
10
129.730371
20
292.824689
70
0
0
VERTEX
8
45.1
10
125.038874
20
292.560049
70
0
0
VERTEX
8
45.1
10
120.384329
20
292.122162
70
0
0
VERTEX
8
45.1
10
115.770629
20
291.513626
70
0
0
VERTEX
8
45.1
10
111.201664
20
290.737043
70
0
0
VERTEX
8
45.1
10
106.681328
20
289.795012
70
0
0
VERTEX
8
45.1
10
102.213510
20
288.690135
70
0
0
VERTEX
8
45.1
10
97.802104
20
287.425011
70
0
0
VERTEX
8
45.1
10
93.451000
20
286.002241
70
0
0
VERTEX
8
45.1
10
89.164091
20
284.424425
70
0
0
VERTEX
8
45.1
10
84.945268
20
282.694163
70
0
0
VERTEX
8
45.1
10
80.798423
20
280.814056
70
0
0
VERTEX
8
45.1
10
76.727446
20
278.786704
70
0
0
VERTEX
8
45.1
10
72.736231
20
276.614707
70
0
0
VERTEX
8
45.1
10
68.828669
20
274.300666
70
0
0
VERTEX
8
45.1
10
65.008651
20
271.847182
70
0
0
VERTEX
8
45.1
10
61.280069
20
269.256853
70
0
0
VERTEX
8
45.1
10
57.646814
20
266.532281
70
0
0
VERTEX
8
45.1
10
54.112779
20
263.676066
70
0
0
VERTEX
8
45.1
10
50.681855
20
260.690809
70
0
0
VERTEX
8
45.1
10
47.357934
20
257.579109
70
0
0
VERTEX
8
45.1
10
44.144907
20
254.343567
70
0
0
VERTEX
8
45.1
10
41.046665
20
250.986784
70
0
0
VERTEX
8
45.1
10
38.067102
20
247.511359
70
0
0
VERTEX
8
45.1
10
35.210108
20
243.919893
70
0
0
VERTEX
8
45.1
10
32.479575
20
240.214986
70
0
0
VERTEX
8
45.1
10
29.879394
20
236.399239
70
0
0
VERTEX
8
45.1
10
27.413458
20
232.475252
70
0
0
VERTEX
8
45.1
10
25.085657
20
228.445625
70
0
0
VERTEX
8
45.1
10
22.899884
20
224.312959
70
0
0
VERTEX
8
45.1
10
20.860031
20
220.079853
70
0
0
VERTEX
8
45.1
10
18.969988
20
215.748909
70
0
0
VERTEX
8
45.1
10
17.244010
20
211.350007
70
0
0
VERTEX
8
45.1
10
15.693147
20
206.914355
70
0
0
VERTEX
8
45.1
10
14.316485
20
202.446544
70
0
0
VERTEX
8
45.1
10
13.113112
20
197.951164
70
0
0
VERTEX
8
45.1
10
12.082115
20
193.432806
70
0
0
VERTEX
8
45.1
10
11.222579
20
188.896060
70
0
0
VERTEX
8
45.1
10
10.533593
20
184.345517
70
0
0
VERTEX
8
45.1
10
10.014243
20
179.785767
70
0
0
VERTEX
8
45.1
10
9.663616
20
175.221401
70
0
0
VERTEX
8
45.1
10
9.480799
20
170.657009
70
0
0
VERTEX
8
45.1
10
9.464879
20
166.097182
70
0
0
VERTEX
8
45.1
10
9.614942
20
161.546511
70
0
0
VERTEX
8
45.1
10
9.930076
20
157.009585
70
0
0
VERTEX
8
45.1
10
10.409368
20
152.490996
70
0
0
VERTEX
8
45.1
10
11.051903
20
147.995334
70
0
0
VERTEX
8
45.1
10
11.856770
20
143.527190
70
0
0
VERTEX
8
45.1
10
12.823055
20
139.091153
70
0
0
VERTEX
8
45.1
10
13.949845
20
134.691815
70
0
0
VERTEX
8
45.1
10
15.236226
20
130.333767
70
0
0
VERTEX
8
45.1
10
16.681287
20
126.021597
70
0
0
VERTEX
8
45.1
10
18.284113
20
121.759898
70
0
0
VERTEX
8
45.1
10
20.043792
20
117.553260
70
0
0
VERTEX
8
45.1
10
21.959410
20
113.406273
70
0
0
VERTEX
8
45.1
10
24.030054
20
109.323528
70
0
0
VERTEX
8
45.1
10
26.254812
20
105.309615
70
0
0
VERTEX
8
45.1
10
28.632769
20
101.369125
70
0
0
VERTEX
8
45.1
10
31.163014
20
97.506648
70
0
0
VERTEX
8
45.1
10
33.844632
20
93.726775
70
0
0
VERTEX
8
45.1
10
36.676712
20
90.034096
70
0
0
VERTEX
8
45.1
10
39.658338
20
86.433203
70
0
0
VERTEX
8
45.1
10
42.788600
20
82.928685
70
0
0
VERTEX
8
45.1
10
46.066582
20
79.525132
70
0
0
VERTEX
8
45.1
10
49.470135
20
76.247150
70
0
0
VERTEX
8
45.1
10
52.974653
20
73.116888
70
0
0
VERTEX
8
45.1
10
56.575546
20
70.135262
70
0
0
VERTEX
8
45.1
10
60.268225
20
67.303182
70
0
0
VERTEX
8
45.1
10
64.048098
20
64.621564
70
0
0
VERTEX
8
45.1
10
67.910575
20
62.091319
70
0
0
VERTEX
8
45.1
10
71.851065
20
59.713362
70
0
0
VERTEX
8
45.1
10
75.864978
20
57.488604
70
0
0
VERTEX
8
45.1
10
79.947723
20
55.417960
70
0
0
VERTEX
8
45.1
10
84.094710
20
53.502342
70
0
0
VERTEX
8
45.1
10
88.301348
20
51.742663
70
0
0
VERTEX
8
45.1
10
92.563047
20
50.139837
70
0
0
VERTEX
8
45.1
10
96.875217
20
48.694776
70
0
0
VERTEX
8
45.1
10
101.233265
20
47.408395
70
0
0
VERTEX
8
45.1
10
105.632603
20
46.281605
70
0
0
VERTEX
8
45.1
10
110.068640
20
45.315320
70
0
0
VERTEX
8
45.1
10
114.536784
20
44.510453
70
0
0
VERTEX
8
45.1
10
119.032446
20
43.867918
70
0
0
VERTEX
8
45.1
10
123.551035
20
43.388626
70
0
0
VERTEX
8
45.1
10
128.087961
20
43.073492
70
0
0
VERTEX
8
45.1
10
132.638632
20
42.923429
70
0
0
VERTEX
8
45.1
10
137.198459
20
42.939349
70
0
0
VERTEX
8
45.1
10
141.762851
20
43.122166
70
0
0
VERTEX
8
45.1
10
146.327217
20
43.472793
70
0
0
VERTEX
8
45.1
10
150.886967
20
43.992143
70
0
0
VERTEX
8
45.1
10
155.437510
20
44.681129
70
0
0
VERTEX
8
45.1
10
159.974256
20
45.540665
70
0
0
VERTEX
8
45.1
10
164.492614
20
46.571662
70
0
0
VERTEX
8
45.1
10
168.987994
20
47.775035
70
0
0
VERTEX
8
45.1
10
173.455805
20
49.151697
70
0
0
VERTEX
8
45.1
10
177.891457
20
50.702560
70
0
0
VERTEX
8
45.1
10
182.290359
20
52.428538
70
0
0
VERTEX
8
45.1
10
186.621303
20
54.318581
70
0
0
VERTEX
8
45.1
10
190.854409
20
56.358434
70
0
0
VERTEX
8
45.1
10
194.987075
20
58.544207
70
0
0
VERTEX
8
45.1
10
199.016702
20
60.872008
70
0
0
VERTEX
8
45.1
10
202.940689
20
63.337944
70
0
0
VERTEX
8
45.1
10
206.756436
20
65.938125
70
0
0
VERTEX
8
45.1
10
210.461343
20
68.668658
70
0
0
VERTEX
8
45.1
10
214.052809
20
71.525652
70
0
0
VERTEX
8
45.1
10
217.528234
20
74.505215
70
0
0
VERTEX
8
45.1
10
220.885017
20
77.603457
70
0
0
VERTEX
8
45.1
10
224.120559
20
80.816484
70
0
0
VERTEX
8
45.1
10
227.232259
20
84.140405
70
0
0
VERTEX
8
45.1
10
230.217516
20
87.571329
70
0
0
VERTEX
8
45.1
10
233.073731
20
91.105364
70
0
0
VERTEX
8
45.1
10
235.798303
20
94.738619
70
0
0
VERTEX
8
45.1
10
238.388632
20
98.467201
70
0
0
VERTEX
8
45.1
10
240.842116
20
102.287219
70
0
0
VERTEX
8
45.1
10
243.156157
20
106.194781
70
0
0
VERTEX
8
45.1
10
245.328154
20
110.185996
70
0
0
VERTEX
8
45.1
10
247.355506
20
114.256973
70
0
0
VERTEX
8
45.1
10
249.235613
20
118.403818
70
0
0
VERTEX
8
45.1
10
250.965875
20
122.622641
70
0
0
VERTEX
8
45.1
10
252.543691
20
126.909550
70
0
0
VERTEX
8
45.1
10
253.966461
20
131.260654
70
0
0
VERTEX
8
45.1
10
255.231585
20
135.672060
70
0
0
VERTEX
8
45.1
10
256.336462
20
140.139878
70
0
0
VERTEX
8
45.1
10
257.278493
20
144.660214
70
0
0
VERTEX
8
45.1
10
258.055076
20
149.229179
70
0
0
VERTEX
8
45.1
10
258.663612
20
153.842879
70
0
0
VERTEX
8
45.1
10
259.101499
20
158.497424
70
0
0
VERTEX
8
45.1
10
259.366139
20
163.188921
70
0
0
VERTEX
8
45.1
10
259.454930
20
167.913480
70
0
0
VERTEX
8
45.1
10
259.292281
20
174.345963
70
0
0
VERTEX
8
45.1
10
258.809569
20
180.694004
70
0
0
VERTEX
8
45.1
10
258.014649
20
186.949747
70
0
0
VERTEX
8
45.1
10
256.915374
20
193.105340
70
0
0
VERTEX
8
45.1
10
255.519599
20
199.152928
70
0
0
VERTEX
8
45.1
10
253.835177
20
205.084656
70
0
0
VERTEX
8
45.1
10
251.869963
20
210.892672
70
0
0
VERTEX
8
45.1
10
249.631810
20
216.569121
70
0
0
VERTEX
8
45.1
10
247.128573
20
222.106149
70
0
0
VERTEX
8
45.1
10
244.368105
20
227.495903
70
0
0
VERTEX
8
45.1
10
241.358260
20
232.730527
70
0
0
VERTEX
8
45.1
10
238.106893
20
237.802169
70
0
0
VERTEX
8
45.1
10
234.621857
20
242.702974
70
0
0
VERTEX
8
45.1
10
230.911007
20
247.425088
70
0
0
VERTEX
8
45.1
10
226.982196
20
251.960657
70
0
0
VERTEX
8
45.1
10
222.843278
20
256.301828
70
0
0
VERTEX
8
45.1
10
218.502107
20
260.440746
70
0
0
VERTEX
8
45.1
10
213.966538
20
264.369557
70
0
0
VERTEX
8
45.1
10
209.244424
20
268.080407
70
0
0
VERTEX
8
45.1
10
204.343619
20
271.565443
70
0
0
VERTEX
8
45.1
10
199.271977
20
274.816810
70
0
0
VERTEX
8
45.1
10
194.037353
20
277.826655
70
0
0
VERTEX
8
45.1
10
188.647599
20
280.587123
70
0
0
VERTEX
8
45.1
10
183.110571
20
283.090360
70
0
0
VERTEX
8
45.1
10
177.434122
20
285.328513
70
0
0
VERTEX
8
45.1
10
171.626106
20
287.293727
70
0
0
VERTEX
8
45.1
10
165.694378
20
288.978149
70
0
0
VERTEX
8
45.1
10
159.646790
20
290.373924
70
0
0
VERTEX
8
45.1
10
153.491197
20
291.473199
70
0
0
VERTEX
8
45.1
10
147.235454
20
292.268119
70
0
0
VERTEX
8
45.1
10
140.887413
20
292.750831
70
0
0
VERTEX
8
45.1
10
134.454930
20
292.913480
70
0
0
VERTEX
8
45.1
10
134.454930
20
292.913480
70
0
0
SEQEND
8
45.1
0
POLYLINE
8
45.1
62
170
70
0
10
0.000000
20
0.000000
66
1
0
VERTEX
8
45.1
10
131.795390
20
298.053821
70
0
0
VERTEX
8
45.1
10
131.065210
20
296.830640
70
0
0
VERTEX
8
45.1
10
131.795390
20
296.830640
70
0
0
VERTEX
8
45.1
10
131.795390
20
298.053821
70
0
0
SEQEND
8
45.1
0
POLYLINE
8
45.1
62
170
70
1
10
0.000000
20
0.000000
66
1
0
VERTEX
8
45.1
10
131.744190
20
298.339075
70
0
0
VERTEX
8
45.1
10
132.106950
20
298.339075
70
0
0
VERTEX
8
45.1
10
132.106950
20
296.830640
70
0
0
VERTEX
8
45.1
10
132.415460
20
296.830640
70
0
0
VERTEX
8
45.1
10
132.415460
20
296.576392
70
0
0
VERTEX
8
45.1
10
132.107000
20
296.576392
70
0
0
VERTEX
8
45.1
10
132.107000
20
296.024488
70
0
0
VERTEX
8
45.1
10
131.795390
20
296.024488
70
0
0
VERTEX
8
45.1
10
131.795390
20
296.576392
70
0
0
VERTEX
8
45.1
10
130.814060
20
296.576392
70
0
0
VERTEX
8
45.1
10
130.814060
20
296.872498
70
0
0
VERTEX
8
45.1
10
131.744190
20
298.339075
70
0
0
SEQEND
8
45.1
0
POLYLINE
8
45.1
62
170
70
0
10
0.000000
20
0.000000
66
1
0
VERTEX
8
45.1
10
132.888300
20
298.339075
70
0
0
VERTEX
8
45.1
10
134.060320
20
298.339075
70
0
0
VERTEX
8
45.1
10
134.060320
20
298.075525
70
0
0
VERTEX
8
45.1
10
133.173560
20
298.075525
70
0
0
VERTEX
8
45.1
10
133.173560
20
297.506568
70
0
0
VERTEX
8
45.1
10
133.306880
20
297.542225
70
0
0
VERTEX
8
45.1
10
133.443310
20
297.554627
70
0
0
VERTEX
8
45.1
10
134.013810
20
297.342237
70
0
0
VERTEX
8
45.1
10
134.224650
20
296.767078
70
0
0
VERTEX
8
45.1
10
134.002960
20
296.190369
70
0
0
VERTEX
8
45.1
10
133.399900
20
295.979529
70
0
0
VERTEX
8
45.1
10
133.061930
20
296.004334
70
0
0
VERTEX
8
45.1
10
132.789080
20
296.078748
70
0
0
VERTEX
8
45.1
10
132.789080
20
296.396558
70
0
0
VERTEX
8
45.1
10
133.075890
20
296.280286
70
0
0
VERTEX
8
45.1
10
133.370440
20
296.243079
70
0
0
VERTEX
8
45.1
10
133.768870
20
296.379505
70
0
0
VERTEX
8
45.1
10
133.909940
20
296.767078
70
0
0
VERTEX
8
45.1
10
133.764220
20
297.153101
70
0
0
VERTEX
8
45.1
10
133.361140
20
297.291077
70
0
0
VERTEX
8
45.1
10
133.116190
20
297.261621
70
0
0
VERTEX
8
45.1
10
132.888300
20
297.176355
70
0
0
VERTEX
8
45.1
10
132.888300
20
298.339075
70
0
0
SEQEND
8
45.1
0
POLYLINE
8
45.1
62
170
70
0
10
0.000000
20
0.000000
66
1
0
VERTEX
8
45.1
10
135.237000
20
296.497327
70
0
0
VERTEX
8
45.1
10
135.627670
20
296.497327
70
0
0
VERTEX
8
45.1
10
135.627670
20
296.024488
70
0
0
VERTEX
8
45.1
10
135.237000
20
296.024488
70
0
0
VERTEX
8
45.1
10
135.237000
20
296.497327
70
0
0
SEQEND
8
45.1
0
POLYLINE
8
45.1
62
170
70
0
10
0.000000
20
0.000000
66
1
0
VERTEX
8
45.1
10
136.808990
20
296.288038
70
0
0
VERTEX
8
45.1
10
137.295780
20
296.288038
70
0
0
VERTEX
8
45.1
10
137.295780
20
298.056922
70
0
0
VERTEX
8
45.1
10
136.771780
20
297.939100
70
0
0
VERTEX
8
45.1
10
136.771780
20
298.224354
70
0
0
VERTEX
8
45.1
10
137.292680
20
298.339075
70
0
0
VERTEX
8
45.1
10
137.605840
20
298.339075
70
0
0
VERTEX
8
45.1
10
137.605840
20
296.288038
70
0
0
VERTEX
8
45.1
10
138.086430
20
296.288038
70
0
0
VERTEX
8
45.1
10
138.086430
20
296.024488
70
0
0
VERTEX
8
45.1
10
136.808990
20
296.024488
70
0
0
VERTEX
8
45.1
10
136.808990
20
296.288038
70
0
0
SEQEND
8
45.1
0
POLYLINE
8
Sketch
62
7
70
0
10
0.000000
20
0.000000
66
1
0
VERTEX
8
Sketch
10
108.002919
20
38.681887
70
0
0
VERTEX
8
Sketch
10
107.885599
20
38.964432
70
0
0
VERTEX
8
Sketch
10
107.602920
20
39.081426
70
0
0
VERTEX
8
Sketch
10
107.320240
20
38.964432
70
0
0
VERTEX
8
Sketch
10
107.202920
20
38.681887
70
0
0
VERTEX
8
Sketch
10
107.320240
20
38.399342
70
0
0
VERTEX
8
Sketch
10
107.602920
20
38.282347
70
0
0
VERTEX
8
Sketch
10
107.885599
20
38.399342
70
0
0
VERTEX
8
Sketch
10
108.002919
20
38.681887
70
0
0
VERTEX
8
Sketch
10
108.002919
20
38.681887
70
0
0
SEQEND
8
Sketch
0
POLYLINE
8
Sketch
62
7
70
0
10
0.000000
20
0.000000
66
1
0
VERTEX
8
Sketch
10
110.504326
20
38.240827
70
0
0
VERTEX
8
Sketch
10
110.387007
20
38.523372
70
0
0
VERTEX
8
Sketch
10
110.104327
20
38.640366
70
0
0
VERTEX
8
Sketch
10
109.821647
20
38.523372
70
0
0
VERTEX
8
Sketch
10
109.704328
20
38.240827
70
0
0
VERTEX
8
Sketch
10
109.821647
20
37.958282
70
0
0
VERTEX
8
Sketch
10
110.104327
20
37.841287
70
0
0
VERTEX
8
Sketch
10
110.387007
20
37.958282
70
0
0
VERTEX
8
Sketch
10
110.504326
20
38.240827
70
0
0
VERTEX
8
Sketch
10
110.504326
20
38.240827
70
0
0
SEQEND
8
Sketch
0
POLYLINE
8
Sketch
62
7
70
0
10
0.000000
20
0.000000
66
1
0
VERTEX
8
Sketch
10
113.005736
20
37.799767
70
0
0
VERTEX
8
Sketch
10
112.888380
20
38.082245
70
0
0
VERTEX
8
Sketch
10
112.605737
20
38.199203
70
0
0
VERTEX
8
Sketch
10
112.323094
20
38.082245
70
0
0
VERTEX
8
Sketch
10
112.205738
20
37.799767
70
0
0
VERTEX
8
Sketch
10
112.323094
20
37.517289
70
0
0
VERTEX
8
Sketch
10
112.605737
20
37.400331
70
0
0
VERTEX
8
Sketch
10
112.888380
20
37.517289
70
0
0
VERTEX
8
Sketch
10
113.005736
20
37.799767
70
0
0
VERTEX
8
Sketch
10
113.005736
20
37.799767
70
0
0
SEQEND
8
Sketch
0
POLYLINE
8
Sketch
62
7
70
0
10
0.000000
20
0.000000
66
1
0
VERTEX
8
Sketch
10
115.507144
20
37.358707
70
0
0
VERTEX
8
Sketch
10
115.389824
20
37.641252
70
0
0
VERTEX
8
Sketch
10
115.107144
20
37.758246
70
0
0
VERTEX
8
Sketch
10
114.824465
20
37.641252
70
0
0
VERTEX
8
Sketch
10
114.707145
20
37.358707
70
0
0
VERTEX
8
Sketch
10
114.824465
20
37.076162
70
0
0
VERTEX
8
Sketch
10
115.107144
20
36.959168
70
0
0
VERTEX
8
Sketch
10
115.389824
20
37.076162
70
0
0
VERTEX
8
Sketch
10
115.507144
20
37.358707
70
0
0
VERTEX
8
Sketch
10
115.507144
20
37.358707
70
0
0
SEQEND
8
Sketch
0
POLYLINE
8
Sketch
62
7
70
0
10
0.000000
20
0.000000
66
1
0
VERTEX
8
Sketch
10
118.008554
20
36.917621
70
0
0
VERTEX
8
Sketch
10
117.891234
20
37.200166
70
0
0
VERTEX
8
Sketch
10
117.608554
20
37.317160
70
0
0
VERTEX
8
Sketch
10
117.325875
20
37.200166
70
0
0
VERTEX
8
Sketch
10
117.208555
20
36.917621
70
0
0
VERTEX
8
Sketch
10
117.325875
20
36.635076
70
0
0
VERTEX
8
Sketch
10
117.608554
20
36.518081
70
0
0
VERTEX
8
Sketch
10
117.891234
20
36.635076
70
0
0
VERTEX
8
Sketch
10
118.008554
20
36.917621
70
0
0
VERTEX
8
Sketch
10
118.008554
20
36.917621
70
0
0
SEQEND
8
Sketch
0
POLYLINE
8
Sketch
62
7
70
0
10
0.000000
20
0.000000
66
1
0
VERTEX
8
Sketch
10
138.817514
20
33.248463
70
0
0
VERTEX
8
Sketch
10
138.617515
20
33.594873
70
0
0
VERTEX
8
Sketch
10
138.217515
20
33.594873
70
0
0
VERTEX
8
Sketch
10
138.017515
20
33.248463
70
0
0
VERTEX
8
Sketch
10
138.217515
20
32.902053
70
0
0
VERTEX
8
Sketch
10
138.617515
20
32.902053
70
0
0
VERTEX
8
Sketch
10
138.817514
20
33.248463
70
0
0
VERTEX
8
Sketch
10
138.817514
20
33.248463
70
0
0
SEQEND
8
Sketch
0
POLYLINE
8
Sketch
62
7
70
0
10
0.000000
20
0.000000
66
1
0
VERTEX
8
Sketch
10
141.318923
20
32.807377
70
0
0
VERTEX
8
Sketch
10
141.118923
20
33.153786
70
0
0
VERTEX
8
Sketch
10
140.718924
20
33.153786
70
0
0
VERTEX
8
Sketch
10
140.518924
20
32.807377
70
0
0
VERTEX
8
Sketch
10
140.718924
20
32.460967
70
0
0
VERTEX
8
Sketch
10
141.118923
20
32.460967
70
0
0
VERTEX
8
Sketch
10
141.318923
20
32.807377
70
0
0
VERTEX
8
Sketch
10
141.318923
20
32.807377
70
0
0
SEQEND
8
Sketch
0
POLYLINE
8
Sketch
62
7
70
0
10
0.000000
20
0.000000
66
1
0
VERTEX
8
Sketch
10
146.321740
20
31.925257
70
0
0
VERTEX
8
Sketch
10
146.121740
20
32.271667
70
0
0
VERTEX
8
Sketch
10
145.721741
20
32.271667
70
0
0
VERTEX
8
Sketch
10
145.521741
20
31.925257
70
0
0
VERTEX
8
Sketch
10
145.721741
20
31.578847
70
0
0
VERTEX
8
Sketch
10
146.121740
20
31.578847
70
0
0
VERTEX
8
Sketch
10
146.321740
20
31.925257
70
0
0
VERTEX
8
Sketch
10
146.321740
20
31.925257
70
0
0
SEQEND
8
Sketch
0
POLYLINE
8
Sketch
62
7
70
0
10
0.000000
20
0.000000
66
1
0
VERTEX
8
Sketch
10
143.820332
20
32.366317
70
0
0
VERTEX
8
Sketch
10
143.620332
20
32.712727
70
0
0
VERTEX
8
Sketch
10
143.220332
20
32.712727
70
0
0
VERTEX
8
Sketch
10
143.020333
20
32.366317
70
0
0
VERTEX
8
Sketch
10
143.220332
20
32.019907
70
0
0
VERTEX
8
Sketch
10
143.620332
20
32.019907
70
0
0
VERTEX
8
Sketch
10
143.820332
20
32.366317
70
0
0
VERTEX
8
Sketch
10
143.820332
20
32.366317
70
0
0
SEQEND
8
Sketch
0
POLYLINE
8
Sketch
62
7
70
0
10
0.000000
20
0.000000
66
1
0
VERTEX
8
Sketch
10
148.823149
20
31.484197
70
0
0
VERTEX
8
Sketch
10
148.623149
20
31.830607
70
0
0
VERTEX
8
Sketch
10
148.223149
20
31.830607
70
0
0
VERTEX
8
Sketch
10
148.023150
20
31.484197
70
0
0
VERTEX
8
Sketch
10
148.223149
20
31.137787
70
0
0
VERTEX
8
Sketch
10
148.623149
20
31.137787
70
0
0
VERTEX
8
Sketch
10
148.823149
20
31.484197
70
0
0
VERTEX
8
Sketch
10
148.823149
20
31.484197
70
0
0
SEQEND
8
Sketch
0
POLYLINE
8
Sketch
62
7
70
0
10
0.000000
20
0.000000
66
1
0
VERTEX
8
Sketch
10
67.938398
20
61.071667
70
0
0
VERTEX
8
Sketch
10
67.738398
20
61.418078
70
0
0
VERTEX
8
Sketch
10
67.338398
20
61.418078
70
0
0
VERTEX
8
Sketch
10
67.138397
20
61.071667
70
0
0
VERTEX
8
Sketch
10
67.338398
20
60.725257
70
0
0
VERTEX
8
Sketch
10
67.738398
20
60.725257
70
0
0
VERTEX
8
Sketch
10
67.938398
20
61.071667
70
0
0
VERTEX
8
Sketch
10
67.938398
20
61.071667
70
0
0
SEQEND
8
Sketch
0
POLYLINE
8
Sketch
62
7
70
0
10
0.000000
20
0.000000
66
1
0
VERTEX
8
Sketch
10
70.138099
20
59.801669
70
0
0
VERTEX
8
Sketch
10
70.020743
20
60.084147
70
0
0
VERTEX
8
Sketch
10
69.738100
20
60.201105
70
0
0
VERTEX
8
Sketch
10
69.455457
20
60.084147
70
0
0
VERTEX
8
Sketch
10
69.338101
20
59.801669
70
0
0
VERTEX
8
Sketch
10
69.455457
20
59.519191
70
0
0
VERTEX
8
Sketch
10
69.738100
20
59.402233
70
0
0
VERTEX
8
Sketch
10
70.020743
20
59.519191
70
0
0
VERTEX
8
Sketch
10
70.138099
20
59.801669
70
0
0
VERTEX
8
Sketch
10
70.138099
20
59.801669
70
0
0
SEQEND
8
Sketch
0
POLYLINE
8
Sketch
62
7
70
0
10
0.000000
20
0.000000
66
1
0
VERTEX
8
Sketch
10
72.337800
20
58.531671
70
0
0
VERTEX
8
Sketch
10
72.220480
20
58.814215
70
0
0
VERTEX
8
Sketch
10
71.937801
20
58.931210
70
0
0
VERTEX
8
Sketch
10
71.655121
20
58.814215
70
0
0
VERTEX
8
Sketch
10
71.537801
20
58.531671
70
0
0
VERTEX
8
Sketch
10
71.655121
20
58.249126
70
0
0
VERTEX
8
Sketch
10
71.937801
20
58.132131
70
0
0
VERTEX
8
Sketch
10
72.220480
20
58.249126
70
0
0
VERTEX
8
Sketch
10
72.337800
20
58.531671
70
0
0
VERTEX
8
Sketch
10
72.337800
20
58.531671
70
0
0
SEQEND
8
Sketch
0
POLYLINE
8
Sketch
62
7
70
0
10
0.000000
20
0.000000
66
1
0
VERTEX
8
Sketch
10
74.537503
20
57.261672
70
0
0
VERTEX
8
Sketch
10
74.337503
20
57.608083
70
0
0
VERTEX
8
Sketch
10
73.937502
20
57.608083
70
0
0
VERTEX
8
Sketch
10
73.737502
20
57.261672
70
0
0
VERTEX
8
Sketch
10
73.937502
20
56.915262
70
0
0
VERTEX
8
Sketch
10
74.337503
20
56.915262
70
0
0
VERTEX
8
Sketch
10
74.537503
20
57.261672
70
0
0
VERTEX
8
Sketch
10
74.537503
20
57.261672
70
0
0
SEQEND
8
Sketch
0
POLYLINE
8
Sketch
62
7
70
0
10
0.000000
20
0.000000
66
1
0
VERTEX
8
Sketch
10
76.737204
20
55.991674
70
0
0
VERTEX
8
Sketch
10
76.619884
20
56.274219
70
0
0
VERTEX
8
Sketch
10
76.337205
20
56.391213
70
0
0
VERTEX
8
Sketch
10
76.054525
20
56.274219
70
0
0
VERTEX
8
Sketch
10
75.937205
20
55.991674
70
0
0
VERTEX
8
Sketch
10
76.054525
20
55.709129
70
0
0
VERTEX
8
Sketch
10
76.337205
20
55.592134
70
0
0
VERTEX
8
Sketch
10
76.619884
20
55.709129
70
0
0
VERTEX
8
Sketch
10
76.737204
20
55.991674
70
0
0
VERTEX
8
Sketch
10
76.737204
20
55.991674
70
0
0
SEQEND
8
Sketch
0
POLYLINE
8
Sketch
62
7
70
0
10
0.000000
20
0.000000
66
1
0
VERTEX
8
Sketch
10
95.036299
20
45.426689
70
0
0
VERTEX
8
Sketch
10
94.918979
20
45.709234
70
0
0
VERTEX
8
Sketch
10
94.636299
20
45.826229
70
0
0
VERTEX
8
Sketch
10
94.353620
20
45.709234
70
0
0
VERTEX
8
Sketch
10
94.236300
20
45.426689
70
0
0
VERTEX
8
Sketch
10
94.353620
20
45.144144
70
0
0
VERTEX
8
Sketch
10
94.636299
20
45.027150
70
0
0
VERTEX
8
Sketch
10
94.918979
20
45.144144
70
0
0
VERTEX
8
Sketch
10
95.036299
20
45.426689
70
0
0
VERTEX
8
Sketch
10
95.036299
20
45.426689
70
0
0
SEQEND
8
Sketch
0
POLYLINE
8
Sketch
62
7
70
0
10
0.000000
20
0.000000
66
1
0
VERTEX
8
Sketch
10
97.235999
20
44.156691
70
0
0
VERTEX
8
Sketch
10
97.118680
20
44.439236
70
0
0
VERTEX
8
Sketch
10
96.836000
20
44.556230
70
0
0
VERTEX
8
Sketch
10
96.553321
20
44.439236
70
0
0
VERTEX
8
Sketch
10
96.436001
20
44.156691
70
0
0
VERTEX
8
Sketch
10
96.553321
20
43.874146
70
0
0
VERTEX
8
Sketch
10
96.836000
20
43.757152
70
0
0
VERTEX
8
Sketch
10
97.118680
20
43.874146
70
0
0
VERTEX
8
Sketch
10
97.235999
20
44.156691
70
0
0
VERTEX
8
Sketch
10
97.235999
20
44.156691
70
0
0
SEQEND
8
Sketch
0
POLYLINE
8
Sketch
62
7
70
0
10
0.000000
20
0.000000
66
1
0
VERTEX
8
Sketch
10
101.635403
20
41.616694
70
0
0
VERTEX
8
Sketch
10
101.518084
20
41.899239
70
0
0
VERTEX
8
Sketch
10
101.235404
20
42.016234
70
0
0
VERTEX
8
Sketch
10
100.952725
20
41.899239
70
0
0
VERTEX
8
Sketch
10
100.835405
20
41.616694
70
0
0
VERTEX
8
Sketch
10
100.952725
20
41.334149
70
0
0
VERTEX
8
Sketch
10
101.235404
20
41.217155
70
0
0
VERTEX
8
Sketch
10
101.518084
20
41.334149
70
0
0
VERTEX
8
Sketch
10
101.635403
20
41.616694
70
0
0
VERTEX
8
Sketch
10
101.635403
20
41.616694
70
0
0
SEQEND
8
Sketch
0
POLYLINE
8
Sketch
62
7
70
0
10
0.000000
20
0.000000
66
1
0
VERTEX
8
Sketch
10
99.435703
20
42.886693
70
0
0
VERTEX
8
Sketch
10
99.235702
20
43.233103
70
0
0
VERTEX
8
Sketch
10
98.835702
20
43.233103
70
0
0
VERTEX
8
Sketch
10
98.635702
20
42.886693
70
0
0
VERTEX
8
Sketch
10
98.835702
20
42.540282
70
0
0
VERTEX
8
Sketch
10
99.235702
20
42.540282
70
0
0
VERTEX
8
Sketch
10
99.435703
20
42.886693
70
0
0
VERTEX
8
Sketch
10
99.435703
20
42.886693
70
0
0
SEQEND
8
Sketch
0
POLYLINE
8
Sketch
62
7
70
0
10
0.000000
20
0.000000
66
1
0
VERTEX
8
Sketch
10
103.835104
20
40.346696
70
0
0
VERTEX
8
Sketch
10
103.717785
20
40.629241
70
0
0
VERTEX
8
Sketch
10
103.435105
20
40.746235
70
0
0
VERTEX
8
Sketch
10
103.152425
20
40.629241
70
0
0
VERTEX
8
Sketch
10
103.035106
20
40.346696
70
0
0
VERTEX
8
Sketch
10
103.152425
20
40.064151
70
0
0
VERTEX
8
Sketch
10
103.435105
20
39.947156
70
0
0
VERTEX
8
Sketch
10
103.717785
20
40.064151
70
0
0
VERTEX
8
Sketch
10
103.835104
20
40.346696
70
0
0
VERTEX
8
Sketch
10
103.835104
20
40.346696
70
0
0
SEQEND
8
Sketch
0
POLYLINE
8
Sketch
62
7
70
0
10
0.000000
20
0.000000
66
1
0
VERTEX
8
Sketch
10
37.947815
20
95.814035
70
0
0
VERTEX
8
Sketch
10
37.830495
20
96.096580
70
0
0
VERTEX
8
Sketch
10
37.547816
20
96.213574
70
0
0
VERTEX
8
Sketch
10
37.265136
20
96.096580
70
0
0
VERTEX
8
Sketch
10
37.147816
20
95.814035
70
0
0
VERTEX
8
Sketch
10
37.265136
20
95.531490
70
0
0
VERTEX
8
Sketch
10
37.547816
20
95.414495
70
0
0
VERTEX
8
Sketch
10
37.830495
20
95.531490
70
0
0
VERTEX
8
Sketch
10
37.947815
20
95.814035
70
0
0
VERTEX
8
Sketch
10
37.947815
20
95.814035
70
0
0
SEQEND
8
Sketch
0
POLYLINE
8
Sketch
62
7
70
0
10
0.000000
20
0.000000
66
1
0
VERTEX
8
Sketch
10
39.580493
20
93.868291
70
0
0
VERTEX
8
Sketch
10
39.463173
20
94.150836
70
0
0
VERTEX
8
Sketch
10
39.180494
20
94.267831
70
0
0
VERTEX
8
Sketch
10
38.897814
20
94.150836
70
0
0
VERTEX
8
Sketch
10
38.780494
20
93.868291
70
0
0
VERTEX
8
Sketch
10
38.897814
20
93.585746
70
0
0
VERTEX
8
Sketch
10
39.180494
20
93.468752
70
0
0
VERTEX
8
Sketch
10
39.463173
20
93.585746
70
0
0
VERTEX
8
Sketch
10
39.580493
20
93.868291
70
0
0
VERTEX
8
Sketch
10
39.580493
20
93.868291
70
0
0
SEQEND
8
Sketch
0
POLYLINE
8
Sketch
62
7
70
0
10
0.000000
20
0.000000
66
1
0
VERTEX
8
Sketch
10
41.213171
20
91.922548
70
0
0
VERTEX
8
Sketch
10
41.095852
20
92.205093
70
0
0
VERTEX
8
Sketch
10
40.813172
20
92.322087
70
0
0
VERTEX
8
Sketch
10
40.530492
20
92.205093
70
0
0
VERTEX
8
Sketch
10
40.413173
20
91.922548
70
0
0
VERTEX
8
Sketch
10
40.530492
20
91.640003
70
0
0
VERTEX
8
Sketch
10
40.813172
20
91.523008
70
0
0
VERTEX
8
Sketch
10
41.095852
20
91.640003
70
0
0
VERTEX
8
Sketch
10
41.213171
20
91.922548
70
0
0
VERTEX
8
Sketch
10
41.213171
20
91.922548
70
0
0
SEQEND
8
Sketch
0
POLYLINE
8
Sketch
62
7
70
0
10
0.000000
20
0.000000
66
1
0
VERTEX
8
Sketch
10
42.845849
20
89.976778
70
0
0
VERTEX
8
Sketch
10
42.728530
20
90.259323
70
0
0
VERTEX
8
Sketch
10
42.445850
20
90.376317
70
0
0
VERTEX
8
Sketch
10
42.163170
20
90.259323
70
0
0
VERTEX
8
Sketch
10
42.045851
20
89.976778
70
0
0
VERTEX
8
Sketch
10
42.163170
20
89.694233
70
0
0
VERTEX
8
Sketch
10
42.445850
20
89.577239
70
0
0
VERTEX
8
Sketch
10
42.728530
20
89.694233
70
0
0
VERTEX
8
Sketch
10
42.845849
20
89.976778
70
0
0
VERTEX
8
Sketch
10
42.845849
20
89.976778
70
0
0
SEQEND
8
Sketch
0
POLYLINE
8
Sketch
62
7
70
0
10
0.000000
20
0.000000
66
1
0
VERTEX
8
Sketch
10
44.478528
20
88.031035
70
0
0
VERTEX
8
Sketch
10
44.361208
20
88.313580
70
0
0
VERTEX
8
Sketch
10
44.078528
20
88.430574
70
0
0
VERTEX
8
Sketch
10
43.795849
20
88.313580
70
0
0
VERTEX
8
Sketch
10
43.678529
20
88.031035
70
0
0
VERTEX
8
Sketch
10
43.795849
20
87.748490
70
0
0
VERTEX
8
Sketch
10
44.078528
20
87.631495
70
0
0
VERTEX
8
Sketch
10
44.361208
20
87.748490
70
0
0
VERTEX
8
Sketch
10
44.478528
20
88.031035
70
0
0
VERTEX
8
Sketch
10
44.478528
20
88.031035
70
0
0
SEQEND
8
Sketch
0
POLYLINE
8
Sketch
62
7
70
0
10
0.000000
20
0.000000
66
1
0
VERTEX
8
Sketch
10
58.060613
20
71.844535
70
0
0
VERTEX
8
Sketch
10
57.943293
20
72.127080
70
0
0
VERTEX
8
Sketch
10
57.660614
20
72.244074
70
0
0
VERTEX
8
Sketch
10
57.377934
20
72.127080
70
0
0
VERTEX
8
Sketch
10
57.260614
20
71.844535
70
0
0
VERTEX
8
Sketch
10
57.377934
20
71.561990
70
0
0
VERTEX
8
Sketch
10
57.660614
20
71.444995
70
0
0
VERTEX
8
Sketch
10
57.943293
20
71.561990
70
0
0
VERTEX
8
Sketch
10
58.060613
20
71.844535
70
0
0
VERTEX
8
Sketch
10
58.060613
20
71.844535
70
0
0
SEQEND
8
Sketch
0
POLYLINE
8
Sketch
62
7
70
0
10
0.000000
20
0.000000
66
1
0
VERTEX
8
Sketch
10
59.693291
20
69.898791
70
0
0
VERTEX
8
Sketch
10
59.575971
20
70.181336
70
0
0
VERTEX
8
Sketch
10
59.293292
20
70.298331
70
0
0
VERTEX
8
Sketch
10
59.010612
20
70.181336
70
0
0
VERTEX
8
Sketch
10
58.893292
20
69.898791
70
0
0
VERTEX
8
Sketch
10
59.010612
20
69.616246
70
0
0
VERTEX
8
Sketch
10
59.293292
20
69.499252
70
0
0
VERTEX
8
Sketch
10
59.575971
20
69.616246
70
0
0
VERTEX
8
Sketch
10
59.693291
20
69.898791
70
0
0
VERTEX
8
Sketch
10
59.693291
20
69.898791
70
0
0
SEQEND
8
Sketch
0
POLYLINE
8
Sketch
62
7
70
0
10
0.000000
20
0.000000
66
1
0
VERTEX
8
Sketch
10
62.958650
20
66.007278
70
0
0
VERTEX
8
Sketch
10
62.758650
20
66.353689
70
0
0
VERTEX
8
Sketch
10
62.358649
20
66.353689
70
0
0
VERTEX
8
Sketch
10
62.158649
20
66.007278
70
0
0
VERTEX
8
Sketch
10
62.358649
20
65.660867
70
0
0
VERTEX
8
Sketch
10
62.758650
20
65.660867
70
0
0
VERTEX
8
Sketch
10
62.958650
20
66.007278
70
0
0
VERTEX
8
Sketch
10
62.958650
20
66.007278
70
0
0
SEQEND
8
Sketch
0
POLYLINE
8
Sketch
62
7
70
0
10
0.000000
20
0.000000
66
1
0
VERTEX
8
Sketch
10
61.325969
20
67.953021
70
0
0
VERTEX
8
Sketch
10
61.208613
20
68.235500
70
0
0
VERTEX
8
Sketch
10
60.925970
20
68.352458
70
0
0
VERTEX
8
Sketch
10
60.643327
20
68.235500
70
0
0
VERTEX
8
Sketch
10
60.525971
20
67.953021
70
0
0
VERTEX
8
Sketch
10
60.643327
20
67.670543
70
0
0
VERTEX
8
Sketch
10
60.925970
20
67.553585
70
0
0
VERTEX
8
Sketch
10
61.208613
20
67.670543
70
0
0
VERTEX
8
Sketch
10
61.325969
20
67.953021
70
0
0
VERTEX
8
Sketch
10
61.325969
20
67.953021
70
0
0
SEQEND
8
Sketch
0
POLYLINE
8
Sketch
62
7
70
0
10
0.000000
20
0.000000
66
1
0
VERTEX
8
Sketch
10
64.591328
20
64.061535
70
0
0
VERTEX
8
Sketch
10
64.391328
20
64.407945
70
0
0
VERTEX
8
Sketch
10
63.991327
20
64.407945
70
0
0
VERTEX
8
Sketch
10
63.791327
20
64.061535
70
0
0
VERTEX
8
Sketch
10
63.991327
20
63.715124
70
0
0
VERTEX
8
Sketch
10
64.391328
20
63.715124
70
0
0
VERTEX
8
Sketch
10
64.591328
20
64.061535
70
0
0
VERTEX
8
Sketch
10
64.591328
20
64.061535
70
0
0
SEQEND
8
Sketch
0
POLYLINE
8
Sketch
62
7
70
0
10
0.000000
20
0.000000
66
1
0
VERTEX
8
Sketch
10
21.648475
20
138.718576
70
0
0
VERTEX
8
Sketch
10
21.531119
20
139.001054
70
0
0
VERTEX
8
Sketch
10
21.248476
20
139.118012
70
0
0
VERTEX
8
Sketch
10
20.965833
20
139.001054
70
0
0
VERTEX
8
Sketch
10
20.848477
20
138.718576
70
0
0
VERTEX
8
Sketch
10
20.965833
20
138.436098
70
0
0
VERTEX
8
Sketch
10
21.248476
20
138.319140
70
0
0
VERTEX
8
Sketch
10
21.531119
20
138.436098
70
0
0
VERTEX
8
Sketch
10
21.648475
20
138.718576
70
0
0
VERTEX
8
Sketch
10
21.648475
20
138.718576
70
0
0
SEQEND
8
Sketch
0
POLYLINE
8
Sketch
62
7
70
0
10
0.000000
20
0.000000
66
1
0
VERTEX
8
Sketch
10
22.517207
20
136.331746
70
0
0
VERTEX
8
Sketch
10
22.317207
20
136.678157
70
0
0
VERTEX
8
Sketch
10
21.917206
20
136.678157
70
0
0
VERTEX
8
Sketch
10
21.717206
20
136.331746
70
0
0
VERTEX
8
Sketch
10
21.917206
20
135.985335
70
0
0
VERTEX
8
Sketch
10
22.317207
20
135.985335
70
0
0
VERTEX
8
Sketch
10
22.517207
20
136.331746
70
0
0
VERTEX
8
Sketch
10
22.517207
20
136.331746
70
0
0
SEQEND
8
Sketch
0
POLYLINE
8
Sketch
62
7
70
0
10
0.000000
20
0.000000
66
1
0
VERTEX
8
Sketch
10
23.385936
20
133.944943
70
0
0
VERTEX
8
Sketch
10
23.268617
20
134.227488
70
0
0
VERTEX
8
Sketch
10
22.985937
20
134.344482
70
0
0
VERTEX
8
Sketch
10
22.703258
20
134.227488
70
0
0
VERTEX
8
Sketch
10
22.585938
20
133.944943
70
0
0
VERTEX
8
Sketch
10
22.703258
20
133.662398
70
0
0
VERTEX
8
Sketch
10
22.985937
20
133.545403
70
0
0
VERTEX
8
Sketch
10
23.268617
20
133.662398
70
0
0
VERTEX
8
Sketch
10
23.385936
20
133.944943
70
0
0
VERTEX
8
Sketch
10
23.385936
20
133.944943
70
0
0
SEQEND
8
Sketch
0
POLYLINE
8
Sketch
62
7
70
0
10
0.000000
20
0.000000
66
1
0
VERTEX
8
Sketch
10
24.254666
20
131.558113
70
0
0
VERTEX
8
Sketch
10
24.137346
20
131.840658
70
0
0
VERTEX
8
Sketch
10
23.854666
20
131.957653
70
0
0
VERTEX
8
Sketch
10
23.571987
20
131.840658
70
0
0
VERTEX
8
Sketch
10
23.454667
20
131.558113
70
0
0
VERTEX
8
Sketch
10
23.571987
20
131.275568
70
0
0
VERTEX
8
Sketch
10
23.854666
20
131.158574
70
0
0
VERTEX
8
Sketch
10
24.137346
20
131.275568
70
0
0
VERTEX
8
Sketch
10
24.254666
20
131.558113
70
0
0
VERTEX
8
Sketch
10
24.254666
20
131.558113
70
0
0
SEQEND
8
Sketch
0
POLYLINE
8
Sketch
62
7
70
0
10
0.000000
20
0.000000
66
1
0
VERTEX
8
Sketch
10
25.123395
20
129.171310
70
0
0
VERTEX
8
Sketch
10
25.006039
20
129.453788
70
0
0
VERTEX
8
Sketch
10
24.723395
20
129.570746
70
0
0
VERTEX
8
Sketch
10
24.440752
20
129.453788
70
0
0
VERTEX
8
Sketch
10
24.323396
20
129.171310
70
0
0
VERTEX
8
Sketch
10
24.440752
20
128.888832
70
0
0
VERTEX
8
Sketch
10
24.723395
20
128.771874
70
0
0
VERTEX
8
Sketch
10
25.006039
20
128.888832
70
0
0
VERTEX
8
Sketch
10
25.123395
20
129.171310
70
0
0
VERTEX
8
Sketch
10
25.123395
20
129.171310
70
0
0
SEQEND
8
Sketch
0
POLYLINE
8
Sketch
62
7
70
0
10
0.000000
20
0.000000
66
1
0
VERTEX
8
Sketch
10
32.350273
20
109.315626
70
0
0
VERTEX
8
Sketch
10
32.232953
20
109.598171
70
0
0
VERTEX
8
Sketch
10
31.950274
20
109.715165
70
0
0
VERTEX
8
Sketch
10
31.667594
20
109.598171
70
0
0
VERTEX
8
Sketch
10
31.550275
20
109.315626
70
0
0
VERTEX
8
Sketch
10
31.667594
20
109.033081
70
0
0
VERTEX
8
Sketch
10
31.950274
20
108.916086
70
0
0
VERTEX
8
Sketch
10
32.232953
20
109.033081
70
0
0
VERTEX
8
Sketch
10
32.350273
20
109.315626
70
0
0
VERTEX
8
Sketch
10
32.350273
20
109.315626
70
0
0
SEQEND
8
Sketch
0
POLYLINE
8
Sketch
62
7
70
0
10
0.000000
20
0.000000
66
1
0
VERTEX
8
Sketch
10
33.219002
20
106.928796
70
0
0
VERTEX
8
Sketch
10
33.101683
20
107.211341
70
0
0
VERTEX
8
Sketch
10
32.819003
20
107.328335
70
0
0
VERTEX
8
Sketch
10
32.536323
20
107.211341
70
0
0
VERTEX
8
Sketch
10
32.419004
20
106.928796
70
0
0
VERTEX
8
Sketch
10
32.536323
20
106.646251
70
0
0
VERTEX
8
Sketch
10
32.819003
20
106.529257
70
0
0
VERTEX
8
Sketch
10
33.101683
20
106.646251
70
0
0
VERTEX
8
Sketch
10
33.219002
20
106.928796
70
0
0
VERTEX
8
Sketch
10
33.219002
20
106.928796
70
0
0
SEQEND
8
Sketch
0
POLYLINE
8
Sketch
62
7
70
0
10
0.000000
20
0.000000
66
1
0
VERTEX
8
Sketch
10
34.956463
20
102.155190
70
0
0
VERTEX
8
Sketch
10
34.839144
20
102.437734
70
0
0
VERTEX
8
Sketch
10
34.556464
20
102.554729
70
0
0
VERTEX
8
Sketch
10
34.273784
20
102.437734
70
0
0
VERTEX
8
Sketch
10
34.156465
20
102.155190
70
0
0
VERTEX
8
Sketch
10
34.273784
20
101.872645
70
0
0
VERTEX
8
Sketch
10
34.556464
20
101.755650
70
0
0
VERTEX
8
Sketch
10
34.839144
20
101.872645
70
0
0
VERTEX
8
Sketch
10
34.956463
20
102.155190
70
0
0
VERTEX
8
Sketch
10
34.956463
20
102.155190
70
0
0
SEQEND
8
Sketch
0
POLYLINE
8
Sketch
62
7
70
0
10
0.000000
20
0.000000
66
1
0
VERTEX
8
Sketch
10
34.087731
20
104.541993
70
0
0
VERTEX
8
Sketch
10
33.970412
20
104.824538
70
0
0
VERTEX
8
Sketch
10
33.687732
20
104.941532
70
0
0
VERTEX
8
Sketch
10
33.405052
20
104.824538
70
0
0
VERTEX
8
Sketch
10
33.287733
20
104.541993
70
0
0
VERTEX
8
Sketch
10
33.405052
20
104.259448
70
0
0
VERTEX
8
Sketch
10
33.687732
20
104.142453
70
0
0
VERTEX
8
Sketch
10
33.970412
20
104.259448
70
0
0
VERTEX
8
Sketch
10
34.087731
20
104.541993
70
0
0
VERTEX
8
Sketch
10
34.087731
20
104.541993
70
0
0
SEQEND
8
Sketch
0
POLYLINE
8
Sketch
62
7
70
0
10
0.000000
20
0.000000
66
1
0
VERTEX
8
Sketch
10
35.825192
20
99.768360
70
0
0
VERTEX
8
Sketch
10
35.707873
20
100.050905
70
0
0
VERTEX
8
Sketch
10
35.425193
20
100.167899
70
0
0
VERTEX
8
Sketch
10
35.142513
20
100.050905
70
0
0
VERTEX
8
Sketch
10
35.025194
20
99.768360
70
0
0
VERTEX
8
Sketch
10
35.142513
20
99.485815
70
0
0
VERTEX
8
Sketch
10
35.425193
20
99.368820
70
0
0
VERTEX
8
Sketch
10
35.707873
20
99.485815
70
0
0
VERTEX
8
Sketch
10
35.825192
20
99.768360
70
0
0
VERTEX
8
Sketch
10
35.825192
20
99.768360
70
0
0
SEQEND
8
Sketch
0
POLYLINE
8
Sketch
62
7
70
0
10
0.000000
20
0.000000
66
1
0
VERTEX
8
Sketch
10
21.006322
20
184.610338
70
0
0
VERTEX
8
Sketch
10
20.889002
20
184.892883
70
0
0
VERTEX
8
Sketch
10
20.606323
20
185.009878
70
0
0
VERTEX
8
Sketch
10
20.323643
20
184.892883
70
0
0
VERTEX
8
Sketch
10
20.206323
20
184.610338
70
0
0
VERTEX
8
Sketch
10
20.323643
20
184.327793
70
0
0
VERTEX
8
Sketch
10
20.606323
20
184.210799
70
0
0
VERTEX
8
Sketch
10
20.889002
20
184.327793
70
0
0
VERTEX
8
Sketch
10
21.006322
20
184.610338
70
0
0
VERTEX
8
Sketch
10
21.006322
20
184.610338
70
0
0
SEQEND
8
Sketch
0
POLYLINE
8
Sketch
62
7
70
0
10
0.000000
20
0.000000
66
1
0
VERTEX
8
Sketch
10
21.006322
20
182.070342
70
0
0
VERTEX
8
Sketch
10
20.889002
20
182.352886
70
0
0
VERTEX
8
Sketch
10
20.606323
20
182.469881
70
0
0
VERTEX
8
Sketch
10
20.323643
20
182.352886
70
0
0
VERTEX
8
Sketch
10
20.206323
20
182.070342
70
0
0
VERTEX
8
Sketch
10
20.323643
20
181.787797
70
0
0
VERTEX
8
Sketch
10
20.606323
20
181.670802
70
0
0
VERTEX
8
Sketch
10
20.889002
20
181.787797
70
0
0
VERTEX
8
Sketch
10
21.006322
20
182.070342
70
0
0
VERTEX
8
Sketch
10
21.006322
20
182.070342
70
0
0
SEQEND
8
Sketch
0
POLYLINE
8
Sketch
62
7
70
0
10
0.000000
20
0.000000
66
1
0
VERTEX
8
Sketch
10
21.006322
20
179.530345
70
0
0
VERTEX
8
Sketch
10
20.889002
20
179.812890
70
0
0
VERTEX
8
Sketch
10
20.606323
20
179.929884
70
0
0
VERTEX
8
Sketch
10
20.323643
20
179.812890
70
0
0
VERTEX
8
Sketch
10
20.206323
20
179.530345
70
0
0
VERTEX
8
Sketch
10
20.323643
20
179.247800
70
0
0
VERTEX
8
Sketch
10
20.606323
20
179.130805
70
0
0
VERTEX
8
Sketch
10
20.889002
20
179.247800
70
0
0
VERTEX
8
Sketch
10
21.006322
20
179.530345
70
0
0
VERTEX
8
Sketch
10
21.006322
20
179.530345
70
0
0
SEQEND
8
Sketch
0
POLYLINE
8
Sketch
62
7
70
0
10
0.000000
20
0.000000
66
1
0
VERTEX
8
Sketch
10
21.006322
20
176.990348
70
0
0
VERTEX
8
Sketch
10
20.889002
20
177.272893
70
0
0
VERTEX
8
Sketch
10
20.606323
20
177.389887
70
0
0
VERTEX
8
Sketch
10
20.323643
20
177.272893
70
0
0
VERTEX
8
Sketch
10
20.206323
20
176.990348
70
0
0
VERTEX
8
Sketch
10
20.323643
20
176.707803
70
0
0
VERTEX
8
Sketch
10
20.606323
20
176.590809
70
0
0
VERTEX
8
Sketch
10
20.889002
20
176.707803
70
0
0
VERTEX
8
Sketch
10
21.006322
20
176.990348
70
0
0
VERTEX
8
Sketch
10
21.006322
20
176.990348
70
0
0
SEQEND
8
Sketch
0
POLYLINE
8
Sketch
62
7
70
0
10
0.000000
20
0.000000
66
1
0
VERTEX
8
Sketch
10
21.006322
20
174.450351
70
0
0
VERTEX
8
Sketch
10
20.889002
20
174.732896
70
0
0
VERTEX
8
Sketch
10
20.606323
20
174.849891
70
0
0
VERTEX
8
Sketch
10
20.323643
20
174.732896
70
0
0
VERTEX
8
Sketch
10
20.206323
20
174.450351
70
0
0
VERTEX
8
Sketch
10
20.323643
20
174.167806
70
0
0
VERTEX
8
Sketch
10
20.606323
20
174.050812
70
0
0
VERTEX
8
Sketch
10
20.889002
20
174.167806
70
0
0
VERTEX
8
Sketch
10
21.006322
20
174.450351
70
0
0
VERTEX
8
Sketch
10
21.006322
20
174.450351
70
0
0
SEQEND
8
Sketch
0
POLYLINE
8
Sketch
62
7
70
0
10
0.000000
20
0.000000
66
1
0
VERTEX
8
Sketch
10
21.006322
20
153.320382
70
0
0
VERTEX
8
Sketch
10
20.889002
20
153.602927
70
0
0
VERTEX
8
Sketch
10
20.606323
20
153.719922
70
0
0
VERTEX
8
Sketch
10
20.323643
20
153.602927
70
0
0
VERTEX
8
Sketch
10
20.206323
20
153.320382
70
0
0
VERTEX
8
Sketch
10
20.323643
20
153.037838
70
0
0
VERTEX
8
Sketch
10
20.606323
20
152.920843
70
0
0
VERTEX
8
Sketch
10
20.889002
20
153.037838
70
0
0
VERTEX
8
Sketch
10
21.006322
20
153.320382
70
0
0
VERTEX
8
Sketch
10
21.006322
20
153.320382
70
0
0
SEQEND
8
Sketch
0
POLYLINE
8
Sketch
62
7
70
0
10
0.000000
20
0.000000
66
1
0
VERTEX
8
Sketch
10
21.006322
20
150.780386
70
0
0
VERTEX
8
Sketch
10
20.889002
20
151.062930
70
0
0
VERTEX
8
Sketch
10
20.606323
20
151.179925
70
0
0
VERTEX
8
Sketch
10
20.323643
20
151.062930
70
0
0
VERTEX
8
Sketch
10
20.206323
20
150.780386
70
0
0
VERTEX
8
Sketch
10
20.323643
20
150.497841
70
0
0
VERTEX
8
Sketch
10
20.606323
20
150.380846
70
0
0
VERTEX
8
Sketch
10
20.889002
20
150.497841
70
0
0
VERTEX
8
Sketch
10
21.006322
20
150.780386
70
0
0
VERTEX
8
Sketch
10
21.006322
20
150.780386
70
0
0
SEQEND
8
Sketch
0
POLYLINE
8
Sketch
62
7
70
0
10
0.000000
20
0.000000
66
1
0
VERTEX
8
Sketch
10
21.006322
20
145.700392
70
0
0
VERTEX
8
Sketch
10
20.889002
20
145.982937
70
0
0
VERTEX
8
Sketch
10
20.606323
20
146.099931
70
0
0
VERTEX
8
Sketch
10
20.323643
20
145.982937
70
0
0
VERTEX
8
Sketch
10
20.206323
20
145.700392
70
0
0
VERTEX
8
Sketch
10
20.323643
20
145.417847
70
0
0
VERTEX
8
Sketch
10
20.606323
20
145.300853
70
0
0
VERTEX
8
Sketch
10
20.889002
20
145.417847
70
0
0
VERTEX
8
Sketch
10
21.006322
20
145.700392
70
0
0
VERTEX
8
Sketch
10
21.006322
20
145.700392
70
0
0
SEQEND
8
Sketch
0
POLYLINE
8
Sketch
62
7
70
0
10
0.000000
20
0.000000
66
1
0
VERTEX
8
Sketch
10
21.006322
20
148.240389
70
0
0
VERTEX
8
Sketch
10
20.889002
20
148.522934
70
0
0
VERTEX
8
Sketch
10
20.606323
20
148.639928
70
0
0
VERTEX
8
Sketch
10
20.323643
20
148.522934
70
0
0
VERTEX
8
Sketch
10
20.206323
20
148.240389
70
0
0
VERTEX
8
Sketch
10
20.323643
20
147.957844
70
0
0
VERTEX
8
Sketch
10
20.606323
20
147.840849
70
0
0
VERTEX
8
Sketch
10
20.889002
20
147.957844
70
0
0
VERTEX
8
Sketch
10
21.006322
20
148.240389
70
0
0
VERTEX
8
Sketch
10
21.006322
20
148.240389
70
0
0
SEQEND
8
Sketch
0
POLYLINE
8
Sketch
62
7
70
0
10
0.000000
20
0.000000
66
1
0
VERTEX
8
Sketch
10
21.006322
20
143.160395
70
0
0
VERTEX
8
Sketch
10
20.889002
20
143.442940
70
0
0
VERTEX
8
Sketch
10
20.606323
20
143.559935
70
0
0
VERTEX
8
Sketch
10
20.323643
20
143.442940
70
0
0
VERTEX
8
Sketch
10
20.206323
20
143.160395
70
0
0
VERTEX
8
Sketch
10
20.323643
20
142.877850
70
0
0
VERTEX
8
Sketch
10
20.606323
20
142.760856
70
0
0
VERTEX
8
Sketch
10
20.889002
20
142.877850
70
0
0
VERTEX
8
Sketch
10
21.006322
20
143.160395
70
0
0
VERTEX
8
Sketch
10
21.006322
20
143.160395
70
0
0
SEQEND
8
Sketch
0
POLYLINE
8
Sketch
62
7
70
0
10
0.000000
20
0.000000
66
1
0
VERTEX
8
Sketch
10
36.098808
20
227.954140
70
0
0
VERTEX
8
Sketch
10
35.981489
20
228.236685
70
0
0
VERTEX
8
Sketch
10
35.698809
20
228.353680
70
0
0
VERTEX
8
Sketch
10
35.416129
20
228.236685
70
0
0
VERTEX
8
Sketch
10
35.298810
20
227.954140
70
0
0
VERTEX
8
Sketch
10
35.416129
20
227.671595
70
0
0
VERTEX
8
Sketch
10
35.698809
20
227.554601
70
0
0
VERTEX
8
Sketch
10
35.981489
20
227.671595
70
0
0
VERTEX
8
Sketch
10
36.098808
20
227.954140
70
0
0
VERTEX
8
Sketch
10
36.098808
20
227.954140
70
0
0
SEQEND
8
Sketch
0
POLYLINE
8
Sketch
62
7
70
0
10
0.000000
20
0.000000
66
1
0
VERTEX
8
Sketch
10
35.230079
20
225.567324
70
0
0
VERTEX
8
Sketch
10
35.112759
20
225.849869
70
0
0
VERTEX
8
Sketch
10
34.830080
20
225.966863
70
0
0
VERTEX
8
Sketch
10
34.547400
20
225.849869
70
0
0
VERTEX
8
Sketch
10
34.430081
20
225.567324
70
0
0
VERTEX
8
Sketch
10
34.547400
20
225.284779
70
0
0
VERTEX
8
Sketch
10
34.830080
20
225.167784
70
0
0
VERTEX
8
Sketch
10
35.112759
20
225.284779
70
0
0
VERTEX
8
Sketch
10
35.230079
20
225.567324
70
0
0
VERTEX
8
Sketch
10
35.230079
20
225.567324
70
0
0
SEQEND
8
Sketch
0
POLYLINE
8
Sketch
62
7
70
0
10
0.000000
20
0.000000
66
1
0
VERTEX
8
Sketch
10
34.361350
20
223.180510
70
0
0
VERTEX
8
Sketch
10
34.244030
20
223.463055
70
0
0
VERTEX
8
Sketch
10
33.961351
20
223.580049
70
0
0
VERTEX
8
Sketch
10
33.678671
20
223.463055
70
0
0
VERTEX
8
Sketch
10
33.561351
20
223.180510
70
0
0
VERTEX
8
Sketch
10
33.678671
20
222.897965
70
0
0
VERTEX
8
Sketch
10
33.961351
20
222.780971
70
0
0
VERTEX
8
Sketch
10
34.244030
20
222.897965
70
0
0
VERTEX
8
Sketch
10
34.361350
20
223.180510
70
0
0
VERTEX
8
Sketch
10
34.361350
20
223.180510
70
0
0
SEQEND
8
Sketch
0
POLYLINE
8
Sketch
62
7
70
0
10
0.000000
20
0.000000
66
1
0
VERTEX
8
Sketch
10
33.492618
20
220.793693
70
0
0
VERTEX
8
Sketch
10
33.375298
20
221.076238
70
0
0
VERTEX
8
Sketch
10
33.092619
20
221.193233
70
0
0
VERTEX
8
Sketch
10
32.809939
20
221.076238
70
0
0
VERTEX
8
Sketch
10
32.692620
20
220.793693
70
0
0
VERTEX
8
Sketch
10
32.809939
20
220.511149
70
0
0
VERTEX
8
Sketch
10
33.092619
20
220.394154
70
0
0
VERTEX
8
Sketch
10
33.375298
20
220.511149
70
0
0
VERTEX
8
Sketch
10
33.492618
20
220.793693
70
0
0
VERTEX
8
Sketch
10
33.492618
20
220.793693
70
0
0
SEQEND
8
Sketch
0
POLYLINE
8
Sketch
62
7
70
0
10
0.000000
20
0.000000
66
1
0
VERTEX
8
Sketch
10
32.623889
20
218.406877
70
0
0
VERTEX
8
Sketch
10
32.506569
20
218.689422
70
0
0
VERTEX
8
Sketch
10
32.223890
20
218.806416
70
0
0
VERTEX
8
Sketch
10
31.941210
20
218.689422
70
0
0
VERTEX
8
Sketch
10
31.823890
20
218.406877
70
0
0
VERTEX
8
Sketch
10
31.941210
20
218.124332
70
0
0
VERTEX
8
Sketch
10
32.223890
20
218.007338
70
0
0
VERTEX
8
Sketch
10
32.506569
20
218.124332
70
0
0
VERTEX
8
Sketch
10
32.623889
20
218.406877
70
0
0
VERTEX
8
Sketch
10
32.623889
20
218.406877
70
0
0
SEQEND
8
Sketch
0
POLYLINE
8
Sketch
62
7
70
0
10
0.000000
20
0.000000
66
1
0
VERTEX
8
Sketch
10
25.397013
20
198.551195
70
0
0
VERTEX
8
Sketch
10
25.197013
20
198.897606
70
0
0
VERTEX
8
Sketch
10
24.797012
20
198.897606
70
0
0
VERTEX
8
Sketch
10
24.597012
20
198.551195
70
0
0
VERTEX
8
Sketch
10
24.797012
20
198.204785
70
0
0
VERTEX
8
Sketch
10
25.197013
20
198.204785
70
0
0
VERTEX
8
Sketch
10
25.397013
20
198.551195
70
0
0
VERTEX
8
Sketch
10
25.397013
20
198.551195
70
0
0
SEQEND
8
Sketch
0
POLYLINE
8
Sketch
62
7
70
0
10
0.000000
20
0.000000
66
1
0
VERTEX
8
Sketch
10
24.528281
20
196.164379
70
0
0
VERTEX
8
Sketch
10
24.410962
20
196.446924
70
0
0
VERTEX
8
Sketch
10
24.128282
20
196.563918
70
0
0
VERTEX
8
Sketch
10
23.845603
20
196.446924
70
0
0
VERTEX
8
Sketch
10
23.728283
20
196.164379
70
0
0
VERTEX
8
Sketch
10
23.845603
20
195.881834
70
0
0
VERTEX
8
Sketch
10
24.128282
20
195.764840
70
0
0
VERTEX
8
Sketch
10
24.410962
20
195.881834
70
0
0
VERTEX
8
Sketch
10
24.528281
20
196.164379
70
0
0
VERTEX
8
Sketch
10
24.528281
20
196.164379
70
0
0
SEQEND
8
Sketch
0
POLYLINE
8
Sketch
62
7
70
0
10
0.000000
20
0.000000
66
1
0
VERTEX
8
Sketch
10
22.790820
20
191.390754
70
0
0
VERTEX
8
Sketch
10
22.673501
20
191.673299
70
0
0
VERTEX
8
Sketch
10
22.390821
20
191.790293
70
0
0
VERTEX
8
Sketch
10
22.108142
20
191.673299
70
0
0
VERTEX
8
Sketch
10
21.990822
20
191.390754
70
0
0
VERTEX
8
Sketch
10
22.108142
20
191.108209
70
0
0
VERTEX
8
Sketch
10
22.390821
20
190.991215
70
0
0
VERTEX
8
Sketch
10
22.673501
20
191.108209
70
0
0
VERTEX
8
Sketch
10
22.790820
20
191.390754
70
0
0
VERTEX
8
Sketch
10
22.790820
20
191.390754
70
0
0
SEQEND
8
Sketch
0
POLYLINE
8
Sketch
62
7
70
0
10
0.000000
20
0.000000
66
1
0
VERTEX
8
Sketch
10
23.659552
20
193.777557
70
0
0
VERTEX
8
Sketch
10
23.542233
20
194.060102
70
0
0
VERTEX
8
Sketch
10
23.259553
20
194.177097
70
0
0
VERTEX
8
Sketch
10
22.976873
20
194.060102
70
0
0
VERTEX
8
Sketch
10
22.859554
20
193.777557
70
0
0
VERTEX
8
Sketch
10
22.976873
20
193.495012
70
0
0
VERTEX
8
Sketch
10
23.259553
20
193.378018
70
0
0
VERTEX
8
Sketch
10
23.542233
20
193.495012
70
0
0
VERTEX
8
Sketch
10
23.659552
20
193.777557
70
0
0
VERTEX
8
Sketch
10
23.659552
20
193.777557
70
0
0
SEQEND
8
Sketch
0
POLYLINE
8
Sketch
62
7
70
0
10
0.000000
20
0.000000
66
1
0
VERTEX
8
Sketch
10
21.922091
20
189.003924
70
0
0
VERTEX
8
Sketch
10
21.804772
20
189.286469
70
0
0
VERTEX
8
Sketch
10
21.522092
20
189.403464
70
0
0
VERTEX
8
Sketch
10
21.239412
20
189.286469
70
0
0
VERTEX
8
Sketch
10
21.122093
20
189.003924
70
0
0
VERTEX
8
Sketch
10
21.239412
20
188.721379
70
0
0
VERTEX
8
Sketch
10
21.522092
20
188.604385
70
0
0
VERTEX
8
Sketch
10
21.804772
20
188.721379
70
0
0
VERTEX
8
Sketch
10
21.922091
20
189.003924
70
0
0
VERTEX
8
Sketch
10
21.922091
20
189.003924
70
0
0
SEQEND
8
Sketch
0
POLYLINE
8
Sketch
62
7
70
0
10
0.000000
20
0.000000
66
1
0
VERTEX
8
Sketch
10
65.105556
20
263.522049
70
0
0
VERTEX
8
Sketch
10
64.988236
20
263.804594
70
0
0
VERTEX
8
Sketch
10
64.705557
20
263.921588
70
0
0
VERTEX
8
Sketch
10
64.422877
20
263.804594
70
0
0
VERTEX
8
Sketch
10
64.305557
20
263.522049
70
0
0
VERTEX
8
Sketch
10
64.422877
20
263.239504
70
0
0
VERTEX
8
Sketch
10
64.705557
20
263.122509
70
0
0
VERTEX
8
Sketch
10
64.988236
20
263.239504
70
0
0
VERTEX
8
Sketch
10
65.105556
20
263.522049
70
0
0
VERTEX
8
Sketch
10
65.105556
20
263.522049
70
0
0
SEQEND
8
Sketch
0
POLYLINE
8
Sketch
62
7
70
0
10
0.000000
20
0.000000
66
1
0
VERTEX
8
Sketch
10
63.472878
20
261.576297
70
0
0
VERTEX
8
Sketch
10
63.355558
20
261.858842
70
0
0
VERTEX
8
Sketch
10
63.072878
20
261.975837
70
0
0
VERTEX
8
Sketch
10
62.790199
20
261.858842
70
0
0
VERTEX
8
Sketch
10
62.672879
20
261.576297
70
0
0
VERTEX
8
Sketch
10
62.790199
20
261.293753
70
0
0
VERTEX
8
Sketch
10
63.072878
20
261.176758
70
0
0
VERTEX
8
Sketch
10
63.355558
20
261.293753
70
0
0
VERTEX
8
Sketch
10
63.472878
20
261.576297
70
0
0
VERTEX
8
Sketch
10
63.472878
20
261.576297
70
0
0
SEQEND
8
Sketch
0
POLYLINE
8
Sketch
62
7
70
0
10
0.000000
20
0.000000
66
1
0
VERTEX
8
Sketch
10
61.840199
20
259.630549
70
0
0
VERTEX
8
Sketch
10
61.722880
20
259.913094
70
0
0
VERTEX
8
Sketch
10
61.440200
20
260.030088
70
0
0
VERTEX
8
Sketch
10
61.157521
20
259.913094
70
0
0
VERTEX
8
Sketch
10
61.040201
20
259.630549
70
0
0
VERTEX
8
Sketch
10
61.157521
20
259.348004
70
0
0
VERTEX
8
Sketch
10
61.440200
20
259.231009
70
0
0
VERTEX
8
Sketch
10
61.722880
20
259.348004
70
0
0
VERTEX
8
Sketch
10
61.840199
20
259.630549
70
0
0
VERTEX
8
Sketch
10
61.840199
20
259.630549
70
0
0
SEQEND
8
Sketch
0
POLYLINE
8
Sketch
62
7
70
0
10
0.000000
20
0.000000
66
1
0
VERTEX
8
Sketch
10
60.207521
20
257.684797
70
0
0
VERTEX
8
Sketch
10
60.090202
20
257.967342
70
0
0
VERTEX
8
Sketch
10
59.807522
20
258.084337
70
0
0
VERTEX
8
Sketch
10
59.524842
20
257.967342
70
0
0
VERTEX
8
Sketch
10
59.407523
20
257.684797
70
0
0
VERTEX
8
Sketch
10
59.524842
20
257.402253
70
0
0
VERTEX
8
Sketch
10
59.807522
20
257.285258
70
0
0
VERTEX
8
Sketch
10
60.090202
20
257.402253
70
0
0
VERTEX
8
Sketch
10
60.207521
20
257.684797
70
0
0
VERTEX
8
Sketch
10
60.207521
20
257.684797
70
0
0
SEQEND
8
Sketch
0
POLYLINE
8
Sketch
62
7
70
0
10
0.000000
20
0.000000
66
1
0
VERTEX
8
Sketch
10
58.574843
20
255.739049
70
0
0
VERTEX
8
Sketch
10
58.457523
20
256.021594
70
0
0
VERTEX
8
Sketch
10
58.174844
20
256.138588
70
0
0
VERTEX
8
Sketch
10
57.892164
20
256.021594
70
0
0
VERTEX
8
Sketch
10
57.774845
20
255.739049
70
0
0
VERTEX
8
Sketch
10
57.892164
20
255.456504
70
0
0
VERTEX
8
Sketch
10
58.174844
20
255.339509
70
0
0
VERTEX
8
Sketch
10
58.457523
20
255.456504
70
0
0
VERTEX
8
Sketch
10
58.574843
20
255.739049
70
0
0
VERTEX
8
Sketch
10
58.574843
20
255.739049
70
0
0
SEQEND
8
Sketch
0
POLYLINE
8
Sketch
62
7
70
0
10
0.000000
20
0.000000
66
1
0
VERTEX
8
Sketch
10
44.992758
20
239.552549
70
0
0
VERTEX
8
Sketch
10
44.875438
20
239.835094
70
0
0
VERTEX
8
Sketch
10
44.592759
20
239.952088
70
0
0
VERTEX
8
Sketch
10
44.310079
20
239.835094
70
0
0
VERTEX
8
Sketch
10
44.192759
20
239.552549
70
0
0
VERTEX
8
Sketch
10
44.310079
20
239.270004
70
0
0
VERTEX
8
Sketch
10
44.592759
20
239.153009
70
0
0
VERTEX
8
Sketch
10
44.875438
20
239.270004
70
0
0
VERTEX
8
Sketch
10
44.992758
20
239.552549
70
0
0
VERTEX
8
Sketch
10
44.992758
20
239.552549
70
0
0
SEQEND
8
Sketch
0
POLYLINE
8
Sketch
62
7
70
0
10
0.000000
20
0.000000
66
1
0
VERTEX
8
Sketch
10
43.360080
20
237.606800
70
0
0
VERTEX
8
Sketch
10
43.242760
20
237.889345
70
0
0
VERTEX
8
Sketch
10
42.960080
20
238.006340
70
0
0
VERTEX
8
Sketch
10
42.677401
20
237.889345
70
0
0
VERTEX
8
Sketch
10
42.560081
20
237.606800
70
0
0
VERTEX
8
Sketch
10
42.677401
20
237.324255
70
0
0
VERTEX
8
Sketch
10
42.960080
20
237.207261
70
0
0
VERTEX
8
Sketch
10
43.242760
20
237.324255
70
0
0
VERTEX
8
Sketch
10
43.360080
20
237.606800
70
0
0
VERTEX
8
Sketch
10
43.360080
20
237.606800
70
0
0
SEQEND
8
Sketch
0
POLYLINE
8
Sketch
62
7
70
0
10
0.000000
20
0.000000
66
1
0
VERTEX
8
Sketch
10
40.094721
20
233.715300
70
0
0
VERTEX
8
Sketch
10
39.977401
20
233.997845
70
0
0
VERTEX
8
Sketch
10
39.694721
20
234.114840
70
0
0
VERTEX
8
Sketch
10
39.412042
20
233.997845
70
0
0
VERTEX
8
Sketch
10
39.294722
20
233.715300
70
0
0
VERTEX
8
Sketch
10
39.412042
20
233.432755
70
0
0
VERTEX
8
Sketch
10
39.694721
20
233.315761
70
0
0
VERTEX
8
Sketch
10
39.977401
20
233.432755
70
0
0
VERTEX
8
Sketch
10
40.094721
20
233.715300
70
0
0
VERTEX
8
Sketch
10
40.094721
20
233.715300
70
0
0
SEQEND
8
Sketch
0
POLYLINE
8
Sketch
62
7
70
0
10
0.000000
20
0.000000
66
1
0
VERTEX
8
Sketch
10
41.727401
20
235.661049
70
0
0
VERTEX
8
Sketch
10
41.610082
20
235.943594
70
0
0
VERTEX
8
Sketch
10
41.327402
20
236.060588
70
0
0
VERTEX
8
Sketch
10
41.044723
20
235.943594
70
0
0
VERTEX
8
Sketch
10
40.927403
20
235.661049
70
0
0
VERTEX
8
Sketch
10
41.044723
20
235.378504
70
0
0
VERTEX
8
Sketch
10
41.327402
20
235.261509
70
0
0
VERTEX
8
Sketch
10
41.610082
20
235.378504
70
0
0
VERTEX
8
Sketch
10
41.727401
20
235.661049
70
0
0
VERTEX
8
Sketch
10
41.727401
20
235.661049
70
0
0
SEQEND
8
Sketch
0
POLYLINE
8
Sketch
62
7
70
0
10
0.000000
20
0.000000
66
1
0
VERTEX
8
Sketch
10
38.462045
20
231.769549
70
0
0
VERTEX
8
Sketch
10
38.262045
20
232.115959
70
0
0
VERTEX
8
Sketch
10
37.862044
20
232.115959
70
0
0
VERTEX
8
Sketch
10
37.662044
20
231.769549
70
0
0
VERTEX
8
Sketch
10
37.862044
20
231.423138
70
0
0
VERTEX
8
Sketch
10
38.262045
20
231.423138
70
0
0
VERTEX
8
Sketch
10
38.462045
20
231.769549
70
0
0
VERTEX
8
Sketch
10
38.462045
20
231.769549
70
0
0
SEQEND
8
Sketch
0
POLYLINE
8
Sketch
62
7
70
0
10
0.000000
20
0.000000
66
1
0
VERTEX
8
Sketch
10
104.527925
20
287.024060
70
0
0
VERTEX
8
Sketch
10
104.410606
20
287.306605
70
0
0
VERTEX
8
Sketch
10
104.127926
20
287.423599
70
0
0
VERTEX
8
Sketch
10
103.845247
20
287.306605
70
0
0
VERTEX
8
Sketch
10
103.727927
20
287.024060
70
0
0
VERTEX
8
Sketch
10
103.845247
20
286.741515
70
0
0
VERTEX
8
Sketch
10
104.127926
20
286.624520
70
0
0
VERTEX
8
Sketch
10
104.410606
20
286.741515
70
0
0
VERTEX
8
Sketch
10
104.527925
20
287.024060
70
0
0
VERTEX
8
Sketch
10
104.527925
20
287.024060
70
0
0
SEQEND
8
Sketch
0
POLYLINE
8
Sketch
62
7
70
0
10
0.000000
20
0.000000
66
1
0
VERTEX
8
Sketch
10
102.328222
20
285.754059
70
0
0
VERTEX
8
Sketch
10
102.210902
20
286.036604
70
0
0
VERTEX
8
Sketch
10
101.928223
20
286.153598
70
0
0
VERTEX
8
Sketch
10
101.645543
20
286.036604
70
0
0
VERTEX
8
Sketch
10
101.528224
20
285.754059
70
0
0
VERTEX
8
Sketch
10
101.645543
20
285.471514
70
0
0
VERTEX
8
Sketch
10
101.928223
20
285.354519
70
0
0
VERTEX
8
Sketch
10
102.210902
20
285.471514
70
0
0
VERTEX
8
Sketch
10
102.328222
20
285.754059
70
0
0
VERTEX
8
Sketch
10
102.328222
20
285.754059
70
0
0
SEQEND
8
Sketch
0
POLYLINE
8
Sketch
62
7
70
0
10
0.000000
20
0.000000
66
1
0
VERTEX
8
Sketch
10
100.128521
20
284.484063
70
0
0
VERTEX
8
Sketch
10
100.011202
20
284.766608
70
0
0
VERTEX
8
Sketch
10
99.728522
20
284.883602
70
0
0
VERTEX
8
Sketch
10
99.445842
20
284.766608
70
0
0
VERTEX
8
Sketch
10
99.328523
20
284.484063
70
0
0
VERTEX
8
Sketch
10
99.445842
20
284.201518
70
0
0
VERTEX
8
Sketch
10
99.728522
20
284.084524
70
0
0
VERTEX
8
Sketch
10
100.011202
20
284.201518
70
0
0
VERTEX
8
Sketch
10
100.128521
20
284.484063
70
0
0
VERTEX
8
Sketch
10
100.128521
20
284.484063
70
0
0
SEQEND
8
Sketch
0
POLYLINE
8
Sketch
62
7
70
0
10
0.000000
20
0.000000
66
1
0
VERTEX
8
Sketch
10
97.928821
20
283.214065
70
0
0
VERTEX
8
Sketch
10
97.811663
20
283.496908
70
0
0
VERTEX
8
Sketch
10
97.528820
20
283.614065
70
0
0
VERTEX
8
Sketch
10
97.245977
20
283.496908
70
0
0
VERTEX
8
Sketch
10
97.128819
20
283.214065
70
0
0
VERTEX
8
Sketch
10
97.245977
20
282.931222
70
0
0
VERTEX
8
Sketch
10
97.528820
20
282.814064
70
0
0
VERTEX
8
Sketch
10
97.811663
20
282.931222
70
0
0
VERTEX
8
Sketch
10
97.928821
20
283.214065
70
0
0
VERTEX
8
Sketch
10
97.928821
20
283.214065
70
0
0
SEQEND
8
Sketch
0
POLYLINE
8
Sketch
62
7
70
0
10
0.000000
20
0.000000
66
1
0
VERTEX
8
Sketch
10
95.729117
20
281.944064
70
0
0
VERTEX
8
Sketch
10
95.611798
20
282.226608
70
0
0
VERTEX
8
Sketch
10
95.329118
20
282.343603
70
0
0
VERTEX
8
Sketch
10
95.046438
20
282.226608
70
0
0
VERTEX
8
Sketch
10
94.929119
20
281.944064
70
0
0
VERTEX
8
Sketch
10
95.046438
20
281.661519
70
0
0
VERTEX
8
Sketch
10
95.329118
20
281.544524
70
0
0
VERTEX
8
Sketch
10
95.611798
20
281.661519
70
0
0
VERTEX
8
Sketch
10
95.729117
20
281.944064
70
0
0
VERTEX
8
Sketch
10
95.729117
20
281.944064
70
0
0
SEQEND
8
Sketch
0
POLYLINE
8
Sketch
62
7
70
0
10
0.000000
20
0.000000
66
1
0
VERTEX
8
Sketch
10
77.430025
20
271.379079
70
0
0
VERTEX
8
Sketch
10
77.312705
20
271.661624
70
0
0
VERTEX
8
Sketch
10
77.030026
20
271.778619
70
0
0
VERTEX
8
Sketch
10
76.747346
20
271.661624
70
0
0
VERTEX
8
Sketch
10
76.630027
20
271.379079
70
0
0
VERTEX
8
Sketch
10
76.747346
20
271.096534
70
0
0
VERTEX
8
Sketch
10
77.030026
20
270.979540
70
0
0
VERTEX
8
Sketch
10
77.312705
20
271.096534
70
0
0
VERTEX
8
Sketch
10
77.430025
20
271.379079
70
0
0
VERTEX
8
Sketch
10
77.430025
20
271.379079
70
0
0
SEQEND
8
Sketch
0
POLYLINE
8
Sketch
62
7
70
0
10
0.000000
20
0.000000
66
1
0
VERTEX
8
Sketch
10
75.230322
20
270.109081
70
0
0
VERTEX
8
Sketch
10
75.113002
20
270.391626
70
0
0
VERTEX
8
Sketch
10
74.830322
20
270.508620
70
0
0
VERTEX
8
Sketch
10
74.547643
20
270.391626
70
0
0
VERTEX
8
Sketch
10
74.430323
20
270.109081
70
0
0
VERTEX
8
Sketch
10
74.547643
20
269.826536
70
0
0
VERTEX
8
Sketch
10
74.830322
20
269.709541
70
0
0
VERTEX
8
Sketch
10
75.113002
20
269.826536
70
0
0
VERTEX
8
Sketch
10
75.230322
20
270.109081
70
0
0
VERTEX
8
Sketch
10
75.230322
20
270.109081
70
0
0
SEQEND
8
Sketch
0
POLYLINE
8
Sketch
62
7
70
0
10
0.000000
20
0.000000
66
1
0
VERTEX
8
Sketch
10
70.830920
20
267.569084
70
0
0
VERTEX
8
Sketch
10
70.630920
20
267.915495
70
0
0
VERTEX
8
Sketch
10
70.230919
20
267.915495
70
0
0
VERTEX
8
Sketch
10
70.030919
20
267.569084
70
0
0
VERTEX
8
Sketch
10
70.230919
20
267.222673
70
0
0
VERTEX
8
Sketch
10
70.630920
20
267.222673
70
0
0
VERTEX
8
Sketch
10
70.830920
20
267.569084
70
0
0
VERTEX
8
Sketch
10
70.830920
20
267.569084
70
0
0
SEQEND
8
Sketch
0
POLYLINE
8
Sketch
62
7
70
0
10
0.000000
20
0.000000
66
1
0
VERTEX
8
Sketch
10
73.030621
20
268.839082
70
0
0
VERTEX
8
Sketch
10
72.913301
20
269.121627
70
0
0
VERTEX
8
Sketch
10
72.630622
20
269.238622
70
0
0
VERTEX
8
Sketch
10
72.347942
20
269.121627
70
0
0
VERTEX
8
Sketch
10
72.230623
20
268.839082
70
0
0
VERTEX
8
Sketch
10
72.347942
20
268.556537
70
0
0
VERTEX
8
Sketch
10
72.630622
20
268.439543
70
0
0
VERTEX
8
Sketch
10
72.913301
20
268.556537
70
0
0
VERTEX
8
Sketch
10
73.030621
20
268.839082
70
0
0
VERTEX
8
Sketch
10
73.030621
20
268.839082
70
0
0
SEQEND
8
Sketch
0
POLYLINE
8
Sketch
62
7
70
0
10
0.000000
20
0.000000
66
1
0
VERTEX
8
Sketch
10
68.631217
20
266.299086
70
0
0
VERTEX
8
Sketch
10
68.513897
20
266.581630
70
0
0
VERTEX
8
Sketch
10
68.231218
20
266.698625
70
0
0
VERTEX
8
Sketch
10
67.948538
20
266.581630
70
0
0
VERTEX
8
Sketch
10
67.831218
20
266.299086
70
0
0
VERTEX
8
Sketch
10
67.948538
20
266.016541
70
0
0
VERTEX
8
Sketch
10
68.231218
20
265.899546
70
0
0
VERTEX
8
Sketch
10
68.513897
20
266.016541
70
0
0
VERTEX
8
Sketch
10
68.631217
20
266.299086
70
0
0
VERTEX
8
Sketch
10
68.631217
20
266.299086
70
0
0
SEQEND
8
Sketch
0
POLYLINE
8
Sketch
62
7
70
0
10
0.000000
20
0.000000
66
1
0
VERTEX
8
Sketch
10
149.610993
20
295.625478
70
0
0
VERTEX
8
Sketch
10
149.410994
20
295.971888
70
0
0
VERTEX
8
Sketch
10
149.010994
20
295.971888
70
0
0
VERTEX
8
Sketch
10
148.810994
20
295.625478
70
0
0
VERTEX
8
Sketch
10
149.010994
20
295.279069
70
0
0
VERTEX
8
Sketch
10
149.410994
20
295.279069
70
0
0
VERTEX
8
Sketch
10
149.610993
20
295.625478
70
0
0
VERTEX
8
Sketch
10
149.610993
20
295.625478
70
0
0
SEQEND
8
Sketch
0
POLYLINE
8
Sketch
62
7
70
0
10
0.000000
20
0.000000
66
1
0
VERTEX
8
Sketch
10
147.109585
20
295.184413
70
0
0
VERTEX
8
Sketch
10
146.909585
20
295.530823
70
0
0
VERTEX
8
Sketch
10
146.509586
20
295.530823
70
0
0
VERTEX
8
Sketch
10
146.309586
20
295.184413
70
0
0
VERTEX
8
Sketch
10
146.509586
20
294.838004
70
0
0
VERTEX
8
Sketch
10
146.909585
20
294.838004
70
0
0
VERTEX
8
Sketch
10
147.109585
20
295.184413
70
0
0
VERTEX
8
Sketch
10
147.109585
20
295.184413
70
0
0
SEQEND
8
Sketch
0
POLYLINE
8
Sketch
62
7
70
0
10
0.000000
20
0.000000
66
1
0
VERTEX
8
Sketch
10
144.608176
20
294.743348
70
0
0
VERTEX
8
Sketch
10
144.408177
20
295.089758
70
0
0
VERTEX
8
Sketch
10
144.008177
20
295.089758
70
0
0
VERTEX
8
Sketch
10
143.808177
20
294.743348
70
0
0
VERTEX
8
Sketch
10
144.008177
20
294.396938
70
0
0
VERTEX
8
Sketch
10
144.408177
20
294.396938
70
0
0
VERTEX
8
Sketch
10
144.608176
20
294.743348
70
0
0
VERTEX
8
Sketch
10
144.608176
20
294.743348
70
0
0
SEQEND
8
Sketch
0
POLYLINE
8
Sketch
62
7
70
0
10
0.000000
20
0.000000
66
1
0
VERTEX
8
Sketch
10
142.106768
20
294.302283
70
0
0
VERTEX
8
Sketch
10
141.906768
20
294.648693
70
0
0
VERTEX
8
Sketch
10
141.506769
20
294.648693
70
0
0
VERTEX
8
Sketch
10
141.306769
20
294.302283
70
0
0
VERTEX
8
Sketch
10
141.506769
20
293.955873
70
0
0
VERTEX
8
Sketch
10
141.906768
20
293.955873
70
0
0
VERTEX
8
Sketch
10
142.106768
20
294.302283
70
0
0
VERTEX
8
Sketch
10
142.106768
20
294.302283
70
0
0
SEQEND
8
Sketch
0
POLYLINE
8
Sketch
62
7
70
0
10
0.000000
20
0.000000
66
1
0
VERTEX
8
Sketch
10
139.605359
20
293.861215
70
0
0
VERTEX
8
Sketch
10
139.488202
20
294.144058
70
0
0
VERTEX
8
Sketch
10
139.205360
20
294.261215
70
0
0
VERTEX
8
Sketch
10
138.922518
20
294.144058
70
0
0
VERTEX
8
Sketch
10
138.805361
20
293.861215
70
0
0
VERTEX
8
Sketch
10
139.005360
20
293.514805
70
0
0
VERTEX
8
Sketch
10
139.405360
20
293.514805
70
0
0
VERTEX
8
Sketch
10
139.605359
20
293.861215
70
0
0
VERTEX
8
Sketch
10
139.605359
20
293.861215
70
0
0
SEQEND
8
Sketch
0
POLYLINE
8
Sketch
62
7
70
0
10
0.000000
20
0.000000
66
1
0
VERTEX
8
Sketch
10
118.796397
20
290.192034
70
0
0
VERTEX
8
Sketch
10
118.679078
20
290.474579
70
0
0
VERTEX
8
Sketch
10
118.396398
20
290.591573
70
0
0
VERTEX
8
Sketch
10
118.113718
20
290.474579
70
0
0
VERTEX
8
Sketch
10
117.996399
20
290.192034
70
0
0
VERTEX
8
Sketch
10
118.113718
20
289.909489
70
0
0
VERTEX
8
Sketch
10
118.396398
20
289.792494
70
0
0
VERTEX
8
Sketch
10
118.679078
20
289.909489
70
0
0
VERTEX
8
Sketch
10
118.796397
20
290.192034
70
0
0
VERTEX
8
Sketch
10
118.796397
20
290.192034
70
0
0
SEQEND
8
Sketch
0
POLYLINE
8
Sketch
62
7
70
0
10
0.000000
20
0.000000
66
1
0
VERTEX
8
Sketch
10
116.294990
20
289.750969
70
0
0
VERTEX
8
Sketch
10
116.177670
20
290.033513
70
0
0
VERTEX
8
Sketch
10
115.894990
20
290.150508
70
0
0
VERTEX
8
Sketch
10
115.612311
20
290.033513
70
0
0
VERTEX
8
Sketch
10
115.494991
20
289.750969
70
0
0
VERTEX
8
Sketch
10
115.612311
20
289.468424
70
0
0
VERTEX
8
Sketch
10
115.894990
20
289.351429
70
0
0
VERTEX
8
Sketch
10
116.177670
20
289.468424
70
0
0
VERTEX
8
Sketch
10
116.294990
20
289.750969
70
0
0
VERTEX
8
Sketch
10
116.294990
20
289.750969
70
0
0
SEQEND
8
Sketch
0
POLYLINE
8
Sketch
62
7
70
0
10
0.000000
20
0.000000
66
1
0
VERTEX
8
Sketch
10
111.292172
20
288.868838
70
0
0
VERTEX
8
Sketch
10
111.174853
20
289.151383
70
0
0
VERTEX
8
Sketch
10
110.892173
20
289.268378
70
0
0
VERTEX
8
Sketch
10
110.609493
20
289.151383
70
0
0
VERTEX
8
Sketch
10
110.492174
20
288.868838
70
0
0
VERTEX
8
Sketch
10
110.609493
20
288.586293
70
0
0
VERTEX
8
Sketch
10
110.892173
20
288.469299
70
0
0
VERTEX
8
Sketch
10
111.174853
20
288.586293
70
0
0
VERTEX
8
Sketch
10
111.292172
20
288.868838
70
0
0
VERTEX
8
Sketch
10
111.292172
20
288.868838
70
0
0
SEQEND
8
Sketch
0
POLYLINE
8
Sketch
62
7
70
0
10
0.000000
20
0.000000
66
1
0
VERTEX
8
Sketch
10
113.793582
20
289.309903
70
0
0
VERTEX
8
Sketch
10
113.593582
20
289.656314
70
0
0
VERTEX
8
Sketch
10
113.193582
20
289.656314
70
0
0
VERTEX
8
Sketch
10
112.993581
20
289.309903
70
0
0
VERTEX
8
Sketch
10
113.193582
20
288.963493
70
0
0
VERTEX
8
Sketch
10
113.593582
20
288.963493
70
0
0
VERTEX
8
Sketch
10
113.793582
20
289.309903
70
0
0
VERTEX
8
Sketch
10
113.793582
20
289.309903
70
0
0
SEQEND
8
Sketch
0
POLYLINE
8
Sketch
62
7
70
0
10
0.000000
20
0.000000
66
1
0
VERTEX
8
Sketch
10
108.790765
20
288.427773
70
0
0
VERTEX
8
Sketch
10
108.673445
20
288.710318
70
0
0
VERTEX
8
Sketch
10
108.390766
20
288.827313
70
0
0
VERTEX
8
Sketch
10
108.108086
20
288.710318
70
0
0
VERTEX
8
Sketch
10
107.990767
20
288.427773
70
0
0
VERTEX
8
Sketch
10
108.108086
20
288.145228
70
0
0
VERTEX
8
Sketch
10
108.390766
20
288.028234
70
0
0
VERTEX
8
Sketch
10
108.673445
20
288.145228
70
0
0
VERTEX
8
Sketch
10
108.790765
20
288.427773
70
0
0
VERTEX
8
Sketch
10
108.790765
20
288.427773
70
0
0
SEQEND
8
Sketch
0
POLYLINE
8
Sketch
62
7
70
0
10
0.000000
20
0.000000
66
1
0
VERTEX
8
Sketch
10
194.917080
20
288.288854
70
0
0
VERTEX
8
Sketch
10
194.799760
20
288.571399
70
0
0
VERTEX
8
Sketch
10
194.517080
20
288.688393
70
0
0
VERTEX
8
Sketch
10
194.234401
20
288.571399
70
0
0
VERTEX
8
Sketch
10
194.117081
20
288.288854
70
0
0
VERTEX
8
Sketch
10
194.234401
20
288.006309
70
0
0
VERTEX
8
Sketch
10
194.517080
20
287.889314
70
0
0
VERTEX
8
Sketch
10
194.799760
20
288.006309
70
0
0
VERTEX
8
Sketch
10
194.917080
20
288.288854
70
0
0
VERTEX
8
Sketch
10
194.917080
20
288.288854
70
0
0
SEQEND
8
Sketch
0
POLYLINE
8
Sketch
62
7
70
0
10
0.000000
20
0.000000
66
1
0
VERTEX
8
Sketch
10
192.415672
20
288.729919
70
0
0
VERTEX
8
Sketch
10
192.298353
20
289.012464
70
0
0
VERTEX
8
Sketch
10
192.015673
20
289.129458
70
0
0
VERTEX
8
Sketch
10
191.732993
20
289.012464
70
0
0
VERTEX
8
Sketch
10
191.615674
20
288.729919
70
0
0
VERTEX
8
Sketch
10
191.732993
20
288.447374
70
0
0
VERTEX
8
Sketch
10
192.015673
20
288.330380
70
0
0
VERTEX
8
Sketch
10
192.298353
20
288.447374
70
0
0
VERTEX
8
Sketch
10
192.415672
20
288.729919
70
0
0
VERTEX
8
Sketch
10
192.415672
20
288.729919
70
0
0
SEQEND
8
Sketch
0
POLYLINE
8
Sketch
62
7
70
0
10
0.000000
20
0.000000
66
1
0
VERTEX
8
Sketch
10
189.914262
20
289.170984
70
0
0
VERTEX
8
Sketch
10
189.796943
20
289.453529
70
0
0
VERTEX
8
Sketch
10
189.514263
20
289.570524
70
0
0
VERTEX
8
Sketch
10
189.231583
20
289.453529
70
0
0
VERTEX
8
Sketch
10
189.114264
20
289.170984
70
0
0
VERTEX
8
Sketch
10
189.231583
20
288.888439
70
0
0
VERTEX
8
Sketch
10
189.514263
20
288.771445
70
0
0
VERTEX
8
Sketch
10
189.796943
20
288.888439
70
0
0
VERTEX
8
Sketch
10
189.914262
20
289.170984
70
0
0
VERTEX
8
Sketch
10
189.914262
20
289.170984
70
0
0
SEQEND
8
Sketch
0
POLYLINE
8
Sketch
62
7
70
0
10
0.000000
20
0.000000
66
1
0
VERTEX
8
Sketch
10
187.412855
20
289.612049
70
0
0
VERTEX
8
Sketch
10
187.295535
20
289.894594
70
0
0
VERTEX
8
Sketch
10
187.012856
20
290.011589
70
0
0
VERTEX
8
Sketch
10
186.730176
20
289.894594
70
0
0
VERTEX
8
Sketch
10
186.612856
20
289.612049
70
0
0
VERTEX
8
Sketch
10
186.730176
20
289.329504
70
0
0
VERTEX
8
Sketch
10
187.012856
20
289.212510
70
0
0
VERTEX
8
Sketch
10
187.295535
20
289.329504
70
0
0
VERTEX
8
Sketch
10
187.412855
20
289.612049
70
0
0
VERTEX
8
Sketch
10
187.412855
20
289.612049
70
0
0
SEQEND
8
Sketch
0
POLYLINE
8
Sketch
62
7
70
0
10
0.000000
20
0.000000
66
1
0
VERTEX
8
Sketch
10
184.911445
20
290.053117
70
0
0
VERTEX
8
Sketch
10
184.794125
20
290.335662
70
0
0
VERTEX
8
Sketch
10
184.511446
20
290.452656
70
0
0
VERTEX
8
Sketch
10
184.228766
20
290.335662
70
0
0
VERTEX
8
Sketch
10
184.111446
20
290.053117
70
0
0
VERTEX
8
Sketch
10
184.228766
20
289.770572
70
0
0
VERTEX
8
Sketch
10
184.511446
20
289.653578
70
0
0
VERTEX
8
Sketch
10
184.794125
20
289.770572
70
0
0
VERTEX
8
Sketch
10
184.911445
20
290.053117
70
0
0
VERTEX
8
Sketch
10
184.911445
20
290.053117
70
0
0
SEQEND
8
Sketch
0
POLYLINE
8
Sketch
62
7
70
0
10
0.000000
20
0.000000
66
1
0
VERTEX
8
Sketch
10
164.102484
20
293.722299
70
0
0
VERTEX
8
Sketch
10
163.902485
20
294.068708
70
0
0
VERTEX
8
Sketch
10
163.502485
20
294.068708
70
0
0
VERTEX
8
Sketch
10
163.302485
20
293.722299
70
0
0
VERTEX
8
Sketch
10
163.502485
20
293.375889
70
0
0
VERTEX
8
Sketch
10
163.902485
20
293.375889
70
0
0
VERTEX
8
Sketch
10
164.102484
20
293.722299
70
0
0
VERTEX
8
Sketch
10
164.102484
20
293.722299
70
0
0
SEQEND
8
Sketch
0
POLYLINE
8
Sketch
62
7
70
0
10
0.000000
20
0.000000
66
1
0
VERTEX
8
Sketch
10
161.601076
20
294.163364
70
0
0
VERTEX
8
Sketch
10
161.483918
20
294.446206
70
0
0
VERTEX
8
Sketch
10
161.201076
20
294.563363
70
0
0
VERTEX
8
Sketch
10
160.918234
20
294.446206
70
0
0
VERTEX
8
Sketch
10
160.801077
20
294.163364
70
0
0
VERTEX
8
Sketch
10
160.918234
20
293.880521
70
0
0
VERTEX
8
Sketch
10
161.201076
20
293.763364
70
0
0
VERTEX
8
Sketch
10
161.483918
20
293.880521
70
0
0
VERTEX
8
Sketch
10
161.601076
20
294.163364
70
0
0
VERTEX
8
Sketch
10
161.601076
20
294.163364
70
0
0
SEQEND
8
Sketch
0
POLYLINE
8
Sketch
62
7
70
0
10
0.000000
20
0.000000
66
1
0
VERTEX
8
Sketch
10
156.598259
20
295.045497
70
0
0
VERTEX
8
Sketch
10
156.398259
20
295.391906
70
0
0
VERTEX
8
Sketch
10
155.998260
20
295.391906
70
0
0
VERTEX
8
Sketch
10
155.798260
20
295.045497
70
0
0
VERTEX
8
Sketch
10
155.998260
20
294.699087
70
0
0
VERTEX
8
Sketch
10
156.398259
20
294.699087
70
0
0
VERTEX
8
Sketch
10
156.598259
20
295.045497
70
0
0
VERTEX
8
Sketch
10
156.598259
20
295.045497
70
0
0
SEQEND
8
Sketch
0
POLYLINE
8
Sketch
62
7
70
0
10
0.000000
20
0.000000
66
1
0
VERTEX
8
Sketch
10
159.099667
20
294.604429
70
0
0
VERTEX
8
Sketch
10
158.899667
20
294.950839
70
0
0
VERTEX
8
Sketch
10
158.499668
20
294.950839
70
0
0
VERTEX
8
Sketch
10
158.299668
20
294.604429
70
0
0
VERTEX
8
Sketch
10
158.499668
20
294.258019
70
0
0
VERTEX
8
Sketch
10
158.899667
20
294.258019
70
0
0
VERTEX
8
Sketch
10
159.099667
20
294.604429
70
0
0
VERTEX
8
Sketch
10
159.099667
20
294.604429
70
0
0
SEQEND
8
Sketch
0
POLYLINE
8
Sketch
62
7
70
0
10
0.000000
20
0.000000
66
1
0
VERTEX
8
Sketch
10
154.096850
20
295.486562
70
0
0
VERTEX
8
Sketch
10
153.896850
20
295.832972
70
0
0
VERTEX
8
Sketch
10
153.496851
20
295.832972
70
0
0
VERTEX
8
Sketch
10
153.296851
20
295.486562
70
0
0
VERTEX
8
Sketch
10
153.496851
20
295.140152
70
0
0
VERTEX
8
Sketch
10
153.896850
20
295.140152
70
0
0
VERTEX
8
Sketch
10
154.096850
20
295.486562
70
0
0
VERTEX
8
Sketch
10
154.096850
20
295.486562
70
0
0
SEQEND
8
Sketch
0
POLYLINE
8
Sketch
62
7
70
0
10
0.000000
20
0.000000
66
1
0
VERTEX
8
Sketch
10
234.981603
20
265.899086
70
0
0
VERTEX
8
Sketch
10
234.781602
20
266.245497
70
0
0
VERTEX
8
Sketch
10
234.381602
20
266.245497
70
0
0
VERTEX
8
Sketch
10
234.181602
20
265.899086
70
0
0
VERTEX
8
Sketch
10
234.381602
20
265.552676
70
0
0
VERTEX
8
Sketch
10
234.781602
20
265.552676
70
0
0
VERTEX
8
Sketch
10
234.981603
20
265.899086
70
0
0
VERTEX
8
Sketch
10
234.981603
20
265.899086
70
0
0
SEQEND
8
Sketch
0
POLYLINE
8
Sketch
62
7
70
0
10
0.000000
20
0.000000
66
1
0
VERTEX
8
Sketch
10
232.781899
20
267.169085
70
0
0
VERTEX
8
Sketch
10
232.664580
20
267.451630
70
0
0
VERTEX
8
Sketch
10
232.381900
20
267.568624
70
0
0
VERTEX
8
Sketch
10
232.099221
20
267.451630
70
0
0
VERTEX
8
Sketch
10
231.981901
20
267.169085
70
0
0
VERTEX
8
Sketch
10
232.099221
20
266.886540
70
0
0
VERTEX
8
Sketch
10
232.381900
20
266.769545
70
0
0
VERTEX
8
Sketch
10
232.664580
20
266.886540
70
0
0
VERTEX
8
Sketch
10
232.781899
20
267.169085
70
0
0
VERTEX
8
Sketch
10
232.781899
20
267.169085
70
0
0
SEQEND
8
Sketch
0
POLYLINE
8
Sketch
62
7
70
0
10
0.000000
20
0.000000
66
1
0
VERTEX
8
Sketch
10
230.582199
20
268.439083
70
0
0
VERTEX
8
Sketch
10
230.382198
20
268.785494
70
0
0
VERTEX
8
Sketch
10
229.982198
20
268.785494
70
0
0
VERTEX
8
Sketch
10
229.782198
20
268.439083
70
0
0
VERTEX
8
Sketch
10
229.982198
20
268.092672
70
0
0
VERTEX
8
Sketch
10
230.382198
20
268.092672
70
0
0
VERTEX
8
Sketch
10
230.582199
20
268.439083
70
0
0
VERTEX
8
Sketch
10
230.582199
20
268.439083
70
0
0
SEQEND
8
Sketch
0
POLYLINE
8
Sketch
62
7
70
0
10
0.000000
20
0.000000
66
1
0
VERTEX
8
Sketch
10
228.382495
20
269.709081
70
0
0
VERTEX
8
Sketch
10
228.265176
20
269.991626
70
0
0
VERTEX
8
Sketch
10
227.982496
20
270.108621
70
0
0
VERTEX
8
Sketch
10
227.699816
20
269.991626
70
0
0
VERTEX
8
Sketch
10
227.582497
20
269.709081
70
0
0
VERTEX
8
Sketch
10
227.699816
20
269.426537
70
0
0
VERTEX
8
Sketch
10
227.982496
20
269.309542
70
0
0
VERTEX
8
Sketch
10
228.265176
20
269.426537
70
0
0
VERTEX
8
Sketch
10
228.382495
20
269.709081
70
0
0
VERTEX
8
Sketch
10
228.382495
20
269.709081
70
0
0
SEQEND
8
Sketch
0
POLYLINE
8
Sketch
62
7
70
0
10
0.000000
20
0.000000
66
1
0
VERTEX
8
Sketch
10
226.182795
20
270.979080
70
0
0
VERTEX
8
Sketch
10
226.065475
20
271.261625
70
0
0
VERTEX
8
Sketch
10
225.782795
20
271.378619
70
0
0
VERTEX
8
Sketch
10
225.500116
20
271.261625
70
0
0
VERTEX
8
Sketch
10
225.382796
20
270.979080
70
0
0
VERTEX
8
Sketch
10
225.500116
20
270.696535
70
0
0
VERTEX
8
Sketch
10
225.782795
20
270.579540
70
0
0
VERTEX
8
Sketch
10
226.065475
20
270.696535
70
0
0
VERTEX
8
Sketch
10
226.182795
20
270.979080
70
0
0
VERTEX
8
Sketch
10
226.182795
20
270.979080
70
0
0
SEQEND
8
Sketch
0
POLYLINE
8
Sketch
62
7
70
0
10
0.000000
20
0.000000
66
1
0
VERTEX
8
Sketch
10
207.883700
20
281.544064
70
0
0
VERTEX
8
Sketch
10
207.766380
20
281.826609
70
0
0
VERTEX
8
Sketch
10
207.483701
20
281.943604
70
0
0
VERTEX
8
Sketch
10
207.201021
20
281.826609
70
0
0
VERTEX
8
Sketch
10
207.083701
20
281.544064
70
0
0
VERTEX
8
Sketch
10
207.201021
20
281.261519
70
0
0
VERTEX
8
Sketch
10
207.483701
20
281.144525
70
0
0
VERTEX
8
Sketch
10
207.766380
20
281.261519
70
0
0
VERTEX
8
Sketch
10
207.883700
20
281.544064
70
0
0
VERTEX
8
Sketch
10
207.883700
20
281.544064
70
0
0
SEQEND
8
Sketch
0
POLYLINE
8
Sketch
62
7
70
0
10
0.000000
20
0.000000
66
1
0
VERTEX
8
Sketch
10
205.683999
20
282.814063
70
0
0
VERTEX
8
Sketch
10
205.566679
20
283.096608
70
0
0
VERTEX
8
Sketch
10
205.284000
20
283.213602
70
0
0
VERTEX
8
Sketch
10
205.001320
20
283.096608
70
0
0
VERTEX
8
Sketch
10
204.884001
20
282.814063
70
0
0
VERTEX
8
Sketch
10
205.001320
20
282.531518
70
0
0
VERTEX
8
Sketch
10
205.284000
20
282.414523
70
0
0
VERTEX
8
Sketch
10
205.566679
20
282.531518
70
0
0
VERTEX
8
Sketch
10
205.683999
20
282.814063
70
0
0
VERTEX
8
Sketch
10
205.683999
20
282.814063
70
0
0
SEQEND
8
Sketch
0
POLYLINE
8
Sketch
62
7
70
0
10
0.000000
20
0.000000
66
1
0
VERTEX
8
Sketch
10
201.284595
20
285.354059
70
0
0
VERTEX
8
Sketch
10
201.167275
20
285.636604
70
0
0
VERTEX
8
Sketch
10
200.884596
20
285.753599
70
0
0
VERTEX
8
Sketch
10
200.601916
20
285.636604
70
0
0
VERTEX
8
Sketch
10
200.484597
20
285.354059
70
0
0
VERTEX
8
Sketch
10
200.601916
20
285.071515
70
0
0
VERTEX
8
Sketch
10
200.884596
20
284.954520
70
0
0
VERTEX
8
Sketch
10
201.167275
20
285.071515
70
0
0
VERTEX
8
Sketch
10
201.284595
20
285.354059
70
0
0
VERTEX
8
Sketch
10
201.284595
20
285.354059
70
0
0
SEQEND
8
Sketch
0
POLYLINE
8
Sketch
62
7
70
0
10
0.000000
20
0.000000
66
1
0
VERTEX
8
Sketch
10
203.484298
20
284.084061
70
0
0
VERTEX
8
Sketch
10
203.284298
20
284.430472
70
0
0
VERTEX
8
Sketch
10
202.884298
20
284.430472
70
0
0
VERTEX
8
Sketch
10
202.684297
20
284.084061
70
0
0
VERTEX
8
Sketch
10
202.884298
20
283.737650
70
0
0
VERTEX
8
Sketch
10
203.284298
20
283.737650
70
0
0
VERTEX
8
Sketch
10
203.484298
20
284.084061
70
0
0
VERTEX
8
Sketch
10
203.484298
20
284.084061
70
0
0
SEQEND
8
Sketch
0
POLYLINE
8
Sketch
62
7
70
0
10
0.000000
20
0.000000
66
1
0
VERTEX
8
Sketch
10
199.084894
20
286.624058
70
0
0
VERTEX
8
Sketch
10
198.967575
20
286.906603
70
0
0
VERTEX
8
Sketch
10
198.684895
20
287.023597
70
0
0
VERTEX
8
Sketch
10
198.402215
20
286.906603
70
0
0
VERTEX
8
Sketch
10
198.284896
20
286.624058
70
0
0
VERTEX
8
Sketch
10
198.402215
20
286.341513
70
0
0
VERTEX
8
Sketch
10
198.684895
20
286.224518
70
0
0
VERTEX
8
Sketch
10
198.967575
20
286.341513
70
0
0
VERTEX
8
Sketch
10
199.084894
20
286.624058
70
0
0
VERTEX
8
Sketch
10
199.084894
20
286.624058
70
0
0
SEQEND
8
Sketch
0
POLYLINE
8
Sketch
62
7
70
0
10
0.000000
20
0.000000
66
1
0
VERTEX
8
Sketch
10
264.972184
20
231.156711
70
0
0
VERTEX
8
Sketch
10
264.854864
20
231.439256
70
0
0
VERTEX
8
Sketch
10
264.572184
20
231.556251
70
0
0
VERTEX
8
Sketch
10
264.289505
20
231.439256
70
0
0
VERTEX
8
Sketch
10
264.172185
20
231.156711
70
0
0
VERTEX
8
Sketch
10
264.289505
20
230.874166
70
0
0
VERTEX
8
Sketch
10
264.572184
20
230.757172
70
0
0
VERTEX
8
Sketch
10
264.854864
20
230.874166
70
0
0
VERTEX
8
Sketch
10
264.972184
20
231.156711
70
0
0
VERTEX
8
Sketch
10
264.972184
20
231.156711
70
0
0
SEQEND
8
Sketch
0
POLYLINE
8
Sketch
62
7
70
0
10
0.000000
20
0.000000
66
1
0
VERTEX
8
Sketch
10
263.339506
20
233.102462
70
0
0
VERTEX
8
Sketch
10
263.222186
20
233.385007
70
0
0
VERTEX
8
Sketch
10
262.939506
20
233.502002
70
0
0
VERTEX
8
Sketch
10
262.656827
20
233.385007
70
0
0
VERTEX
8
Sketch
10
262.539507
20
233.102462
70
0
0
VERTEX
8
Sketch
10
262.656827
20
232.819918
70
0
0
VERTEX
8
Sketch
10
262.939506
20
232.702923
70
0
0
VERTEX
8
Sketch
10
263.222186
20
232.819918
70
0
0
VERTEX
8
Sketch
10
263.339506
20
233.102462
70
0
0
VERTEX
8
Sketch
10
263.339506
20
233.102462
70
0
0
SEQEND
8
Sketch
0
POLYLINE
8
Sketch
62
7
70
0
10
0.000000
20
0.000000
66
1
0
VERTEX
8
Sketch
10
261.706827
20
235.048214
70
0
0
VERTEX
8
Sketch
10
261.589508
20
235.330759
70
0
0
VERTEX
8
Sketch
10
261.306828
20
235.447753
70
0
0
VERTEX
8
Sketch
10
261.024148
20
235.330759
70
0
0
VERTEX
8
Sketch
10
260.906829
20
235.048214
70
0
0
VERTEX
8
Sketch
10
261.024148
20
234.765669
70
0
0
VERTEX
8
Sketch
10
261.306828
20
234.648674
70
0
0
VERTEX
8
Sketch
10
261.589508
20
234.765669
70
0
0
VERTEX
8
Sketch
10
261.706827
20
235.048214
70
0
0
VERTEX
8
Sketch
10
261.706827
20
235.048214
70
0
0
SEQEND
8
Sketch
0
POLYLINE
8
Sketch
62
7
70
0
10
0.000000
20
0.000000
66
1
0
VERTEX
8
Sketch
10
260.074149
20
236.993965
70
0
0
VERTEX
8
Sketch
10
259.956830
20
237.276510
70
0
0
VERTEX
8
Sketch
10
259.674150
20
237.393504
70
0
0
VERTEX
8
Sketch
10
259.391470
20
237.276510
70
0
0
VERTEX
8
Sketch
10
259.274151
20
236.993965
70
0
0
VERTEX
8
Sketch
10
259.391470
20
236.711420
70
0
0
VERTEX
8
Sketch
10
259.674150
20
236.594426
70
0
0
VERTEX
8
Sketch
10
259.956830
20
236.711420
70
0
0
VERTEX
8
Sketch
10
260.074149
20
236.993965
70
0
0
VERTEX
8
Sketch
10
260.074149
20
236.993965
70
0
0
SEQEND
8
Sketch
0
POLYLINE
8
Sketch
62
7
70
0
10
0.000000
20
0.000000
66
1
0
VERTEX
8
Sketch
10
258.441471
20
238.939714
70
0
0
VERTEX
8
Sketch
10
258.324151
20
239.222259
70
0
0
VERTEX
8
Sketch
10
258.041472
20
239.339253
70
0
0
VERTEX
8
Sketch
10
257.758792
20
239.222259
70
0
0
VERTEX
8
Sketch
10
257.641472
20
238.939714
70
0
0
VERTEX
8
Sketch
10
257.758792
20
238.657169
70
0
0
VERTEX
8
Sketch
10
258.041472
20
238.540174
70
0
0
VERTEX
8
Sketch
10
258.324151
20
238.657169
70
0
0
VERTEX
8
Sketch
10
258.441471
20
238.939714
70
0
0
VERTEX
8
Sketch
10
258.441471
20
238.939714
70
0
0
SEQEND
8
Sketch
0
POLYLINE
8
Sketch
62
7
70
0
10
0.000000
20
0.000000
66
1
0
VERTEX
8
Sketch
10
244.859386
20
255.126214
70
0
0
VERTEX
8
Sketch
10
244.742066
20
255.408759
70
0
0
VERTEX
8
Sketch
10
244.459386
20
255.525753
70
0
0
VERTEX
8
Sketch
10
244.176707
20
255.408759
70
0
0
VERTEX
8
Sketch
10
244.059387
20
255.126214
70
0
0
VERTEX
8
Sketch
10
244.176707
20
254.843669
70
0
0
VERTEX
8
Sketch
10
244.459386
20
254.726674
70
0
0
VERTEX
8
Sketch
10
244.742066
20
254.843669
70
0
0
VERTEX
8
Sketch
10
244.859386
20
255.126214
70
0
0
VERTEX
8
Sketch
10
244.859386
20
255.126214
70
0
0
SEQEND
8
Sketch
0
POLYLINE
8
Sketch
62
7
70
0
10
0.000000
20
0.000000
66
1
0
VERTEX
8
Sketch
10
243.226708
20
257.071962
70
0
0
VERTEX
8
Sketch
10
243.109388
20
257.354507
70
0
0
VERTEX
8
Sketch
10
242.826708
20
257.471502
70
0
0
VERTEX
8
Sketch
10
242.544029
20
257.354507
70
0
0
VERTEX
8
Sketch
10
242.426709
20
257.071962
70
0
0
VERTEX
8
Sketch
10
242.544029
20
256.789418
70
0
0
VERTEX
8
Sketch
10
242.826708
20
256.672423
70
0
0
VERTEX
8
Sketch
10
243.109388
20
256.789418
70
0
0
VERTEX
8
Sketch
10
243.226708
20
257.071962
70
0
0
VERTEX
8
Sketch
10
243.226708
20
257.071962
70
0
0
SEQEND
8
Sketch
0
POLYLINE
8
Sketch
62
7
70
0
10
0.000000
20
0.000000
66
1
0
VERTEX
8
Sketch
10
239.961351
20
260.963465
70
0
0
VERTEX
8
Sketch
10
239.761351
20
261.309876
70
0
0
VERTEX
8
Sketch
10
239.361350
20
261.309876
70
0
0
VERTEX
8
Sketch
10
239.161350
20
260.963465
70
0
0
VERTEX
8
Sketch
10
239.361350
20
260.617054
70
0
0
VERTEX
8
Sketch
10
239.761351
20
260.617054
70
0
0
VERTEX
8
Sketch
10
239.961351
20
260.963465
70
0
0
VERTEX
8
Sketch
10
239.961351
20
260.963465
70
0
0
SEQEND
8
Sketch
0
POLYLINE
8
Sketch
62
7
70
0
10
0.000000
20
0.000000
66
1
0
VERTEX
8
Sketch
10
241.594029
20
259.017714
70
0
0
VERTEX
8
Sketch
10
241.476673
20
259.300192
70
0
0
VERTEX
8
Sketch
10
241.194030
20
259.417150
70
0
0
VERTEX
8
Sketch
10
240.911387
20
259.300192
70
0
0
VERTEX
8
Sketch
10
240.794031
20
259.017714
70
0
0
VERTEX
8
Sketch
10
240.911387
20
258.735236
70
0
0
VERTEX
8
Sketch
10
241.194030
20
258.618278
70
0
0
VERTEX
8
Sketch
10
241.476673
20
258.735236
70
0
0
VERTEX
8
Sketch
10
241.594029
20
259.017714
70
0
0
VERTEX
8
Sketch
10
241.594029
20
259.017714
70
0
0
SEQEND
8
Sketch
0
POLYLINE
8
Sketch
62
7
70
0
10
0.000000
20
0.000000
66
1
0
VERTEX
8
Sketch
10
238.328673
20
262.909214
70
0
0
VERTEX
8
Sketch
10
238.128673
20
263.255624
70
0
0
VERTEX
8
Sketch
10
237.728672
20
263.255624
70
0
0
VERTEX
8
Sketch
10
237.528672
20
262.909214
70
0
0
VERTEX
8
Sketch
10
237.728672
20
262.562803
70
0
0
VERTEX
8
Sketch
10
238.128673
20
262.562803
70
0
0
VERTEX
8
Sketch
10
238.328673
20
262.909214
70
0
0
VERTEX
8
Sketch
10
238.328673
20
262.909214
70
0
0
SEQEND
8
Sketch
0
POLYLINE
8
Sketch
62
7
70
0
10
0.000000
20
0.000000
66
1
0
VERTEX
8
Sketch
10
281.271523
20
188.252165
70
0
0
VERTEX
8
Sketch
10
281.154167
20
188.534643
70
0
0
VERTEX
8
Sketch
10
280.871524
20
188.651601
70
0
0
VERTEX
8
Sketch
10
280.588881
20
188.534643
70
0
0
VERTEX
8
Sketch
10
280.471525
20
188.252165
70
0
0
VERTEX
8
Sketch
10
280.588881
20
187.969687
70
0
0
VERTEX
8
Sketch
10
280.871524
20
187.852728
70
0
0
VERTEX
8
Sketch
10
281.154167
20
187.969687
70
0
0
VERTEX
8
Sketch
10
281.271523
20
188.252165
70
0
0
VERTEX
8
Sketch
10
281.271523
20
188.252165
70
0
0
SEQEND
8
Sketch
0
POLYLINE
8
Sketch
62
7
70
0
10
0.000000
20
0.000000
66
1
0
VERTEX
8
Sketch
10
280.402794
20
190.638994
70
0
0
VERTEX
8
Sketch
10
280.202794
20
190.985405
70
0
0
VERTEX
8
Sketch
10
279.802793
20
190.985405
70
0
0
VERTEX
8
Sketch
10
279.602793
20
190.638994
70
0
0
VERTEX
8
Sketch
10
279.802793
20
190.292584
70
0
0
VERTEX
8
Sketch
10
280.202794
20
190.292584
70
0
0
VERTEX
8
Sketch
10
280.402794
20
190.638994
70
0
0
VERTEX
8
Sketch
10
280.402794
20
190.638994
70
0
0
SEQEND
8
Sketch
0
POLYLINE
8
Sketch
62
7
70
0
10
0.000000
20
0.000000
66
1
0
VERTEX
8
Sketch
10
279.534062
20
193.025798
70
0
0
VERTEX
8
Sketch
10
279.416742
20
193.308342
70
0
0
VERTEX
8
Sketch
10
279.134063
20
193.425337
70
0
0
VERTEX
8
Sketch
10
278.851383
20
193.308342
70
0
0
VERTEX
8
Sketch
10
278.734064
20
193.025798
70
0
0
VERTEX
8
Sketch
10
278.851383
20
192.743253
70
0
0
VERTEX
8
Sketch
10
279.134063
20
192.626258
70
0
0
VERTEX
8
Sketch
10
279.416742
20
192.743253
70
0
0
VERTEX
8
Sketch
10
279.534062
20
193.025798
70
0
0
VERTEX
8
Sketch
10
279.534062
20
193.025798
70
0
0
SEQEND
8
Sketch
0
POLYLINE
8
Sketch
62
7
70
0
10
0.000000
20
0.000000
66
1
0
VERTEX
8
Sketch
10
278.665333
20
195.412627
70
0
0
VERTEX
8
Sketch
10
278.548013
20
195.695172
70
0
0
VERTEX
8
Sketch
10
278.265334
20
195.812167
70
0
0
VERTEX
8
Sketch
10
277.982654
20
195.695172
70
0
0
VERTEX
8
Sketch
10
277.865334
20
195.412627
70
0
0
VERTEX
8
Sketch
10
277.982654
20
195.130082
70
0
0
VERTEX
8
Sketch
10
278.265334
20
195.013088
70
0
0
VERTEX
8
Sketch
10
278.548013
20
195.130082
70
0
0
VERTEX
8
Sketch
10
278.665333
20
195.412627
70
0
0
VERTEX
8
Sketch
10
278.665333
20
195.412627
70
0
0
SEQEND
8
Sketch
0
POLYLINE
8
Sketch
62
7
70
0
10
0.000000
20
0.000000
66
1
0
VERTEX
8
Sketch
10
277.796604
20
197.799444
70
0
0
VERTEX
8
Sketch
10
277.679248
20
198.081922
70
0
0
VERTEX
8
Sketch
10
277.396605
20
198.198880
70
0
0
VERTEX
8
Sketch
10
277.113961
20
198.081922
70
0
0
VERTEX
8
Sketch
10
276.996605
20
197.799444
70
0
0
VERTEX
8
Sketch
10
277.113961
20
197.516966
70
0
0
VERTEX
8
Sketch
10
277.396605
20
197.400008
70
0
0
VERTEX
8
Sketch
10
277.679248
20
197.516966
70
0
0
VERTEX
8
Sketch
10
277.796604
20
197.799444
70
0
0
VERTEX
8
Sketch
10
277.796604
20
197.799444
70
0
0
SEQEND
8
Sketch
0
POLYLINE
8
Sketch
62
7
70
0
10
0.000000
20
0.000000
66
1
0
VERTEX
8
Sketch
10
270.569725
20
217.655123
70
0
0
VERTEX
8
Sketch
10
270.452406
20
217.937668
70
0
0
VERTEX
8
Sketch
10
270.169726
20
218.054662
70
0
0
VERTEX
8
Sketch
10
269.887047
20
217.937668
70
0
0
VERTEX
8
Sketch
10
269.769727
20
217.655123
70
0
0
VERTEX
8
Sketch
10
269.887047
20
217.372578
70
0
0
VERTEX
8
Sketch
10
270.169726
20
217.255583
70
0
0
VERTEX
8
Sketch
10
270.452406
20
217.372578
70
0
0
VERTEX
8
Sketch
10
270.569725
20
217.655123
70
0
0
VERTEX
8
Sketch
10
270.569725
20
217.655123
70
0
0
SEQEND
8
Sketch
0
POLYLINE
8
Sketch
62
7
70
0
10
0.000000
20
0.000000
66
1
0
VERTEX
8
Sketch
10
269.700996
20
220.041939
70
0
0
VERTEX
8
Sketch
10
269.583677
20
220.324484
70
0
0
VERTEX
8
Sketch
10
269.300997
20
220.441479
70
0
0
VERTEX
8
Sketch
10
269.018317
20
220.324484
70
0
0
VERTEX
8
Sketch
10
268.900998
20
220.041939
70
0
0
VERTEX
8
Sketch
10
269.018317
20
219.759394
70
0
0
VERTEX
8
Sketch
10
269.300997
20
219.642400
70
0
0
VERTEX
8
Sketch
10
269.583677
20
219.759394
70
0
0
VERTEX
8
Sketch
10
269.700996
20
220.041939
70
0
0
VERTEX
8
Sketch
10
269.700996
20
220.041939
70
0
0
SEQEND
8
Sketch
0
POLYLINE
8
Sketch
62
7
70
0
10
0.000000
20
0.000000
66
1
0
VERTEX
8
Sketch
10
267.963535
20
224.815572
70
0
0
VERTEX
8
Sketch
10
267.846216
20
225.098117
70
0
0
VERTEX
8
Sketch
10
267.563536
20
225.215111
70
0
0
VERTEX
8
Sketch
10
267.280856
20
225.098117
70
0
0
VERTEX
8
Sketch
10
267.163537
20
224.815572
70
0
0
VERTEX
8
Sketch
10
267.280856
20
224.533027
70
0
0
VERTEX
8
Sketch
10
267.563536
20
224.416033
70
0
0
VERTEX
8
Sketch
10
267.846216
20
224.533027
70
0
0
VERTEX
8
Sketch
10
267.963535
20
224.815572
70
0
0
VERTEX
8
Sketch
10
267.963535
20
224.815572
70
0
0
SEQEND
8
Sketch
0
POLYLINE
8
Sketch
62
7
70
0
10
0.000000
20
0.000000
66
1
0
VERTEX
8
Sketch
10
268.832267
20
222.428756
70
0
0
VERTEX
8
Sketch
10
268.714948
20
222.711300
70
0
0
VERTEX
8
Sketch
10
268.432268
20
222.828295
70
0
0
VERTEX
8
Sketch
10
268.149588
20
222.711300
70
0
0
VERTEX
8
Sketch
10
268.032269
20
222.428756
70
0
0
VERTEX
8
Sketch
10
268.149588
20
222.146211
70
0
0
VERTEX
8
Sketch
10
268.432268
20
222.029216
70
0
0
VERTEX
8
Sketch
10
268.714948
20
222.146211
70
0
0
VERTEX
8
Sketch
10
268.832267
20
222.428756
70
0
0
VERTEX
8
Sketch
10
268.832267
20
222.428756
70
0
0
SEQEND
8
Sketch
0
POLYLINE
8
Sketch
62
7
70
0
10
0.000000
20
0.000000
66
1
0
VERTEX
8
Sketch
10
267.094806
20
227.202389
70
0
0
VERTEX
8
Sketch
10
266.977487
20
227.484933
70
0
0
VERTEX
8
Sketch
10
266.694807
20
227.601928
70
0
0
VERTEX
8
Sketch
10
266.412127
20
227.484933
70
0
0
VERTEX
8
Sketch
10
266.294808
20
227.202389
70
0
0
VERTEX
8
Sketch
10
266.412127
20
226.919844
70
0
0
VERTEX
8
Sketch
10
266.694807
20
226.802849
70
0
0
VERTEX
8
Sketch
10
266.977487
20
226.919844
70
0
0
VERTEX
8
Sketch
10
267.094806
20
227.202389
70
0
0
VERTEX
8
Sketch
10
267.094806
20
227.202389
70
0
0
SEQEND
8
Sketch
0
POLYLINE
8
Sketch
62
7
70
0
10
0.000000
20
0.000000
66
1
0
VERTEX
8
Sketch
10
281.913677
20
142.360402
70
0
0
VERTEX
8
Sketch
10
281.796357
20
142.642947
70
0
0
VERTEX
8
Sketch
10
281.513677
20
142.759941
70
0
0
VERTEX
8
Sketch
10
281.230998
20
142.642947
70
0
0
VERTEX
8
Sketch
10
281.113678
20
142.360402
70
0
0
VERTEX
8
Sketch
10
281.230998
20
142.077857
70
0
0
VERTEX
8
Sketch
10
281.513677
20
141.960863
70
0
0
VERTEX
8
Sketch
10
281.796357
20
142.077857
70
0
0
VERTEX
8
Sketch
10
281.913677
20
142.360402
70
0
0
VERTEX
8
Sketch
10
281.913677
20
142.360402
70
0
0
SEQEND
8
Sketch
0
POLYLINE
8
Sketch
62
7
70
0
10
0.000000
20
0.000000
66
1
0
VERTEX
8
Sketch
10
281.913677
20
144.900399
70
0
0
VERTEX
8
Sketch
10
281.796357
20
145.182944
70
0
0
VERTEX
8
Sketch
10
281.513677
20
145.299938
70
0
0
VERTEX
8
Sketch
10
281.230998
20
145.182944
70
0
0
VERTEX
8
Sketch
10
281.113678
20
144.900399
70
0
0
VERTEX
8
Sketch
10
281.230998
20
144.617854
70
0
0
VERTEX
8
Sketch
10
281.513677
20
144.500859
70
0
0
VERTEX
8
Sketch
10
281.796357
20
144.617854
70
0
0
VERTEX
8
Sketch
10
281.913677
20
144.900399
70
0
0
VERTEX
8
Sketch
10
281.913677
20
144.900399
70
0
0
SEQEND
8
Sketch
0
POLYLINE
8
Sketch
62
7
70
0
10
0.000000
20
0.000000
66
1
0
VERTEX
8
Sketch
10
281.913677
20
147.440396
70
0
0
VERTEX
8
Sketch
10
281.796357
20
147.722941
70
0
0
VERTEX
8
Sketch
10
281.513677
20
147.839935
70
0
0
VERTEX
8
Sketch
10
281.230998
20
147.722941
70
0
0
VERTEX
8
Sketch
10
281.113678
20
147.440396
70
0
0
VERTEX
8
Sketch
10
281.230998
20
147.157851
70
0
0
VERTEX
8
Sketch
10
281.513677
20
147.040856
70
0
0
VERTEX
8
Sketch
10
281.796357
20
147.157851
70
0
0
VERTEX
8
Sketch
10
281.913677
20
147.440396
70
0
0
VERTEX
8
Sketch
10
281.913677
20
147.440396
70
0
0
SEQEND
8
Sketch
0
POLYLINE
8
Sketch
62
7
70
0
10
0.000000
20
0.000000
66
1
0
VERTEX
8
Sketch
10
281.913677
20
149.980392
70
0
0
VERTEX
8
Sketch
10
281.796357
20
150.262937
70
0
0
VERTEX
8
Sketch
10
281.513677
20
150.379932
70
0
0
VERTEX
8
Sketch
10
281.230998
20
150.262937
70
0
0
VERTEX
8
Sketch
10
281.113678
20
149.980392
70
0
0
VERTEX
8
Sketch
10
281.230998
20
149.697848
70
0
0
VERTEX
8
Sketch
10
281.513677
20
149.580853
70
0
0
VERTEX
8
Sketch
10
281.796357
20
149.697848
70
0
0
VERTEX
8
Sketch
10
281.913677
20
149.980392
70
0
0
VERTEX
8
Sketch
10
281.913677
20
149.980392
70
0
0
SEQEND
8
Sketch
0
POLYLINE
8
Sketch
62
7
70
0
10
0.000000
20
0.000000
66
1
0
VERTEX
8
Sketch
10
281.913677
20
152.520389
70
0
0
VERTEX
8
Sketch
10
281.796357
20
152.802934
70
0
0
VERTEX
8
Sketch
10
281.513677
20
152.919929
70
0
0
VERTEX
8
Sketch
10
281.230998
20
152.802934
70
0
0
VERTEX
8
Sketch
10
281.113678
20
152.520389
70
0
0
VERTEX
8
Sketch
10
281.230998
20
152.237844
70
0
0
VERTEX
8
Sketch
10
281.513677
20
152.120850
70
0
0
VERTEX
8
Sketch
10
281.796357
20
152.237844
70
0
0
VERTEX
8
Sketch
10
281.913677
20
152.520389
70
0
0
VERTEX
8
Sketch
10
281.913677
20
152.520389
70
0
0
SEQEND
8
Sketch
0
POLYLINE
8
Sketch
62
7
70
0
10
0.000000
20
0.000000
66
1
0
VERTEX
8
Sketch
10
281.913677
20
173.650358
70
0
0
VERTEX
8
Sketch
10
281.796357
20
173.932903
70
0
0
VERTEX
8
Sketch
10
281.513677
20
174.049897
70
0
0
VERTEX
8
Sketch
10
281.230998
20
173.932903
70
0
0
VERTEX
8
Sketch
10
281.113678
20
173.650358
70
0
0
VERTEX
8
Sketch
10
281.230998
20
173.367813
70
0
0
VERTEX
8
Sketch
10
281.513677
20
173.250819
70
0
0
VERTEX
8
Sketch
10
281.796357
20
173.367813
70
0
0
VERTEX
8
Sketch
10
281.913677
20
173.650358
70
0
0
VERTEX
8
Sketch
10
281.913677
20
173.650358
70
0
0
SEQEND
8
Sketch
0
POLYLINE
8
Sketch
62
7
70
0
10
0.000000
20
0.000000
66
1
0
VERTEX
8
Sketch
10
281.913677
20
176.190355
70
0
0
VERTEX
8
Sketch
10
281.796357
20
176.472900
70
0
0
VERTEX
8
Sketch
10
281.513677
20
176.589894
70
0
0
VERTEX
8
Sketch
10
281.230998
20
176.472900
70
0
0
VERTEX
8
Sketch
10
281.113678
20
176.190355
70
0
0
VERTEX
8
Sketch
10
281.230998
20
175.907810
70
0
0
VERTEX
8
Sketch
10
281.513677
20
175.790815
70
0
0
VERTEX
8
Sketch
10
281.796357
20
175.907810
70
0
0
VERTEX
8
Sketch
10
281.913677
20
176.190355
70
0
0
VERTEX
8
Sketch
10
281.913677
20
176.190355
70
0
0
SEQEND
8
Sketch
0
POLYLINE
8
Sketch
62
7
70
0
10
0.000000
20
0.000000
66
1
0
VERTEX
8
Sketch
10
281.913677
20
181.270348
70
0
0
VERTEX
8
Sketch
10
281.796357
20
181.552893
70
0
0
VERTEX
8
Sketch
10
281.513677
20
181.669888
70
0
0
VERTEX
8
Sketch
10
281.230998
20
181.552893
70
0
0
VERTEX
8
Sketch
10
281.113678
20
181.270348
70
0
0
VERTEX
8
Sketch
10
281.230998
20
180.987804
70
0
0
VERTEX
8
Sketch
10
281.513677
20
180.870809
70
0
0
VERTEX
8
Sketch
10
281.796357
20
180.987804
70
0
0
VERTEX
8
Sketch
10
281.913677
20
181.270348
70
0
0
VERTEX
8
Sketch
10
281.913677
20
181.270348
70
0
0
SEQEND
8
Sketch
0
POLYLINE
8
Sketch
62
7
70
0
10
0.000000
20
0.000000
66
1
0
VERTEX
8
Sketch
10
281.913677
20
178.730352
70
0
0
VERTEX
8
Sketch
10
281.796357
20
179.012897
70
0
0
VERTEX
8
Sketch
10
281.513677
20
179.129891
70
0
0
VERTEX
8
Sketch
10
281.230998
20
179.012897
70
0
0
VERTEX
8
Sketch
10
281.113678
20
178.730352
70
0
0
VERTEX
8
Sketch
10
281.230998
20
178.447807
70
0
0
VERTEX
8
Sketch
10
281.513677
20
178.330812
70
0
0
VERTEX
8
Sketch
10
281.796357
20
178.447807
70
0
0
VERTEX
8
Sketch
10
281.913677
20
178.730352
70
0
0
VERTEX
8
Sketch
10
281.913677
20
178.730352
70
0
0
SEQEND
8
Sketch
0
POLYLINE
8
Sketch
62
7
70
0
10
0.000000
20
0.000000
66
1
0
VERTEX
8
Sketch
10
281.913677
20
183.810345
70
0
0
VERTEX
8
Sketch
10
281.796357
20
184.092890
70
0
0
VERTEX
8
Sketch
10
281.513677
20
184.209885
70
0
0
VERTEX
8
Sketch
10
281.230998
20
184.092890
70
0
0
VERTEX
8
Sketch
10
281.113678
20
183.810345
70
0
0
VERTEX
8
Sketch
10
281.230998
20
183.527800
70
0
0
VERTEX
8
Sketch
10
281.513677
20
183.410806
70
0
0
VERTEX
8
Sketch
10
281.796357
20
183.527800
70
0
0
VERTEX
8
Sketch
10
281.913677
20
183.810345
70
0
0
VERTEX
8
Sketch
10
281.913677
20
183.810345
70
0
0
SEQEND
8
Sketch
0
POLYLINE
8
Sketch
62
7
70
0
10
0.000000
20
0.000000
66
1
0
VERTEX
8
Sketch
10
266.821190
20
99.016600
70
0
0
VERTEX
8
Sketch
10
266.703871
20
99.299145
70
0
0
VERTEX
8
Sketch
10
266.421191
20
99.416140
70
0
0
VERTEX
8
Sketch
10
266.138511
20
99.299145
70
0
0
VERTEX
8
Sketch
10
266.021192
20
99.016600
70
0
0
VERTEX
8
Sketch
10
266.138511
20
98.734055
70
0
0
VERTEX
8
Sketch
10
266.421191
20
98.617061
70
0
0
VERTEX
8
Sketch
10
266.703871
20
98.734055
70
0
0
VERTEX
8
Sketch
10
266.821190
20
99.016600
70
0
0
VERTEX
8
Sketch
10
266.821190
20
99.016600
70
0
0
SEQEND
8
Sketch
0
POLYLINE
8
Sketch
62
7
70
0
10
0.000000
20
0.000000
66
1
0
VERTEX
8
Sketch
10
267.689919
20
101.403430
70
0
0
VERTEX
8
Sketch
10
267.572600
20
101.685975
70
0
0
VERTEX
8
Sketch
10
267.289920
20
101.802969
70
0
0
VERTEX
8
Sketch
10
267.007241
20
101.685975
70
0
0
VERTEX
8
Sketch
10
266.889921
20
101.403430
70
0
0
VERTEX
8
Sketch
10
267.007241
20
101.120885
70
0
0
VERTEX
8
Sketch
10
267.289920
20
101.003890
70
0
0
VERTEX
8
Sketch
10
267.572600
20
101.120885
70
0
0
VERTEX
8
Sketch
10
267.689919
20
101.403430
70
0
0
VERTEX
8
Sketch
10
267.689919
20
101.403430
70
0
0
SEQEND
8
Sketch
0
POLYLINE
8
Sketch
62
7
70
0
10
0.000000
20
0.000000
66
1
0
VERTEX
8
Sketch
10
268.558649
20
103.790233
70
0
0
VERTEX
8
Sketch
10
268.441329
20
104.072778
70
0
0
VERTEX
8
Sketch
10
268.158649
20
104.189773
70
0
0
VERTEX
8
Sketch
10
267.875970
20
104.072778
70
0
0
VERTEX
8
Sketch
10
267.758650
20
103.790233
70
0
0
VERTEX
8
Sketch
10
267.875970
20
103.507688
70
0
0
VERTEX
8
Sketch
10
268.158649
20
103.390694
70
0
0
VERTEX
8
Sketch
10
268.441329
20
103.507688
70
0
0
VERTEX
8
Sketch
10
268.558649
20
103.790233
70
0
0
VERTEX
8
Sketch
10
268.558649
20
103.790233
70
0
0
SEQEND
8
Sketch
0
POLYLINE
8
Sketch
62
7
70
0
10
0.000000
20
0.000000
66
1
0
VERTEX
8
Sketch
10
269.427380
20
106.177063
70
0
0
VERTEX
8
Sketch
10
269.310061
20
106.459608
70
0
0
VERTEX
8
Sketch
10
269.027381
20
106.576602
70
0
0
VERTEX
8
Sketch
10
268.744702
20
106.459608
70
0
0
VERTEX
8
Sketch
10
268.627382
20
106.177063
70
0
0
VERTEX
8
Sketch
10
268.744702
20
105.894518
70
0
0
VERTEX
8
Sketch
10
269.027381
20
105.777523
70
0
0
VERTEX
8
Sketch
10
269.310061
20
105.894518
70
0
0
VERTEX
8
Sketch
10
269.427380
20
106.177063
70
0
0
VERTEX
8
Sketch
10
269.427380
20
106.177063
70
0
0
SEQEND
8
Sketch
0
POLYLINE
8
Sketch
62
7
70
0
10
0.000000
20
0.000000
66
1
0
VERTEX
8
Sketch
10
270.296110
20
108.563866
70
0
0
VERTEX
8
Sketch
10
270.178790
20
108.846411
70
0
0
VERTEX
8
Sketch
10
269.896110
20
108.963405
70
0
0
VERTEX
8
Sketch
10
269.613431
20
108.846411
70
0
0
VERTEX
8
Sketch
10
269.496111
20
108.563866
70
0
0
VERTEX
8
Sketch
10
269.613431
20
108.281321
70
0
0
VERTEX
8
Sketch
10
269.896110
20
108.164327
70
0
0
VERTEX
8
Sketch
10
270.178790
20
108.281321
70
0
0
VERTEX
8
Sketch
10
270.296110
20
108.563866
70
0
0
VERTEX
8
Sketch
10
270.296110
20
108.563866
70
0
0
SEQEND
8
Sketch
0
POLYLINE
8
Sketch
62
7
70
0
10
0.000000
20
0.000000
66
1
0
VERTEX
8
Sketch
10
277.522988
20
128.419550
70
0
0
VERTEX
8
Sketch
10
277.322988
20
128.765961
70
0
0
VERTEX
8
Sketch
10
276.922987
20
128.765961
70
0
0
VERTEX
8
Sketch
10
276.722987
20
128.419550
70
0
0
VERTEX
8
Sketch
10
276.922987
20
128.073140
70
0
0
VERTEX
8
Sketch
10
277.322988
20
128.073140
70
0
0
VERTEX
8
Sketch
10
277.522988
20
128.419550
70
0
0
VERTEX
8
Sketch
10
277.522988
20
128.419550
70
0
0
SEQEND
8
Sketch
0
POLYLINE
8
Sketch
62
7
70
0
10
0.000000
20
0.000000
66
1
0
VERTEX
8
Sketch
10
278.391717
20
130.806380
70
0
0
VERTEX
8
Sketch
10
278.274397
20
131.088925
70
0
0
VERTEX
8
Sketch
10
277.991718
20
131.205919
70
0
0
VERTEX
8
Sketch
10
277.709038
20
131.088925
70
0
0
VERTEX
8
Sketch
10
277.591719
20
130.806380
70
0
0
VERTEX
8
Sketch
10
277.709038
20
130.523835
70
0
0
VERTEX
8
Sketch
10
277.991718
20
130.406841
70
0
0
VERTEX
8
Sketch
10
278.274397
20
130.523835
70
0
0
VERTEX
8
Sketch
10
278.391717
20
130.806380
70
0
0
VERTEX
8
Sketch
10
278.391717
20
130.806380
70
0
0
SEQEND
8
Sketch
0
POLYLINE
8
Sketch
62
7
70
0
10
0.000000
20
0.000000
66
1
0
VERTEX
8
Sketch
10
280.129178
20
135.580013
70
0
0
VERTEX
8
Sketch
10
280.011858
20
135.862558
70
0
0
VERTEX
8
Sketch
10
279.729179
20
135.979552
70
0
0
VERTEX
8
Sketch
10
279.446499
20
135.862558
70
0
0
VERTEX
8
Sketch
10
279.329180
20
135.580013
70
0
0
VERTEX
8
Sketch
10
279.446499
20
135.297468
70
0
0
VERTEX
8
Sketch
10
279.729179
20
135.180473
70
0
0
VERTEX
8
Sketch
10
280.011858
20
135.297468
70
0
0
VERTEX
8
Sketch
10
280.129178
20
135.580013
70
0
0
VERTEX
8
Sketch
10
280.129178
20
135.580013
70
0
0
SEQEND
8
Sketch
0
POLYLINE
8
Sketch
62
7
70
0
10
0.000000
20
0.000000
66
1
0
VERTEX
8
Sketch
10
279.260446
20
133.193183
70
0
0
VERTEX
8
Sketch
10
279.143127
20
133.475728
70
0
0
VERTEX
8
Sketch
10
278.860447
20
133.592723
70
0
0
VERTEX
8
Sketch
10
278.577767
20
133.475728
70
0
0
VERTEX
8
Sketch
10
278.460448
20
133.193183
70
0
0
VERTEX
8
Sketch
10
278.577767
20
132.910638
70
0
0
VERTEX
8
Sketch
10
278.860447
20
132.793644
70
0
0
VERTEX
8
Sketch
10
279.143127
20
132.910638
70
0
0
VERTEX
8
Sketch
10
279.260446
20
133.193183
70
0
0
VERTEX
8
Sketch
10
279.260446
20
133.193183
70
0
0
SEQEND
8
Sketch
0
POLYLINE
8
Sketch
62
7
70
0
10
0.000000
20
0.000000
66
1
0
VERTEX
8
Sketch
10
280.997907
20
137.966816
70
0
0
VERTEX
8
Sketch
10
280.880588
20
138.249361
70
0
0
VERTEX
8
Sketch
10
280.597908
20
138.366356
70
0
0
VERTEX
8
Sketch
10
280.315228
20
138.249361
70
0
0
VERTEX
8
Sketch
10
280.197909
20
137.966816
70
0
0
VERTEX
8
Sketch
10
280.315228
20
137.684271
70
0
0
VERTEX
8
Sketch
10
280.597908
20
137.567277
70
0
0
VERTEX
8
Sketch
10
280.880588
20
137.684271
70
0
0
VERTEX
8
Sketch
10
280.997907
20
137.966816
70
0
0
VERTEX
8
Sketch
10
280.997907
20
137.966816
70
0
0
SEQEND
8
Sketch
0
POLYLINE
8
Sketch
62
7
70
0
10
0.000000
20
0.000000
66
1
0
VERTEX
8
Sketch
10
237.814443
20
63.448707
70
0
0
VERTEX
8
Sketch
10
237.697123
20
63.731252
70
0
0
VERTEX
8
Sketch
10
237.414443
20
63.848247
70
0
0
VERTEX
8
Sketch
10
237.131764
20
63.731252
70
0
0
VERTEX
8
Sketch
10
237.014444
20
63.448707
70
0
0
VERTEX
8
Sketch
10
237.131764
20
63.166163
70
0
0
VERTEX
8
Sketch
10
237.414443
20
63.049168
70
0
0
VERTEX
8
Sketch
10
237.697123
20
63.166163
70
0
0
VERTEX
8
Sketch
10
237.814443
20
63.448707
70
0
0
VERTEX
8
Sketch
10
237.814443
20
63.448707
70
0
0
SEQEND
8
Sketch
0
POLYLINE
8
Sketch
62
7
70
0
10
0.000000
20
0.000000
66
1
0
VERTEX
8
Sketch
10
239.447121
20
65.394451
70
0
0
VERTEX
8
Sketch
10
239.329801
20
65.676996
70
0
0
VERTEX
8
Sketch
10
239.047122
20
65.793990
70
0
0
VERTEX
8
Sketch
10
238.764442
20
65.676996
70
0
0
VERTEX
8
Sketch
10
238.647122
20
65.394451
70
0
0
VERTEX
8
Sketch
10
238.764442
20
65.111906
70
0
0
VERTEX
8
Sketch
10
239.047122
20
64.994911
70
0
0
VERTEX
8
Sketch
10
239.329801
20
65.111906
70
0
0
VERTEX
8
Sketch
10
239.447121
20
65.394451
70
0
0
VERTEX
8
Sketch
10
239.447121
20
65.394451
70
0
0
SEQEND
8
Sketch
0
POLYLINE
8
Sketch
62
7
70
0
10
0.000000
20
0.000000
66
1
0
VERTEX
8
Sketch
10
241.079799
20
67.340194
70
0
0
VERTEX
8
Sketch
10
240.962479
20
67.622739
70
0
0
VERTEX
8
Sketch
10
240.679800
20
67.739734
70
0
0
VERTEX
8
Sketch
10
240.397120
20
67.622739
70
0
0
VERTEX
8
Sketch
10
240.279801
20
67.340194
70
0
0
VERTEX
8
Sketch
10
240.397120
20
67.057649
70
0
0
VERTEX
8
Sketch
10
240.679800
20
66.940655
70
0
0
VERTEX
8
Sketch
10
240.962479
20
67.057649
70
0
0
VERTEX
8
Sketch
10
241.079799
20
67.340194
70
0
0
VERTEX
8
Sketch
10
241.079799
20
67.340194
70
0
0
SEQEND
8
Sketch
0
POLYLINE
8
Sketch
62
7
70
0
10
0.000000
20
0.000000
66
1
0
VERTEX
8
Sketch
10
242.712477
20
69.285938
70
0
0
VERTEX
8
Sketch
10
242.595158
20
69.568483
70
0
0
VERTEX
8
Sketch
10
242.312478
20
69.685477
70
0
0
VERTEX
8
Sketch
10
242.029798
20
69.568483
70
0
0
VERTEX
8
Sketch
10
241.912479
20
69.285938
70
0
0
VERTEX
8
Sketch
10
242.029798
20
69.003393
70
0
0
VERTEX
8
Sketch
10
242.312478
20
68.886398
70
0
0
VERTEX
8
Sketch
10
242.595158
20
69.003393
70
0
0
VERTEX
8
Sketch
10
242.712477
20
69.285938
70
0
0
VERTEX
8
Sketch
10
242.712477
20
69.285938
70
0
0
SEQEND
8
Sketch
0
POLYLINE
8
Sketch
62
7
70
0
10
0.000000
20
0.000000
66
1
0
VERTEX
8
Sketch
10
244.345155
20
71.231707
70
0
0
VERTEX
8
Sketch
10
244.227836
20
71.514252
70
0
0
VERTEX
8
Sketch
10
243.945156
20
71.631247
70
0
0
VERTEX
8
Sketch
10
243.662477
20
71.514252
70
0
0
VERTEX
8
Sketch
10
243.545157
20
71.231707
70
0
0
VERTEX
8
Sketch
10
243.662477
20
70.949163
70
0
0
VERTEX
8
Sketch
10
243.945156
20
70.832168
70
0
0
VERTEX
8
Sketch
10
244.227836
20
70.949163
70
0
0
VERTEX
8
Sketch
10
244.345155
20
71.231707
70
0
0
VERTEX
8
Sketch
10
244.345155
20
71.231707
70
0
0
SEQEND
8
Sketch
0
POLYLINE
8
Sketch
62
7
70
0
10
0.000000
20
0.000000
66
1
0
VERTEX
8
Sketch
10
257.927241
20
87.418208
70
0
0
VERTEX
8
Sketch
10
257.809921
20
87.700752
70
0
0
VERTEX
8
Sketch
10
257.527241
20
87.817747
70
0
0
VERTEX
8
Sketch
10
257.244562
20
87.700752
70
0
0
VERTEX
8
Sketch
10
257.127242
20
87.418208
70
0
0
VERTEX
8
Sketch
10
257.244562
20
87.135663
70
0
0
VERTEX
8
Sketch
10
257.527241
20
87.018668
70
0
0
VERTEX
8
Sketch
10
257.809921
20
87.135663
70
0
0
VERTEX
8
Sketch
10
257.927241
20
87.418208
70
0
0
VERTEX
8
Sketch
10
257.927241
20
87.418208
70
0
0
SEQEND
8
Sketch
0
POLYLINE
8
Sketch
62
7
70
0
10
0.000000
20
0.000000
66
1
0
VERTEX
8
Sketch
10
259.559919
20
89.363951
70
0
0
VERTEX
8
Sketch
10
259.442599
20
89.646496
70
0
0
VERTEX
8
Sketch
10
259.159920
20
89.763490
70
0
0
VERTEX
8
Sketch
10
258.877240
20
89.646496
70
0
0
VERTEX
8
Sketch
10
258.759920
20
89.363951
70
0
0
VERTEX
8
Sketch
10
258.877240
20
89.081406
70
0
0
VERTEX
8
Sketch
10
259.159920
20
88.964411
70
0
0
VERTEX
8
Sketch
10
259.442599
20
89.081406
70
0
0
VERTEX
8
Sketch
10
259.559919
20
89.363951
70
0
0
VERTEX
8
Sketch
10
259.559919
20
89.363951
70
0
0
SEQEND
8
Sketch
0
POLYLINE
8
Sketch
62
7
70
0
10
0.000000
20
0.000000
66
1
0
VERTEX
8
Sketch
10
262.825278
20
93.255438
70
0
0
VERTEX
8
Sketch
10
262.707958
20
93.537983
70
0
0
VERTEX
8
Sketch
10
262.425279
20
93.654977
70
0
0
VERTEX
8
Sketch
10
262.142599
20
93.537983
70
0
0
VERTEX
8
Sketch
10
262.025279
20
93.255438
70
0
0
VERTEX
8
Sketch
10
262.142599
20
92.972893
70
0
0
VERTEX
8
Sketch
10
262.425279
20
92.855898
70
0
0
VERTEX
8
Sketch
10
262.707958
20
92.972893
70
0
0
VERTEX
8
Sketch
10
262.825278
20
93.255438
70
0
0
VERTEX
8
Sketch
10
262.825278
20
93.255438
70
0
0
SEQEND
8
Sketch
0
POLYLINE
8
Sketch
62
7
70
0
10
0.000000
20
0.000000
66
1
0
VERTEX
8
Sketch
10
261.192597
20
91.309694
70
0
0
VERTEX
8
Sketch
10
261.075277
20
91.592239
70
0
0
VERTEX
8
Sketch
10
260.792598
20
91.709234
70
0
0
VERTEX
8
Sketch
10
260.509918
20
91.592239
70
0
0
VERTEX
8
Sketch
10
260.392599
20
91.309694
70
0
0
VERTEX
8
Sketch
10
260.509918
20
91.027149
70
0
0
VERTEX
8
Sketch
10
260.792598
20
90.910155
70
0
0
VERTEX
8
Sketch
10
261.075277
20
91.027149
70
0
0
VERTEX
8
Sketch
10
261.192597
20
91.309694
70
0
0
VERTEX
8
Sketch
10
261.192597
20
91.309694
70
0
0
SEQEND
8
Sketch
0
POLYLINE
8
Sketch
62
7
70
0
10
0.000000
20
0.000000
66
1
0
VERTEX
8
Sketch
10
264.457956
20
95.201207
70
0
0
VERTEX
8
Sketch
10
264.257956
20
95.547618
70
0
0
VERTEX
8
Sketch
10
263.857955
20
95.547618
70
0
0
VERTEX
8
Sketch
10
263.657955
20
95.201207
70
0
0
VERTEX
8
Sketch
10
263.857955
20
94.854797
70
0
0
VERTEX
8
Sketch
10
264.257956
20
94.854797
70
0
0
VERTEX
8
Sketch
10
264.457956
20
95.201207
70
0
0
VERTEX
8
Sketch
10
264.457956
20
95.201207
70
0
0
SEQEND
8
Sketch
0
POLYLINE
8
Sketch
62
7
70
0
10
0.000000
20
0.000000
66
1
0
VERTEX
8
Sketch
10
198.392073
20
39.946699
70
0
0
VERTEX
8
Sketch
10
198.274753
20
40.229244
70
0
0
VERTEX
8
Sketch
10
197.992074
20
40.346239
70
0
0
VERTEX
8
Sketch
10
197.709394
20
40.229244
70
0
0
VERTEX
8
Sketch
10
197.592075
20
39.946699
70
0
0
VERTEX
8
Sketch
10
197.709394
20
39.664154
70
0
0
VERTEX
8
Sketch
10
197.992074
20
39.547160
70
0
0
VERTEX
8
Sketch
10
198.274753
20
39.664154
70
0
0
VERTEX
8
Sketch
10
198.392073
20
39.946699
70
0
0
VERTEX
8
Sketch
10
198.392073
20
39.946699
70
0
0
SEQEND
8
Sketch
0
POLYLINE
8
Sketch
62
7
70
0
10
0.000000
20
0.000000
66
1
0
VERTEX
8
Sketch
10
200.591776
20
41.216698
70
0
0
VERTEX
8
Sketch
10
200.474457
20
41.499242
70
0
0
VERTEX
8
Sketch
10
200.191777
20
41.616237
70
0
0
VERTEX
8
Sketch
10
199.909098
20
41.499242
70
0
0
VERTEX
8
Sketch
10
199.791778
20
41.216698
70
0
0
VERTEX
8
Sketch
10
199.909098
20
40.934153
70
0
0
VERTEX
8
Sketch
10
200.191777
20
40.817158
70
0
0
VERTEX
8
Sketch
10
200.474457
20
40.934153
70
0
0
VERTEX
8
Sketch
10
200.591776
20
41.216698
70
0
0
VERTEX
8
Sketch
10
200.591776
20
41.216698
70
0
0
SEQEND
8
Sketch
0
POLYLINE
8
Sketch
62
7
70
0
10
0.000000
20
0.000000
66
1
0
VERTEX
8
Sketch
10
202.791477
20
42.486696
70
0
0
VERTEX
8
Sketch
10
202.674158
20
42.769241
70
0
0
VERTEX
8
Sketch
10
202.391478
20
42.886235
70
0
0
VERTEX
8
Sketch
10
202.108798
20
42.769241
70
0
0
VERTEX
8
Sketch
10
201.991479
20
42.486696
70
0
0
VERTEX
8
Sketch
10
202.108798
20
42.204151
70
0
0
VERTEX
8
Sketch
10
202.391478
20
42.087157
70
0
0
VERTEX
8
Sketch
10
202.674158
20
42.204151
70
0
0
VERTEX
8
Sketch
10
202.791477
20
42.486696
70
0
0
VERTEX
8
Sketch
10
202.791477
20
42.486696
70
0
0
SEQEND
8
Sketch
0
POLYLINE
8
Sketch
62
7
70
0
10
0.000000
20
0.000000
66
1
0
VERTEX
8
Sketch
10
204.991181
20
43.756694
70
0
0
VERTEX
8
Sketch
10
204.791180
20
44.103105
70
0
0
VERTEX
8
Sketch
10
204.391180
20
44.103105
70
0
0
VERTEX
8
Sketch
10
204.191179
20
43.756694
70
0
0
VERTEX
8
Sketch
10
204.391180
20
43.410284
70
0
0
VERTEX
8
Sketch
10
204.791180
20
43.410284
70
0
0
VERTEX
8
Sketch
10
204.991181
20
43.756694
70
0
0
VERTEX
8
Sketch
10
204.991181
20
43.756694
70
0
0
SEQEND
8
Sketch
0
POLYLINE
8
Sketch
62
7
70
0
10
0.000000
20
0.000000
66
1
0
VERTEX
8
Sketch
10
207.190881
20
45.026693
70
0
0
VERTEX
8
Sketch
10
207.073562
20
45.309238
70
0
0
VERTEX
8
Sketch
10
206.790882
20
45.426232
70
0
0
VERTEX
8
Sketch
10
206.508202
20
45.309238
70
0
0
VERTEX
8
Sketch
10
206.390883
20
45.026693
70
0
0
VERTEX
8
Sketch
10
206.508202
20
44.744148
70
0
0
VERTEX
8
Sketch
10
206.790882
20
44.627153
70
0
0
VERTEX
8
Sketch
10
207.073562
20
44.744148
70
0
0
VERTEX
8
Sketch
10
207.190881
20
45.026693
70
0
0
VERTEX
8
Sketch
10
207.190881
20
45.026693
70
0
0
SEQEND
8
Sketch
0
POLYLINE
8
Sketch
62
7
70
0
10
0.000000
20
0.000000
66
1
0
VERTEX
8
Sketch
10
225.489973
20
55.591677
70
0
0
VERTEX
8
Sketch
10
225.372654
20
55.874222
70
0
0
VERTEX
8
Sketch
10
225.089974
20
55.991217
70
0
0
VERTEX
8
Sketch
10
224.807295
20
55.874222
70
0
0
VERTEX
8
Sketch
10
224.689975
20
55.591677
70
0
0
VERTEX
8
Sketch
10
224.807295
20
55.309132
70
0
0
VERTEX
8
Sketch
10
225.089974
20
55.192138
70
0
0
VERTEX
8
Sketch
10
225.372654
20
55.309132
70
0
0
VERTEX
8
Sketch
10
225.489973
20
55.591677
70
0
0
VERTEX
8
Sketch
10
225.489973
20
55.591677
70
0
0
SEQEND
8
Sketch
0
POLYLINE
8
Sketch
62
7
70
0
10
0.000000
20
0.000000
66
1
0
VERTEX
8
Sketch
10
227.689677
20
56.861676
70
0
0
VERTEX
8
Sketch
10
227.572357
20
57.144220
70
0
0
VERTEX
8
Sketch
10
227.289678
20
57.261215
70
0
0
VERTEX
8
Sketch
10
227.006998
20
57.144220
70
0
0
VERTEX
8
Sketch
10
226.889678
20
56.861676
70
0
0
VERTEX
8
Sketch
10
227.006998
20
56.579131
70
0
0
VERTEX
8
Sketch
10
227.289678
20
56.462136
70
0
0
VERTEX
8
Sketch
10
227.572357
20
56.579131
70
0
0
VERTEX
8
Sketch
10
227.689677
20
56.861676
70
0
0
VERTEX
8
Sketch
10
227.689677
20
56.861676
70
0
0
SEQEND
8
Sketch
0
POLYLINE
8
Sketch
62
7
70
0
10
0.000000
20
0.000000
66
1
0
VERTEX
8
Sketch
10
232.089081
20
59.401672
70
0
0
VERTEX
8
Sketch
10
231.889081
20
59.748083
70
0
0
VERTEX
8
Sketch
10
231.489080
20
59.748083
70
0
0
VERTEX
8
Sketch
10
231.289080
20
59.401672
70
0
0
VERTEX
8
Sketch
10
231.489080
20
59.055262
70
0
0
VERTEX
8
Sketch
10
231.889081
20
59.055262
70
0
0
VERTEX
8
Sketch
10
232.089081
20
59.401672
70
0
0
VERTEX
8
Sketch
10
232.089081
20
59.401672
70
0
0
SEQEND
8
Sketch
0
POLYLINE
8
Sketch
62
7
70
0
10
0.000000
20
0.000000
66
1
0
VERTEX
8
Sketch
10
229.889377
20
58.131674
70
0
0
VERTEX
8
Sketch
10
229.772058
20
58.414219
70
0
0
VERTEX
8
Sketch
10
229.489378
20
58.531213
70
0
0
VERTEX
8
Sketch
10
229.206699
20
58.414219
70
0
0
VERTEX
8
Sketch
10
229.089379
20
58.131674
70
0
0
VERTEX
8
Sketch
10
229.206699
20
57.849129
70
0
0
VERTEX
8
Sketch
10
229.489378
20
57.732135
70
0
0
VERTEX
8
Sketch
10
229.772058
20
57.849129
70
0
0
VERTEX
8
Sketch
10
229.889377
20
58.131674
70
0
0
VERTEX
8
Sketch
10
229.889377
20
58.131674
70
0
0
SEQEND
8
Sketch
0
POLYLINE
8
Sketch
62
7
70
0
10
0.000000
20
0.000000
66
1
0
VERTEX
8
Sketch
10
234.288782
20
60.671671
70
0
0
VERTEX
8
Sketch
10
234.171426
20
60.954149
70
0
0
VERTEX
8
Sketch
10
233.888782
20
61.071107
70
0
0
VERTEX
8
Sketch
10
233.606139
20
60.954149
70
0
0
VERTEX
8
Sketch
10
233.488783
20
60.671671
70
0
0
VERTEX
8
Sketch
10
233.606139
20
60.389193
70
0
0
VERTEX
8
Sketch
10
233.888782
20
60.272235
70
0
0
VERTEX
8
Sketch
10
234.171426
20
60.389193
70
0
0
VERTEX
8
Sketch
10
234.288782
20
60.671671
70
0
0
VERTEX
8
Sketch
10
234.288782
20
60.671671
70
0
0
SEQEND
8
Sketch
0
POLYLINE
8
Sketch
62
7
70
0
10
0.000000
20
0.000000
66
1
0
VERTEX
8
Sketch
10
153.309005
20
31.345265
70
0
0
VERTEX
8
Sketch
10
153.191848
20
31.628107
70
0
0
VERTEX
8
Sketch
10
152.909005
20
31.745264
70
0
0
VERTEX
8
Sketch
10
152.626163
20
31.628107
70
0
0
VERTEX
8
Sketch
10
152.509006
20
31.345265
70
0
0
VERTEX
8
Sketch
10
152.626163
20
31.062422
70
0
0
VERTEX
8
Sketch
10
152.909005
20
30.945265
70
0
0
VERTEX
8
Sketch
10
153.191848
20
31.062422
70
0
0
VERTEX
8
Sketch
10
153.309005
20
31.345265
70
0
0
VERTEX
8
Sketch
10
153.309005
20
31.345265
70
0
0
SEQEND
8
Sketch
0
POLYLINE
8
Sketch
62
7
70
0
10
0.000000
20
0.000000
66
1
0
VERTEX
8
Sketch
10
155.810413
20
31.786324
70
0
0
VERTEX
8
Sketch
10
155.610413
20
32.132734
70
0
0
VERTEX
8
Sketch
10
155.210414
20
32.132734
70
0
0
VERTEX
8
Sketch
10
155.010414
20
31.786324
70
0
0
VERTEX
8
Sketch
10
155.210414
20
31.439915
70
0
0
VERTEX
8
Sketch
10
155.610413
20
31.439915
70
0
0
VERTEX
8
Sketch
10
155.810413
20
31.786324
70
0
0
VERTEX
8
Sketch
10
155.810413
20
31.786324
70
0
0
SEQEND
8
Sketch
0
POLYLINE
8
Sketch
62
7
70
0
10
0.000000
20
0.000000
66
1
0
VERTEX
8
Sketch
10
158.311822
20
32.227411
70
0
0
VERTEX
8
Sketch
10
158.111822
20
32.573821
70
0
0
VERTEX
8
Sketch
10
157.711823
20
32.573821
70
0
0
VERTEX
8
Sketch
10
157.511823
20
32.227411
70
0
0
VERTEX
8
Sketch
10
157.711823
20
31.881001
70
0
0
VERTEX
8
Sketch
10
158.111822
20
31.881001
70
0
0
VERTEX
8
Sketch
10
158.311822
20
32.227411
70
0
0
VERTEX
8
Sketch
10
158.311822
20
32.227411
70
0
0
SEQEND
8
Sketch
0
POLYLINE
8
Sketch
62
7
70
0
10
0.000000
20
0.000000
66
1
0
VERTEX
8
Sketch
10
160.813231
20
32.668471
70
0
0
VERTEX
8
Sketch
10
160.613231
20
33.014880
70
0
0
VERTEX
8
Sketch
10
160.213231
20
33.014880
70
0
0
VERTEX
8
Sketch
10
160.013232
20
32.668471
70
0
0
VERTEX
8
Sketch
10
160.213231
20
32.322061
70
0
0
VERTEX
8
Sketch
10
160.613231
20
32.322061
70
0
0
VERTEX
8
Sketch
10
160.813231
20
32.668471
70
0
0
VERTEX
8
Sketch
10
160.813231
20
32.668471
70
0
0
SEQEND
8
Sketch
0
POLYLINE
8
Sketch
62
7
70
0
10
0.000000
20
0.000000
66
1
0
VERTEX
8
Sketch
10
163.314639
20
33.109531
70
0
0
VERTEX
8
Sketch
10
163.114639
20
33.455940
70
0
0
VERTEX
8
Sketch
10
162.714640
20
33.455940
70
0
0
VERTEX
8
Sketch
10
162.514640
20
33.109531
70
0
0
VERTEX
8
Sketch
10
162.714640
20
32.763121
70
0
0
VERTEX
8
Sketch
10
163.114639
20
32.763121
70
0
0
VERTEX
8
Sketch
10
163.314639
20
33.109531
70
0
0
VERTEX
8
Sketch
10
163.314639
20
33.109531
70
0
0
SEQEND
8
Sketch
0
POLYLINE
8
Sketch
62
7
70
0
10
0.000000
20
0.000000
66
1
0
VERTEX
8
Sketch
10
184.123601
20
36.778715
70
0
0
VERTEX
8
Sketch
10
184.006282
20
37.061260
70
0
0
VERTEX
8
Sketch
10
183.723602
20
37.178254
70
0
0
VERTEX
8
Sketch
10
183.440922
20
37.061260
70
0
0
VERTEX
8
Sketch
10
183.323603
20
36.778715
70
0
0
VERTEX
8
Sketch
10
183.440922
20
36.496170
70
0
0
VERTEX
8
Sketch
10
183.723602
20
36.379175
70
0
0
VERTEX
8
Sketch
10
184.006282
20
36.496170
70
0
0
VERTEX
8
Sketch
10
184.123601
20
36.778715
70
0
0
VERTEX
8
Sketch
10
184.123601
20
36.778715
70
0
0
SEQEND
8
Sketch
0
POLYLINE
8
Sketch
62
7
70
0
10
0.000000
20
0.000000
66
1
0
VERTEX
8
Sketch
10
186.625009
20
37.219774
70
0
0
VERTEX
8
Sketch
10
186.507689
20
37.502319
70
0
0
VERTEX
8
Sketch
10
186.225010
20
37.619314
70
0
0
VERTEX
8
Sketch
10
185.942330
20
37.502319
70
0
0
VERTEX
8
Sketch
10
185.825010
20
37.219774
70
0
0
VERTEX
8
Sketch
10
185.942330
20
36.937230
70
0
0
VERTEX
8
Sketch
10
186.225010
20
36.820235
70
0
0
VERTEX
8
Sketch
10
186.507689
20
36.937230
70
0
0
VERTEX
8
Sketch
10
186.625009
20
37.219774
70
0
0
VERTEX
8
Sketch
10
186.625009
20
37.219774
70
0
0
SEQEND
8
Sketch
0
POLYLINE
8
Sketch
62
7
70
0
10
0.000000
20
0.000000
66
1
0
VERTEX
8
Sketch
10
191.627826
20
38.101921
70
0
0
VERTEX
8
Sketch
10
191.510507
20
38.384466
70
0
0
VERTEX
8
Sketch
10
191.227827
20
38.501460
70
0
0
VERTEX
8
Sketch
10
190.945147
20
38.384466
70
0
0
VERTEX
8
Sketch
10
190.827828
20
38.101921
70
0
0
VERTEX
8
Sketch
10
190.945147
20
37.819376
70
0
0
VERTEX
8
Sketch
10
191.227827
20
37.702381
70
0
0
VERTEX
8
Sketch
10
191.510507
20
37.819376
70
0
0
VERTEX
8
Sketch
10
191.627826
20
38.101921
70
0
0
VERTEX
8
Sketch
10
191.627826
20
38.101921
70
0
0
SEQEND
8
Sketch
0
POLYLINE
8
Sketch
62
7
70
0
10
0.000000
20
0.000000
66
1
0
VERTEX
8
Sketch
10
189.126419
20
37.660834
70
0
0
VERTEX
8
Sketch
10
188.926418
20
38.007245
70
0
0
VERTEX
8
Sketch
10
188.526418
20
38.007245
70
0
0
VERTEX
8
Sketch
10
188.326418
20
37.660834
70
0
0
VERTEX
8
Sketch
10
188.526418
20
37.314424
70
0
0
VERTEX
8
Sketch
10
188.926418
20
37.314424
70
0
0
VERTEX
8
Sketch
10
189.126419
20
37.660834
70
0
0
VERTEX
8
Sketch
10
189.126419
20
37.660834
70
0
0
SEQEND
8
Sketch
0
POLYLINE
8
Sketch
62
7
70
0
10
0.000000
20
0.000000
66
1
0
VERTEX
8
Sketch
10
194.129233
20
38.542981
70
0
0
VERTEX
8
Sketch
10
194.011914
20
38.825525
70
0
0
VERTEX
8
Sketch
10
193.729234
20
38.942520
70
0
0
VERTEX
8
Sketch
10
193.446555
20
38.825525
70
0
0
VERTEX
8
Sketch
10
193.329235
20
38.542981
70
0
0
VERTEX
8
Sketch
10
193.446555
20
38.260436
70
0
0
VERTEX
8
Sketch
10
193.729234
20
38.143441
70
0
0
VERTEX
8
Sketch
10
194.011914
20
38.260436
70
0
0
VERTEX
8
Sketch
10
194.129233
20
38.542981
70
0
0
VERTEX
8
Sketch
10
194.129233
20
38.542981
70
0
0
SEQEND
8
Sketch
0
POLYLINE
8
45.0
62
170
70
0
10
0.000000
20
0.000000
66
1
0
VERTEX
8
45.0
10
151.060350
20
288.485360
70
0
0
VERTEX
8
45.0
10
146.335791
20
288.396569
70
0
0
VERTEX
8
45.0
10
141.644294
20
288.131929
70
0
0
VERTEX
8
45.0
10
136.989749
20
287.694042
70
0
0
VERTEX
8
45.0
10
132.376049
20
287.085506
70
0
0
VERTEX
8
45.0
10
127.807084
20
286.308923
70
0
0
VERTEX
8
45.0
10
123.286748
20
285.366892
70
0
0
VERTEX
8
45.0
10
118.818930
20
284.262015
70
0
0
VERTEX
8
45.0
10
114.407524
20
282.996891
70
0
0
VERTEX
8
45.0
10
110.056420
20
281.574121
70
0
0
VERTEX
8
45.0
10
105.769511
20
279.996305
70
0
0
VERTEX
8
45.0
10
101.550688
20
278.266043
70
0
0
VERTEX
8
45.0
10
97.403843
20
276.385936
70
0
0
VERTEX
8
45.0
10
93.332866
20
274.358584
70
0
0
VERTEX
8
45.0
10
89.341651
20
272.186587
70
0
0
VERTEX
8
45.0
10
85.434089
20
269.872546
70
0
0
VERTEX
8
45.0
10
81.614071
20
267.419062
70
0
0
VERTEX
8
45.0
10
77.885489
20
264.828733
70
0
0
VERTEX
8
45.0
10
74.252234
20
262.104161
70
0
0
VERTEX
8
45.0
10
70.718199
20
259.247946
70
0
0
VERTEX
8
45.0
10
67.287275
20
256.262689
70
0
0
VERTEX
8
45.0
10
63.963354
20
253.150989
70
0
0
VERTEX
8
45.0
10
60.750327
20
249.915447
70
0
0
VERTEX
8
45.0
10
57.652085
20
246.558664
70
0
0
VERTEX
8
45.0
10
54.672522
20
243.083239
70
0
0
VERTEX
8
45.0
10
51.815528
20
239.491773
70
0
0
VERTEX
8
45.0
10
49.084995
20
235.786866
70
0
0
VERTEX
8
45.0
10
46.484814
20
231.971119
70
0
0
VERTEX
8
45.0
10
44.018878
20
228.047132
70
0
0
VERTEX
8
45.0
10
41.691077
20
224.017505
70
0
0
VERTEX
8
45.0
10
39.505304
20
219.884839
70
0
0
VERTEX
8
45.0
10
37.465451
20
215.651733
70
0
0
VERTEX
8
45.0
10
35.575408
20
211.320789
70
0
0
VERTEX
8
45.0
10
33.849430
20
206.921887
70
0
0
VERTEX
8
45.0
10
32.298567
20
202.486235
70
0
0
VERTEX
8
45.0
10
30.921905
20
198.018424
70
0
0
VERTEX
8
45.0
10
29.718532
20
193.523044
70
0
0
VERTEX
8
45.0
10
28.687535
20
189.004686
70
0
0
VERTEX
8
45.0
10
27.827999
20
184.467940
70
0
0
VERTEX
8
45.0
10
27.139013
20
179.917397
70
0
0
VERTEX
8
45.0
10
26.619663
20
175.357647
70
0
0
VERTEX
8
45.0
10
26.269036
20
170.793281
70
0
0
VERTEX
8
45.0
10
26.086219
20
166.228889
70
0
0
VERTEX
8
45.0
10
26.070299
20
161.669062
70
0
0
VERTEX
8
45.0
10
26.220362
20
157.118391
70
0
0
VERTEX
8
45.0
10
26.535496
20
152.581465
70
0
0
VERTEX
8
45.0
10
27.014788
20
148.062876
70
0
0
VERTEX
8
45.0
10
27.657323
20
143.567214
70
0
0
VERTEX
8
45.0
10
28.462190
20
139.099070
70
0
0
VERTEX
8
45.0
10
29.428475
20
134.663033
70
0
0
VERTEX
8
45.0
10
30.555265
20
130.263695
70
0
0
VERTEX
8
45.0
10
31.841646
20
125.905647
70
0
0
VERTEX
8
45.0
10
33.286707
20
121.593477
70
0
0
VERTEX
8
45.0
10
34.889533
20
117.331778
70
0
0
VERTEX
8
45.0
10
36.649212
20
113.125140
70
0
0
VERTEX
8
45.0
10
38.564830
20
108.978153
70
0
0
VERTEX
8
45.0
10
40.635474
20
104.895408
70
0
0
VERTEX
8
45.0
10
42.860232
20
100.881495
70
0
0
VERTEX
8
45.0
10
45.238189
20
96.941005
70
0
0
VERTEX
8
45.0
10
47.768434
20
93.078528
70
0
0
VERTEX
8
45.0
10
50.450052
20
89.298655
70
0
0
VERTEX
8
45.0
10
53.282132
20
85.605976
70
0
0
VERTEX
8
45.0
10
56.263758
20
82.005083
70
0
0
VERTEX
8
45.0
10
59.394020
20
78.500565
70
0
0
VERTEX
8
45.0
10
62.672002
20
75.097012
70
0
0
VERTEX
8
45.0
10
66.075555
20
71.819030
70
0
0
VERTEX
8
45.0
10
69.580073
20
68.688768
70
0
0
VERTEX
8
45.0
10
73.180966
20
65.707142
70
0
0
VERTEX
8
45.0
10
76.873645
20
62.875062
70
0
0
VERTEX
8
45.0
10
80.653518
20
60.193444
70
0
0
VERTEX
8
45.0
10
84.515995
20
57.663199
70
0
0
VERTEX
8
45.0
10
88.456485
20
55.285242
70
0
0
VERTEX
8
45.0
10
92.470398
20
53.060484
70
0
0
VERTEX
8
45.0
10
96.553143
20
50.989840
70
0
0
VERTEX
8
45.0
10
100.700130
20
49.074222
70
0
0
VERTEX
8
45.0
10
104.906768
20
47.314543
70
0
0
VERTEX
8
45.0
10
109.168467
20
45.711717
70
0
0
VERTEX
8
45.0
10
113.480637
20
44.266656
70
0
0
VERTEX
8
45.0
10
117.838685
20
42.980275
70
0
0
VERTEX
8
45.0
10
122.238023
20
41.853485
70
0
0
VERTEX
8
45.0
10
126.674060
20
40.887200
70
0
0
VERTEX
8
45.0
10
131.142204
20
40.082333
70
0
0
VERTEX
8
45.0
10
135.637866
20
39.439798
70
0
0
VERTEX
8
45.0
10
140.156455
20
38.960506
70
0
0
VERTEX
8
45.0
10
144.693381
20
38.645372
70
0
0
VERTEX
8
45.0
10
149.244052
20
38.495309
70
0
0
VERTEX
8
45.0
10
153.803879
20
38.511229
70
0
0
VERTEX
8
45.0
10
158.368271
20
38.694046
70
0
0
VERTEX
8
45.0
10
162.932637
20
39.044673
70
0
0
VERTEX
8
45.0
10
167.492387
20
39.564023
70
0
0
VERTEX
8
45.0
10
172.042930
20
40.253009
70
0
0
VERTEX
8
45.0
10
176.579676
20
41.112545
70
0
0
VERTEX
8
45.0
10
181.098034
20
42.143542
70
0
0
VERTEX
8
45.0
10
185.593414
20
43.346915
70
0
0
VERTEX
8
45.0
10
190.061225
20
44.723577
70
0
0
VERTEX
8
45.0
10
194.496877
20
46.274440
70
0
0
VERTEX
8
45.0
10
198.895779
20
48.000418
70
0
0
VERTEX
8
45.0
10
203.226723
20
49.890461
70
0
0
VERTEX
8
45.0
10
207.459829
20
51.930314
70
0
0
VERTEX
8
45.0
10
211.592495
20
54.116087
70
0
0
VERTEX
8
45.0
10
215.622122
20
56.443888
70
0
0
VERTEX
8
45.0
10
219.546109
20
58.909824
70
0
0
VERTEX
8
45.0
10
223.361856
20
61.510005
70
0
0
VERTEX
8
45.0
10
227.066763
20
64.240538
70
0
0
VERTEX
8
45.0
10
230.658229
20
67.097532
70
0
0
VERTEX
8
45.0
10
234.133654
20
70.077095
70
0
0
VERTEX
8
45.0
10
237.490437
20
73.175337
70
0
0
VERTEX
8
45.0
10
240.725979
20
76.388364
70
0
0
VERTEX
8
45.0
10
243.837679
20
79.712285
70
0
0
VERTEX
8
45.0
10
246.822936
20
83.143209
70
0
0
VERTEX
8
45.0
10
249.679151
20
86.677244
70
0
0
VERTEX
8
45.0
10
252.403723
20
90.310499
70
0
0
VERTEX
8
45.0
10
254.994052
20
94.039081
70
0
0
VERTEX
8
45.0
10
257.447536
20
97.859099
70
0
0
VERTEX
8
45.0
10
259.761577
20
101.766661
70
0
0
VERTEX
8
45.0
10
261.933574
20
105.757876
70
0
0
VERTEX
8
45.0
10
263.960926
20
109.828853
70
0
0
VERTEX
8
45.0
10
265.841033
20
113.975698
70
0
0
VERTEX
8
45.0
10
267.571295
20
118.194521
70
0
0
VERTEX
8
45.0
10
269.149111
20
122.481430
70
0
0
VERTEX
8
45.0
10
270.571881
20
126.832534
70
0
0
VERTEX
8
45.0
10
271.837005
20
131.243940
70
0
0
VERTEX
8
45.0
10
272.941882
20
135.711758
70
0
0
VERTEX
8
45.0
10
273.883913
20
140.232094
70
0
0
VERTEX
8
45.0
10
274.660496
20
144.801059
70
0
0
VERTEX
8
45.0
10
275.269032
20
149.414759
70
0
0
VERTEX
8
45.0
10
275.706919
20
154.069304
70
0
0
VERTEX
8
45.0
10
275.971559
20
158.760801
70
0
0
VERTEX
8
45.0
10
276.060350
20
163.485360
70
0
0
VERTEX
8
45.0
10
275.897701
20
169.917843
70
0
0
VERTEX
8
45.0
10
275.414989
20
176.265884
70
0
0
VERTEX
8
45.0
10
274.620069
20
182.521627
70
0
0
VERTEX
8
45.0
10
273.520794
20
188.677220
70
0
0
VERTEX
8
45.0
10
272.125019
20
194.724808
70
0
0
VERTEX
8
45.0
10
270.440597
20
200.656536
70
0
0
VERTEX
8
45.0
10
268.475383
20
206.464552
70
0
0
VERTEX
8
45.0
10
266.237230
20
212.141001
70
0
0
VERTEX
8
45.0
10
263.733993
20
217.678029
70
0
0
VERTEX
8
45.0
10
260.973525
20
223.067783
70
0
0
VERTEX
8
45.0
10
257.963680
20
228.302407
70
0
0
VERTEX
8
45.0
10
254.712313
20
233.374049
70
0
0
VERTEX
8
45.0
10
251.227277
20
238.274854
70
0
0
VERTEX
8
45.0
10
247.516427
20
242.996968
70
0
0
VERTEX
8
45.0
10
243.587616
20
247.532537
70
0
0
VERTEX
8
45.0
10
239.448698
20
251.873708
70
0
0
VERTEX
8
45.0
10
235.107527
20
256.012626
70
0
0
VERTEX
8
45.0
10
230.571958
20
259.941437
70
0
0
VERTEX
8
45.0
10
225.849844
20
263.652287
70
0
0
VERTEX
8
45.0
10
220.949039
20
267.137323
70
0
0
VERTEX
8
45.0
10
215.877397
20
270.388690
70
0
0
VERTEX
8
45.0
10
210.642773
20
273.398535
70
0
0
VERTEX
8
45.0
10
205.253019
20
276.159003
70
0
0
VERTEX
8
45.0
10
199.715991
20
278.662240
70
0
0
VERTEX
8
45.0
10
194.039542
20
280.900393
70
0
0
VERTEX
8
45.0
10
188.231526
20
282.865607
70
0
0
VERTEX
8
45.0
10
182.299798
20
284.550029
70
0
0
VERTEX
8
45.0
10
176.252210
20
285.945804
70
0
0
VERTEX
8
45.0
10
170.096617
20
287.045079
70
0
0
VERTEX
8
45.0
10
163.840874
20
287.839999
70
0
0
VERTEX
8
45.0
10
157.492833
20
288.322711
70
0
0
VERTEX
8
45.0
10
151.060350
20
288.485360
70
0
0
VERTEX
8
45.0
10
151.060350
20
288.485360
70
0
0
SEQEND
8
45.0
0
POLYLINE
8
45.0
62
170
70
0
10
0.000000
20
0.000000
66
1
0
VERTEX
8
45.0
10
148.400820
20
293.309413
70
0
0
VERTEX
8
45.0
10
147.670630
20
292.086232
70
0
0
VERTEX
8
45.0
10
148.400820
20
292.086232
70
0
0
VERTEX
8
45.0
10
148.400820
20
293.309413
70
0
0
SEQEND
8
45.0
0
POLYLINE
8
45.0
62
170
70
1
10
0.000000
20
0.000000
66
1
0
VERTEX
8
45.0
10
148.349620
20
293.594667
70
0
0
VERTEX
8
45.0
10
148.712390
20
293.594667
70
0
0
VERTEX
8
45.0
10
148.712390
20
292.086232
70
0
0
VERTEX
8
45.0
10
149.020900
20
292.086232
70
0
0
VERTEX
8
45.0
10
149.020900
20
291.831984
70
0
0
VERTEX
8
45.0
10
148.712390
20
291.831984
70
0
0
VERTEX
8
45.0
10
148.712390
20
291.280080
70
0
0
VERTEX
8
45.0
10
148.400780
20
291.280080
70
0
0
VERTEX
8
45.0
10
148.400780
20
291.831984
70
0
0
VERTEX
8
45.0
10
147.419440
20
291.831984
70
0
0
VERTEX
8
45.0
10
147.419440
20
292.128090
70
0
0
VERTEX
8
45.0
10
148.349620
20
293.594667
70
0
0
SEQEND
8
45.0
0
POLYLINE
8
45.0
62
170
70
0
10
0.000000
20
0.000000
66
1
0
VERTEX
8
45.0
10
149.493730
20
293.594667
70
0
0
VERTEX
8
45.0
10
150.665760
20
293.594667
70
0
0
VERTEX
8
45.0
10
150.665760
20
293.331117
70
0
0
VERTEX
8
45.0
10
149.778990
20
293.331117
70
0
0
VERTEX
8
45.0
10
149.778990
20
292.762160
70
0
0
VERTEX
8
45.0
10
149.912310
20
292.797820
70
0
0
VERTEX
8
45.0
10
150.048740
20
292.810220
70
0
0
VERTEX
8
45.0
10
150.619250
20
292.597830
70
0
0
VERTEX
8
45.0
10
150.830090
20
292.022671
70
0
0
VERTEX
8
45.0
10
150.608390
20
291.445962
70
0
0
VERTEX
8
45.0
10
150.005330
20
291.235122
70
0
0
VERTEX
8
45.0
10
149.667370
20
291.259922
70
0
0
VERTEX
8
45.0
10
149.394520
20
291.334332
70
0
0
VERTEX
8
45.0
10
149.394520
20
291.652142
70
0
0
VERTEX
8
45.0
10
149.681320
20
291.535870
70
0
0
VERTEX
8
45.0
10
149.975880
20
291.498660
70
0
0
VERTEX
8
45.0
10
150.374300
20
291.635086
70
0
0
VERTEX
8
45.0
10
150.515380
20
292.022659
70
0
0
VERTEX
8
45.0
10
150.369650
20
292.408682
70
0
0
VERTEX
8
45.0
10
149.966570
20
292.546658
70
0
0
VERTEX
8
45.0
10
149.721630
20
292.517198
70
0
0
VERTEX
8
45.0
10
149.493730
20
292.431928
70
0
0
VERTEX
8
45.0
10
149.493730
20
293.594667
70
0
0
SEQEND
8
45.0
0
POLYLINE
8
45.0
62
170
70
0
10
0.000000
20
0.000000
66
1
0
VERTEX
8
45.0
10
151.842430
20
291.752919
70
0
0
VERTEX
8
45.0
10
152.233100
20
291.752919
70
0
0
VERTEX
8
45.0
10
152.233100
20
291.280080
70
0
0
VERTEX
8
45.0
10
151.842430
20
291.280080
70
0
0
VERTEX
8
45.0
10
151.842430
20
291.752919
70
0
0
SEQEND
8
45.0
0
POLYLINE
8
45.0
62
170
70
0
10
0.000000
20
0.000000
66
1
0
VERTEX
8
45.0
10
153.744640
20
292.442799
70
0
0
VERTEX
8
45.0
10
153.803540
20
292.590077
70
0
0
VERTEX
8
45.0
10
153.947720
20
292.652087
70
0
0
VERTEX
8
45.0
10
154.096540
20
292.590077
70
0
0
VERTEX
8
45.0
10
154.158540
20
292.442799
70
0
0
VERTEX
8
45.0
10
154.096540
20
292.295522
70
0
0
VERTEX
8
45.0
10
153.947720
20
292.235062
70
0
0
VERTEX
8
45.0
10
153.801990
20
292.293972
70
0
0
VERTEX
8
45.0
10
153.744590
20
292.442800
70
0
0
VERTEX
8
45.0
10
153.744640
20
292.442799
70
0
0
SEQEND
8
45.0
0
POLYLINE
8
45.0
62
170
70
0
10
0.000000
20
0.000000
66
1
0
VERTEX
8
45.0
10
153.950830
20
293.388478
70
0
0
VERTEX
8
45.0
10
153.623710
20
293.152834
70
0
0
VERTEX
8
45.0
10
153.516740
20
292.435048
70
0
0
VERTEX
8
45.0
10
153.623710
20
291.718813
70
0
0
VERTEX
8
45.0
10
153.950830
20
291.483168
70
0
0
VERTEX
8
45.0
10
154.277940
20
291.718813
70
0
0
VERTEX
8
45.0
10
154.386460
20
292.435048
70
0
0
VERTEX
8
45.0
10
154.277940
20
293.152834
70
0
0
VERTEX
8
45.0
10
153.950830
20
293.388478
70
0
0
VERTEX
8
45.0
10
153.950830
20
293.388478
70
0
0
SEQEND
8
45.0
0
POLYLINE
8
45.0
62
170
70
0
10
0.000000
20
0.000000
66
1
0
VERTEX
8
45.0
10
153.950830
20
293.636525
70
0
0
VERTEX
8
45.0
10
154.276003
20
293.560561
70
0
0
VERTEX
8
45.0
10
154.510480
20
293.332668
70
0
0
VERTEX
8
45.0
10
154.701170
20
292.435048
70
0
0
VERTEX
8
45.0
10
154.510480
20
291.538979
70
0
0
VERTEX
8
45.0
10
154.276003
20
291.311085
70
0
0
VERTEX
8
45.0
10
153.950830
20
291.235121
70
0
0
VERTEX
8
45.0
10
153.625655
20
291.311085
70
0
0
VERTEX
8
45.0
10
153.391170
20
291.538979
70
0
0
VERTEX
8
45.0
10
153.202030
20
292.435048
70
0
0
VERTEX
8
45.0
10
153.391170
20
293.332668
70
0
0
VERTEX
8
45.0
10
153.625655
20
293.560561
70
0
0
VERTEX
8
45.0
10
153.950830
20
293.636525
70
0
0
VERTEX
8
45.0
10
153.950830
20
293.636525
70
0
0
SEQEND
8
45.0
0
POLYLINE
8
Sketch
62
7
70
0
10
0.000000
20
0.000000
66
1
0
VERTEX
8
Sketch
10
94.516160
20
33.667154
70
0
0
VERTEX
8
Sketch
10
94.316160
20
34.013565
70
0
0
VERTEX
8
Sketch
10
93.916160
20
34.013565
70
0
0
VERTEX
8
Sketch
10
93.716159
20
33.667154
70
0
0
VERTEX
8
Sketch
10
93.916160
20
33.320743
70
0
0
VERTEX
8
Sketch
10
94.316160
20
33.320743
70
0
0
VERTEX
8
Sketch
10
94.516160
20
33.667154
70
0
0
VERTEX
8
Sketch
10
94.516160
20
33.667154
70
0
0
SEQEND
8
Sketch
0
POLYLINE
8
Sketch
62
7
70
0
10
0.000000
20
0.000000
66
1
0
VERTEX
8
Sketch
10
97.017568
20
33.226094
70
0
0
VERTEX
8
Sketch
10
96.900248
20
33.508639
70
0
0
VERTEX
8
Sketch
10
96.617568
20
33.625634
70
0
0
VERTEX
8
Sketch
10
96.334889
20
33.508639
70
0
0
VERTEX
8
Sketch
10
96.217569
20
33.226094
70
0
0
VERTEX
8
Sketch
10
96.334889
20
32.943549
70
0
0
VERTEX
8
Sketch
10
96.617568
20
32.826555
70
0
0
VERTEX
8
Sketch
10
96.900248
20
32.943549
70
0
0
VERTEX
8
Sketch
10
97.017568
20
33.226094
70
0
0
VERTEX
8
Sketch
10
97.017568
20
33.226094
70
0
0
SEQEND
8
Sketch
0
POLYLINE
8
Sketch
62
7
70
0
10
0.000000
20
0.000000
66
1
0
VERTEX
8
Sketch
10
99.518975
20
32.785008
70
0
0
VERTEX
8
Sketch
10
99.401656
20
33.067553
70
0
0
VERTEX
8
Sketch
10
99.118976
20
33.184547
70
0
0
VERTEX
8
Sketch
10
98.836296
20
33.067553
70
0
0
VERTEX
8
Sketch
10
98.718977
20
32.785008
70
0
0
VERTEX
8
Sketch
10
98.836296
20
32.502463
70
0
0
VERTEX
8
Sketch
10
99.118976
20
32.385468
70
0
0
VERTEX
8
Sketch
10
99.401656
20
32.502463
70
0
0
VERTEX
8
Sketch
10
99.518975
20
32.785008
70
0
0
VERTEX
8
Sketch
10
99.518975
20
32.785008
70
0
0
SEQEND
8
Sketch
0
POLYLINE
8
Sketch
62
7
70
0
10
0.000000
20
0.000000
66
1
0
VERTEX
8
Sketch
10
102.020385
20
32.343948
70
0
0
VERTEX
8
Sketch
10
101.903066
20
32.626493
70
0
0
VERTEX
8
Sketch
10
101.620386
20
32.743487
70
0
0
VERTEX
8
Sketch
10
101.337706
20
32.626493
70
0
0
VERTEX
8
Sketch
10
101.220387
20
32.343948
70
0
0
VERTEX
8
Sketch
10
101.337706
20
32.061403
70
0
0
VERTEX
8
Sketch
10
101.620386
20
31.944409
70
0
0
VERTEX
8
Sketch
10
101.903066
20
32.061403
70
0
0
VERTEX
8
Sketch
10
102.020385
20
32.343948
70
0
0
VERTEX
8
Sketch
10
102.020385
20
32.343948
70
0
0
SEQEND
8
Sketch
0
POLYLINE
8
Sketch
62
7
70
0
10
0.000000
20
0.000000
66
1
0
VERTEX
8
Sketch
10
104.521792
20
31.902888
70
0
0
VERTEX
8
Sketch
10
104.404473
20
32.185433
70
0
0
VERTEX
8
Sketch
10
104.121793
20
32.302427
70
0
0
VERTEX
8
Sketch
10
103.839114
20
32.185433
70
0
0
VERTEX
8
Sketch
10
103.721794
20
31.902888
70
0
0
VERTEX
8
Sketch
10
103.839114
20
31.620343
70
0
0
VERTEX
8
Sketch
10
104.121793
20
31.503349
70
0
0
VERTEX
8
Sketch
10
104.404473
20
31.620343
70
0
0
VERTEX
8
Sketch
10
104.521792
20
31.902888
70
0
0
VERTEX
8
Sketch
10
104.521792
20
31.902888
70
0
0
SEQEND
8
Sketch
0
POLYLINE
8
Sketch
62
7
70
0
10
0.000000
20
0.000000
66
1
0
VERTEX
8
Sketch
10
125.330755
20
28.233704
70
0
0
VERTEX
8
Sketch
10
125.213598
20
28.516546
70
0
0
VERTEX
8
Sketch
10
124.930755
20
28.633703
70
0
0
VERTEX
8
Sketch
10
124.647913
20
28.516546
70
0
0
VERTEX
8
Sketch
10
124.530756
20
28.233704
70
0
0
VERTEX
8
Sketch
10
124.730756
20
27.887294
70
0
0
VERTEX
8
Sketch
10
125.130755
20
27.887294
70
0
0
VERTEX
8
Sketch
10
125.330755
20
28.233704
70
0
0
VERTEX
8
Sketch
10
125.330755
20
28.233704
70
0
0
SEQEND
8
Sketch
0
POLYLINE
8
Sketch
62
7
70
0
10
0.000000
20
0.000000
66
1
0
VERTEX
8
Sketch
10
127.832163
20
27.792644
70
0
0
VERTEX
8
Sketch
10
127.632164
20
28.139054
70
0
0
VERTEX
8
Sketch
10
127.232164
20
28.139054
70
0
0
VERTEX
8
Sketch
10
127.032164
20
27.792644
70
0
0
VERTEX
8
Sketch
10
127.232164
20
27.446234
70
0
0
VERTEX
8
Sketch
10
127.632164
20
27.446234
70
0
0
VERTEX
8
Sketch
10
127.832163
20
27.792644
70
0
0
VERTEX
8
Sketch
10
127.832163
20
27.792644
70
0
0
SEQEND
8
Sketch
0
POLYLINE
8
Sketch
62
7
70
0
10
0.000000
20
0.000000
66
1
0
VERTEX
8
Sketch
10
132.834980
20
26.910498
70
0
0
VERTEX
8
Sketch
10
132.634981
20
27.256908
70
0
0
VERTEX
8
Sketch
10
132.234981
20
27.256908
70
0
0
VERTEX
8
Sketch
10
132.034981
20
26.910498
70
0
0
VERTEX
8
Sketch
10
132.234981
20
26.564088
70
0
0
VERTEX
8
Sketch
10
132.634981
20
26.564088
70
0
0
VERTEX
8
Sketch
10
132.834980
20
26.910498
70
0
0
VERTEX
8
Sketch
10
132.834980
20
26.910498
70
0
0
SEQEND
8
Sketch
0
POLYLINE
8
Sketch
62
7
70
0
10
0.000000
20
0.000000
66
1
0
VERTEX
8
Sketch
10
130.333572
20
27.351584
70
0
0
VERTEX
8
Sketch
10
130.133572
20
27.697994
70
0
0
VERTEX
8
Sketch
10
129.733573
20
27.697994
70
0
0
VERTEX
8
Sketch
10
129.533573
20
27.351584
70
0
0
VERTEX
8
Sketch
10
129.733573
20
27.005174
70
0
0
VERTEX
8
Sketch
10
130.133572
20
27.005174
70
0
0
VERTEX
8
Sketch
10
130.333572
20
27.351584
70
0
0
VERTEX
8
Sketch
10
130.333572
20
27.351584
70
0
0
SEQEND
8
Sketch
0
POLYLINE
8
Sketch
62
7
70
0
10
0.000000
20
0.000000
66
1
0
VERTEX
8
Sketch
10
135.336389
20
26.469438
70
0
0
VERTEX
8
Sketch
10
135.136389
20
26.815848
70
0
0
VERTEX
8
Sketch
10
134.736390
20
26.815848
70
0
0
VERTEX
8
Sketch
10
134.536390
20
26.469438
70
0
0
VERTEX
8
Sketch
10
134.736390
20
26.123028
70
0
0
VERTEX
8
Sketch
10
135.136389
20
26.123028
70
0
0
VERTEX
8
Sketch
10
135.336389
20
26.469438
70
0
0
VERTEX
8
Sketch
10
135.336389
20
26.469438
70
0
0
SEQEND
8
Sketch
0
POLYLINE
8
Sketch
62
7
70
0
10
0.000000
20
0.000000
66
1
0
VERTEX
8
Sketch
10
54.544180
20
56.023227
70
0
0
VERTEX
8
Sketch
10
54.426861
20
56.305772
70
0
0
VERTEX
8
Sketch
10
54.144181
20
56.422766
70
0
0
VERTEX
8
Sketch
10
53.861502
20
56.305772
70
0
0
VERTEX
8
Sketch
10
53.744182
20
56.023227
70
0
0
VERTEX
8
Sketch
10
53.861502
20
55.740682
70
0
0
VERTEX
8
Sketch
10
54.144181
20
55.623687
70
0
0
VERTEX
8
Sketch
10
54.426861
20
55.740682
70
0
0
VERTEX
8
Sketch
10
54.544180
20
56.023227
70
0
0
VERTEX
8
Sketch
10
54.544180
20
56.023227
70
0
0
SEQEND
8
Sketch
0
POLYLINE
8
Sketch
62
7
70
0
10
0.000000
20
0.000000
66
1
0
VERTEX
8
Sketch
10
56.743881
20
54.753228
70
0
0
VERTEX
8
Sketch
10
56.626562
20
55.035773
70
0
0
VERTEX
8
Sketch
10
56.343882
20
55.152768
70
0
0
VERTEX
8
Sketch
10
56.061202
20
55.035773
70
0
0
VERTEX
8
Sketch
10
55.943883
20
54.753228
70
0
0
VERTEX
8
Sketch
10
56.061202
20
54.470684
70
0
0
VERTEX
8
Sketch
10
56.343882
20
54.353689
70
0
0
VERTEX
8
Sketch
10
56.626562
20
54.470684
70
0
0
VERTEX
8
Sketch
10
56.743881
20
54.753228
70
0
0
VERTEX
8
Sketch
10
56.743881
20
54.753228
70
0
0
SEQEND
8
Sketch
0
POLYLINE
8
Sketch
62
7
70
0
10
0.000000
20
0.000000
66
1
0
VERTEX
8
Sketch
10
58.943585
20
53.483230
70
0
0
VERTEX
8
Sketch
10
58.743584
20
53.829641
70
0
0
VERTEX
8
Sketch
10
58.343584
20
53.829641
70
0
0
VERTEX
8
Sketch
10
58.143583
20
53.483230
70
0
0
VERTEX
8
Sketch
10
58.343584
20
53.136819
70
0
0
VERTEX
8
Sketch
10
58.743584
20
53.136819
70
0
0
VERTEX
8
Sketch
10
58.943585
20
53.483230
70
0
0
VERTEX
8
Sketch
10
58.943585
20
53.483230
70
0
0
SEQEND
8
Sketch
0
POLYLINE
8
Sketch
62
7
70
0
10
0.000000
20
0.000000
66
1
0
VERTEX
8
Sketch
10
61.143285
20
52.213232
70
0
0
VERTEX
8
Sketch
10
61.025966
20
52.495777
70
0
0
VERTEX
8
Sketch
10
60.743286
20
52.612771
70
0
0
VERTEX
8
Sketch
10
60.460606
20
52.495777
70
0
0
VERTEX
8
Sketch
10
60.343287
20
52.213232
70
0
0
VERTEX
8
Sketch
10
60.460606
20
51.930687
70
0
0
VERTEX
8
Sketch
10
60.743286
20
51.813692
70
0
0
VERTEX
8
Sketch
10
61.025966
20
51.930687
70
0
0
VERTEX
8
Sketch
10
61.143285
20
52.213232
70
0
0
VERTEX
8
Sketch
10
61.143285
20
52.213232
70
0
0
SEQEND
8
Sketch
0
POLYLINE
8
Sketch
62
7
70
0
10
0.000000
20
0.000000
66
1
0
VERTEX
8
Sketch
10
63.342986
20
50.943233
70
0
0
VERTEX
8
Sketch
10
63.225666
20
51.225778
70
0
0
VERTEX
8
Sketch
10
62.942987
20
51.342773
70
0
0
VERTEX
8
Sketch
10
62.660307
20
51.225778
70
0
0
VERTEX
8
Sketch
10
62.542988
20
50.943233
70
0
0
VERTEX
8
Sketch
10
62.660307
20
50.660688
70
0
0
VERTEX
8
Sketch
10
62.942987
20
50.543694
70
0
0
VERTEX
8
Sketch
10
63.225666
20
50.660688
70
0
0
VERTEX
8
Sketch
10
63.342986
20
50.943233
70
0
0
VERTEX
8
Sketch
10
63.342986
20
50.943233
70
0
0
SEQEND
8
Sketch
0
POLYLINE
8
Sketch
62
7
70
0
10
0.000000
20
0.000000
66
1
0
VERTEX
8
Sketch
10
81.642081
20
40.378249
70
0
0
VERTEX
8
Sketch
10
81.524761
20
40.660794
70
0
0
VERTEX
8
Sketch
10
81.242082
20
40.777788
70
0
0
VERTEX
8
Sketch
10
80.959402
20
40.660794
70
0
0
VERTEX
8
Sketch
10
80.842082
20
40.378249
70
0
0
VERTEX
8
Sketch
10
80.959402
20
40.095704
70
0
0
VERTEX
8
Sketch
10
81.242082
20
39.978709
70
0
0
VERTEX
8
Sketch
10
81.524761
20
40.095704
70
0
0
VERTEX
8
Sketch
10
81.642081
20
40.378249
70
0
0
VERTEX
8
Sketch
10
81.642081
20
40.378249
70
0
0
SEQEND
8
Sketch
0
POLYLINE
8
Sketch
62
7
70
0
10
0.000000
20
0.000000
66
1
0
VERTEX
8
Sketch
10
83.841781
20
39.108250
70
0
0
VERTEX
8
Sketch
10
83.724462
20
39.390795
70
0
0
VERTEX
8
Sketch
10
83.441782
20
39.507790
70
0
0
VERTEX
8
Sketch
10
83.159103
20
39.390795
70
0
0
VERTEX
8
Sketch
10
83.041783
20
39.108250
70
0
0
VERTEX
8
Sketch
10
83.159103
20
38.825706
70
0
0
VERTEX
8
Sketch
10
83.441782
20
38.708711
70
0
0
VERTEX
8
Sketch
10
83.724462
20
38.825706
70
0
0
VERTEX
8
Sketch
10
83.841781
20
39.108250
70
0
0
VERTEX
8
Sketch
10
83.841781
20
39.108250
70
0
0
SEQEND
8
Sketch
0
POLYLINE
8
Sketch
62
7
70
0
10
0.000000
20
0.000000
66
1
0
VERTEX
8
Sketch
10
88.241186
20
36.568254
70
0
0
VERTEX
8
Sketch
10
88.123866
20
36.850799
70
0
0
VERTEX
8
Sketch
10
87.841186
20
36.967793
70
0
0
VERTEX
8
Sketch
10
87.558507
20
36.850799
70
0
0
VERTEX
8
Sketch
10
87.441187
20
36.568254
70
0
0
VERTEX
8
Sketch
10
87.558507
20
36.285709
70
0
0
VERTEX
8
Sketch
10
87.841186
20
36.168714
70
0
0
VERTEX
8
Sketch
10
88.123866
20
36.285709
70
0
0
VERTEX
8
Sketch
10
88.241186
20
36.568254
70
0
0
VERTEX
8
Sketch
10
88.241186
20
36.568254
70
0
0
SEQEND
8
Sketch
0
POLYLINE
8
Sketch
62
7
70
0
10
0.000000
20
0.000000
66
1
0
VERTEX
8
Sketch
10
86.041485
20
37.838252
70
0
0
VERTEX
8
Sketch
10
85.841485
20
38.184663
70
0
0
VERTEX
8
Sketch
10
85.441484
20
38.184663
70
0
0
VERTEX
8
Sketch
10
85.241484
20
37.838252
70
0
0
VERTEX
8
Sketch
10
85.441484
20
37.491841
70
0
0
VERTEX
8
Sketch
10
85.841485
20
37.491841
70
0
0
VERTEX
8
Sketch
10
86.041485
20
37.838252
70
0
0
VERTEX
8
Sketch
10
86.041485
20
37.838252
70
0
0
SEQEND
8
Sketch
0
POLYLINE
8
Sketch
62
7
70
0
10
0.000000
20
0.000000
66
1
0
VERTEX
8
Sketch
10
90.440886
20
35.298255
70
0
0
VERTEX
8
Sketch
10
90.323567
20
35.580800
70
0
0
VERTEX
8
Sketch
10
90.040887
20
35.697795
70
0
0
VERTEX
8
Sketch
10
89.758207
20
35.580800
70
0
0
VERTEX
8
Sketch
10
89.640888
20
35.298255
70
0
0
VERTEX
8
Sketch
10
89.758207
20
35.015710
70
0
0
VERTEX
8
Sketch
10
90.040887
20
34.898716
70
0
0
VERTEX
8
Sketch
10
90.323567
20
35.015710
70
0
0
VERTEX
8
Sketch
10
90.440886
20
35.298255
70
0
0
VERTEX
8
Sketch
10
90.440886
20
35.298255
70
0
0
SEQEND
8
Sketch
0
POLYLINE
8
Sketch
62
7
70
0
10
0.000000
20
0.000000
66
1
0
VERTEX
8
Sketch
10
24.629037
20
90.702306
70
0
0
VERTEX
8
Sketch
10
24.511718
20
90.984851
70
0
0
VERTEX
8
Sketch
10
24.229038
20
91.101845
70
0
0
VERTEX
8
Sketch
10
23.946359
20
90.984851
70
0
0
VERTEX
8
Sketch
10
23.829039
20
90.702306
70
0
0
VERTEX
8
Sketch
10
23.946359
20
90.419761
70
0
0
VERTEX
8
Sketch
10
24.229038
20
90.302766
70
0
0
VERTEX
8
Sketch
10
24.511718
20
90.419761
70
0
0
VERTEX
8
Sketch
10
24.629037
20
90.702306
70
0
0
VERTEX
8
Sketch
10
24.629037
20
90.702306
70
0
0
SEQEND
8
Sketch
0
POLYLINE
8
Sketch
62
7
70
0
10
0.000000
20
0.000000
66
1
0
VERTEX
8
Sketch
10
26.261716
20
88.756562
70
0
0
VERTEX
8
Sketch
10
26.144396
20
89.039107
70
0
0
VERTEX
8
Sketch
10
25.861716
20
89.156102
70
0
0
VERTEX
8
Sketch
10
25.579037
20
89.039107
70
0
0
VERTEX
8
Sketch
10
25.461717
20
88.756562
70
0
0
VERTEX
8
Sketch
10
25.579037
20
88.474018
70
0
0
VERTEX
8
Sketch
10
25.861716
20
88.357023
70
0
0
VERTEX
8
Sketch
10
26.144396
20
88.474018
70
0
0
VERTEX
8
Sketch
10
26.261716
20
88.756562
70
0
0
VERTEX
8
Sketch
10
26.261716
20
88.756562
70
0
0
SEQEND
8
Sketch
0
POLYLINE
8
Sketch
62
7
70
0
10
0.000000
20
0.000000
66
1
0
VERTEX
8
Sketch
10
27.894394
20
86.810819
70
0
0
VERTEX
8
Sketch
10
27.777074
20
87.093364
70
0
0
VERTEX
8
Sketch
10
27.494395
20
87.210359
70
0
0
VERTEX
8
Sketch
10
27.211715
20
87.093364
70
0
0
VERTEX
8
Sketch
10
27.094395
20
86.810819
70
0
0
VERTEX
8
Sketch
10
27.211715
20
86.528274
70
0
0
VERTEX
8
Sketch
10
27.494395
20
86.411280
70
0
0
VERTEX
8
Sketch
10
27.777074
20
86.528274
70
0
0
VERTEX
8
Sketch
10
27.894394
20
86.810819
70
0
0
VERTEX
8
Sketch
10
27.894394
20
86.810819
70
0
0
SEQEND
8
Sketch
0
POLYLINE
8
Sketch
62
7
70
0
10
0.000000
20
0.000000
66
1
0
VERTEX
8
Sketch
10
29.527072
20
84.865049
70
0
0
VERTEX
8
Sketch
10
29.409752
20
85.147594
70
0
0
VERTEX
8
Sketch
10
29.127073
20
85.264589
70
0
0
VERTEX
8
Sketch
10
28.844393
20
85.147594
70
0
0
VERTEX
8
Sketch
10
28.727074
20
84.865049
70
0
0
VERTEX
8
Sketch
10
28.844393
20
84.582504
70
0
0
VERTEX
8
Sketch
10
29.127073
20
84.465510
70
0
0
VERTEX
8
Sketch
10
29.409752
20
84.582504
70
0
0
VERTEX
8
Sketch
10
29.527072
20
84.865049
70
0
0
VERTEX
8
Sketch
10
29.527072
20
84.865049
70
0
0
SEQEND
8
Sketch
0
POLYLINE
8
Sketch
62
7
70
0
10
0.000000
20
0.000000
66
1
0
VERTEX
8
Sketch
10
31.159750
20
82.919306
70
0
0
VERTEX
8
Sketch
10
31.042431
20
83.201851
70
0
0
VERTEX
8
Sketch
10
30.759751
20
83.318845
70
0
0
VERTEX
8
Sketch
10
30.477071
20
83.201851
70
0
0
VERTEX
8
Sketch
10
30.359752
20
82.919306
70
0
0
VERTEX
8
Sketch
10
30.477071
20
82.636761
70
0
0
VERTEX
8
Sketch
10
30.759751
20
82.519766
70
0
0
VERTEX
8
Sketch
10
31.042431
20
82.636761
70
0
0
VERTEX
8
Sketch
10
31.159750
20
82.919306
70
0
0
VERTEX
8
Sketch
10
31.159750
20
82.919306
70
0
0
SEQEND
8
Sketch
0
POLYLINE
8
Sketch
62
7
70
0
10
0.000000
20
0.000000
66
1
0
VERTEX
8
Sketch
10
44.741835
20
66.732806
70
0
0
VERTEX
8
Sketch
10
44.624516
20
67.015351
70
0
0
VERTEX
8
Sketch
10
44.341836
20
67.132345
70
0
0
VERTEX
8
Sketch
10
44.059157
20
67.015351
70
0
0
VERTEX
8
Sketch
10
43.941837
20
66.732806
70
0
0
VERTEX
8
Sketch
10
44.059157
20
66.450261
70
0
0
VERTEX
8
Sketch
10
44.341836
20
66.333266
70
0
0
VERTEX
8
Sketch
10
44.624516
20
66.450261
70
0
0
VERTEX
8
Sketch
10
44.741835
20
66.732806
70
0
0
VERTEX
8
Sketch
10
44.741835
20
66.732806
70
0
0
SEQEND
8
Sketch
0
POLYLINE
8
Sketch
62
7
70
0
10
0.000000
20
0.000000
66
1
0
VERTEX
8
Sketch
10
46.374514
20
64.787062
70
0
0
VERTEX
8
Sketch
10
46.257194
20
65.069607
70
0
0
VERTEX
8
Sketch
10
45.974514
20
65.186602
70
0
0
VERTEX
8
Sketch
10
45.691835
20
65.069607
70
0
0
VERTEX
8
Sketch
10
45.574515
20
64.787062
70
0
0
VERTEX
8
Sketch
10
45.691835
20
64.504518
70
0
0
VERTEX
8
Sketch
10
45.974514
20
64.387523
70
0
0
VERTEX
8
Sketch
10
46.257194
20
64.504518
70
0
0
VERTEX
8
Sketch
10
46.374514
20
64.787062
70
0
0
VERTEX
8
Sketch
10
46.374514
20
64.787062
70
0
0
SEQEND
8
Sketch
0
POLYLINE
8
Sketch
62
7
70
0
10
0.000000
20
0.000000
66
1
0
VERTEX
8
Sketch
10
49.639873
20
60.895549
70
0
0
VERTEX
8
Sketch
10
49.522553
20
61.178094
70
0
0
VERTEX
8
Sketch
10
49.239873
20
61.295089
70
0
0
VERTEX
8
Sketch
10
48.957194
20
61.178094
70
0
0
VERTEX
8
Sketch
10
48.839874
20
60.895549
70
0
0
VERTEX
8
Sketch
10
48.957194
20
60.613004
70
0
0
VERTEX
8
Sketch
10
49.239873
20
60.496010
70
0
0
VERTEX
8
Sketch
10
49.522553
20
60.613004
70
0
0
VERTEX
8
Sketch
10
49.639873
20
60.895549
70
0
0
VERTEX
8
Sketch
10
49.639873
20
60.895549
70
0
0
SEQEND
8
Sketch
0
POLYLINE
8
Sketch
62
7
70
0
10
0.000000
20
0.000000
66
1
0
VERTEX
8
Sketch
10
48.007192
20
62.841293
70
0
0
VERTEX
8
Sketch
10
47.889872
20
63.123838
70
0
0
VERTEX
8
Sketch
10
47.607193
20
63.240832
70
0
0
VERTEX
8
Sketch
10
47.324513
20
63.123838
70
0
0
VERTEX
8
Sketch
10
47.207193
20
62.841293
70
0
0
VERTEX
8
Sketch
10
47.324513
20
62.558748
70
0
0
VERTEX
8
Sketch
10
47.607193
20
62.441753
70
0
0
VERTEX
8
Sketch
10
47.889872
20
62.558748
70
0
0
VERTEX
8
Sketch
10
48.007192
20
62.841293
70
0
0
VERTEX
8
Sketch
10
48.007192
20
62.841293
70
0
0
SEQEND
8
Sketch
0
POLYLINE
8
Sketch
62
7
70
0
10
0.000000
20
0.000000
66
1
0
VERTEX
8
Sketch
10
51.272551
20
58.949806
70
0
0
VERTEX
8
Sketch
10
51.072551
20
59.296217
70
0
0
VERTEX
8
Sketch
10
50.672550
20
59.296217
70
0
0
VERTEX
8
Sketch
10
50.472550
20
58.949806
70
0
0
VERTEX
8
Sketch
10
50.672550
20
58.603395
70
0
0
VERTEX
8
Sketch
10
51.072551
20
58.603395
70
0
0
VERTEX
8
Sketch
10
51.272551
20
58.949806
70
0
0
VERTEX
8
Sketch
10
51.272551
20
58.949806
70
0
0
SEQEND
8
Sketch
0
POLYLINE
8
Sketch
62
7
70
0
10
0.000000
20
0.000000
66
1
0
VERTEX
8
Sketch
10
8.378940
20
133.521545
70
0
0
VERTEX
8
Sketch
10
8.261620
20
133.804090
70
0
0
VERTEX
8
Sketch
10
7.978940
20
133.921085
70
0
0
VERTEX
8
Sketch
10
7.696261
20
133.804090
70
0
0
VERTEX
8
Sketch
10
7.578941
20
133.521545
70
0
0
VERTEX
8
Sketch
10
7.696261
20
133.239001
70
0
0
VERTEX
8
Sketch
10
7.978940
20
133.122006
70
0
0
VERTEX
8
Sketch
10
8.261620
20
133.239001
70
0
0
VERTEX
8
Sketch
10
8.378940
20
133.521545
70
0
0
VERTEX
8
Sketch
10
8.378940
20
133.521545
70
0
0
SEQEND
8
Sketch
0
POLYLINE
8
Sketch
62
7
70
0
10
0.000000
20
0.000000
66
1
0
VERTEX
8
Sketch
10
9.247669
20
131.134742
70
0
0
VERTEX
8
Sketch
10
9.130313
20
131.417220
70
0
0
VERTEX
8
Sketch
10
8.847670
20
131.534178
70
0
0
VERTEX
8
Sketch
10
8.565026
20
131.417220
70
0
0
VERTEX
8
Sketch
10
8.447670
20
131.134742
70
0
0
VERTEX
8
Sketch
10
8.565026
20
130.852264
70
0
0
VERTEX
8
Sketch
10
8.847670
20
130.735306
70
0
0
VERTEX
8
Sketch
10
9.130313
20
130.852264
70
0
0
VERTEX
8
Sketch
10
9.247669
20
131.134742
70
0
0
VERTEX
8
Sketch
10
9.247669
20
131.134742
70
0
0
SEQEND
8
Sketch
0
POLYLINE
8
Sketch
62
7
70
0
10
0.000000
20
0.000000
66
1
0
VERTEX
8
Sketch
10
10.116398
20
128.747913
70
0
0
VERTEX
8
Sketch
10
9.999078
20
129.030457
70
0
0
VERTEX
8
Sketch
10
9.716399
20
129.147452
70
0
0
VERTEX
8
Sketch
10
9.433719
20
129.030457
70
0
0
VERTEX
8
Sketch
10
9.316399
20
128.747913
70
0
0
VERTEX
8
Sketch
10
9.433719
20
128.465368
70
0
0
VERTEX
8
Sketch
10
9.716399
20
128.348373
70
0
0
VERTEX
8
Sketch
10
9.999078
20
128.465368
70
0
0
VERTEX
8
Sketch
10
10.116398
20
128.747913
70
0
0
VERTEX
8
Sketch
10
10.116398
20
128.747913
70
0
0
SEQEND
8
Sketch
0
POLYLINE
8
Sketch
62
7
70
0
10
0.000000
20
0.000000
66
1
0
VERTEX
8
Sketch
10
10.985130
20
126.361109
70
0
0
VERTEX
8
Sketch
10
10.785129
20
126.707520
70
0
0
VERTEX
8
Sketch
10
10.385129
20
126.707520
70
0
0
VERTEX
8
Sketch
10
10.185129
20
126.361109
70
0
0
VERTEX
8
Sketch
10
10.385129
20
126.014699
70
0
0
VERTEX
8
Sketch
10
10.785129
20
126.014699
70
0
0
VERTEX
8
Sketch
10
10.985130
20
126.361109
70
0
0
VERTEX
8
Sketch
10
10.985130
20
126.361109
70
0
0
SEQEND
8
Sketch
0
POLYLINE
8
Sketch
62
7
70
0
10
0.000000
20
0.000000
66
1
0
VERTEX
8
Sketch
10
11.853859
20
123.974280
70
0
0
VERTEX
8
Sketch
10
11.736539
20
124.256824
70
0
0
VERTEX
8
Sketch
10
11.453860
20
124.373819
70
0
0
VERTEX
8
Sketch
10
11.171180
20
124.256824
70
0
0
VERTEX
8
Sketch
10
11.053860
20
123.974280
70
0
0
VERTEX
8
Sketch
10
11.171180
20
123.691735
70
0
0
VERTEX
8
Sketch
10
11.453860
20
123.574740
70
0
0
VERTEX
8
Sketch
10
11.736539
20
123.691735
70
0
0
VERTEX
8
Sketch
10
11.853859
20
123.974280
70
0
0
VERTEX
8
Sketch
10
11.853859
20
123.974280
70
0
0
SEQEND
8
Sketch
0
POLYLINE
8
Sketch
62
7
70
0
10
0.000000
20
0.000000
66
1
0
VERTEX
8
Sketch
10
19.080735
20
104.118622
70
0
0
VERTEX
8
Sketch
10
18.963415
20
104.401167
70
0
0
VERTEX
8
Sketch
10
18.680735
20
104.518161
70
0
0
VERTEX
8
Sketch
10
18.398056
20
104.401167
70
0
0
VERTEX
8
Sketch
10
18.280736
20
104.118622
70
0
0
VERTEX
8
Sketch
10
18.398056
20
103.836077
70
0
0
VERTEX
8
Sketch
10
18.680735
20
103.719082
70
0
0
VERTEX
8
Sketch
10
18.963415
20
103.836077
70
0
0
VERTEX
8
Sketch
10
19.080735
20
104.118622
70
0
0
VERTEX
8
Sketch
10
19.080735
20
104.118622
70
0
0
SEQEND
8
Sketch
0
POLYLINE
8
Sketch
62
7
70
0
10
0.000000
20
0.000000
66
1
0
VERTEX
8
Sketch
10
19.949466
20
101.731792
70
0
0
VERTEX
8
Sketch
10
19.749466
20
102.078203
70
0
0
VERTEX
8
Sketch
10
19.349466
20
102.078203
70
0
0
VERTEX
8
Sketch
10
19.149465
20
101.731792
70
0
0
VERTEX
8
Sketch
10
19.349466
20
101.385382
70
0
0
VERTEX
8
Sketch
10
19.749466
20
101.385382
70
0
0
VERTEX
8
Sketch
10
19.949466
20
101.731792
70
0
0
VERTEX
8
Sketch
10
19.949466
20
101.731792
70
0
0
SEQEND
8
Sketch
0
POLYLINE
8
Sketch
62
7
70
0
10
0.000000
20
0.000000
66
1
0
VERTEX
8
Sketch
10
21.686927
20
96.958159
70
0
0
VERTEX
8
Sketch
10
21.486927
20
97.304570
70
0
0
VERTEX
8
Sketch
10
21.086927
20
97.304570
70
0
0
VERTEX
8
Sketch
10
20.886926
20
96.958159
70
0
0
VERTEX
8
Sketch
10
21.086927
20
96.611749
70
0
0
VERTEX
8
Sketch
10
21.486927
20
96.611749
70
0
0
VERTEX
8
Sketch
10
21.686927
20
96.958159
70
0
0
VERTEX
8
Sketch
10
21.686927
20
96.958159
70
0
0
SEQEND
8
Sketch
0
POLYLINE
8
Sketch
62
7
70
0
10
0.000000
20
0.000000
66
1
0
VERTEX
8
Sketch
10
20.818196
20
99.344989
70
0
0
VERTEX
8
Sketch
10
20.700876
20
99.627534
70
0
0
VERTEX
8
Sketch
10
20.418196
20
99.744528
70
0
0
VERTEX
8
Sketch
10
20.135517
20
99.627534
70
0
0
VERTEX
8
Sketch
10
20.018197
20
99.344989
70
0
0
VERTEX
8
Sketch
10
20.135517
20
99.062444
70
0
0
VERTEX
8
Sketch
10
20.418196
20
98.945450
70
0
0
VERTEX
8
Sketch
10
20.700876
20
99.062444
70
0
0
VERTEX
8
Sketch
10
20.818196
20
99.344989
70
0
0
VERTEX
8
Sketch
10
20.818196
20
99.344989
70
0
0
SEQEND
8
Sketch
0
POLYLINE
8
Sketch
62
7
70
0
10
0.000000
20
0.000000
66
1
0
VERTEX
8
Sketch
10
22.555657
20
94.571356
70
0
0
VERTEX
8
Sketch
10
22.438337
20
94.853901
70
0
0
VERTEX
8
Sketch
10
22.155657
20
94.970895
70
0
0
VERTEX
8
Sketch
10
21.872978
20
94.853901
70
0
0
VERTEX
8
Sketch
10
21.755658
20
94.571356
70
0
0
VERTEX
8
Sketch
10
21.872978
20
94.288811
70
0
0
VERTEX
8
Sketch
10
22.155657
20
94.171817
70
0
0
VERTEX
8
Sketch
10
22.438337
20
94.288811
70
0
0
VERTEX
8
Sketch
10
22.555657
20
94.571356
70
0
0
VERTEX
8
Sketch
10
22.555657
20
94.571356
70
0
0
SEQEND
8
Sketch
0
POLYLINE
8
Sketch
62
7
70
0
10
0.000000
20
0.000000
66
1
0
VERTEX
8
Sketch
10
7.753886
20
179.316338
70
0
0
VERTEX
8
Sketch
10
7.636566
20
179.598883
70
0
0
VERTEX
8
Sketch
10
7.353887
20
179.715878
70
0
0
VERTEX
8
Sketch
10
7.071207
20
179.598883
70
0
0
VERTEX
8
Sketch
10
6.953888
20
179.316338
70
0
0
VERTEX
8
Sketch
10
7.071207
20
179.033793
70
0
0
VERTEX
8
Sketch
10
7.353887
20
178.916799
70
0
0
VERTEX
8
Sketch
10
7.636566
20
179.033793
70
0
0
VERTEX
8
Sketch
10
7.753886
20
179.316338
70
0
0
VERTEX
8
Sketch
10
7.753886
20
179.316338
70
0
0
SEQEND
8
Sketch
0
POLYLINE
8
Sketch
62
7
70
0
10
0.000000
20
0.000000
66
1
0
VERTEX
8
Sketch
10
7.753886
20
176.776342
70
0
0
VERTEX
8
Sketch
10
7.636566
20
177.058886
70
0
0
VERTEX
8
Sketch
10
7.353887
20
177.175881
70
0
0
VERTEX
8
Sketch
10
7.071207
20
177.058886
70
0
0
VERTEX
8
Sketch
10
6.953888
20
176.776342
70
0
0
VERTEX
8
Sketch
10
7.071207
20
176.493797
70
0
0
VERTEX
8
Sketch
10
7.353887
20
176.376802
70
0
0
VERTEX
8
Sketch
10
7.636566
20
176.493797
70
0
0
VERTEX
8
Sketch
10
7.753886
20
176.776342
70
0
0
VERTEX
8
Sketch
10
7.753886
20
176.776342
70
0
0
SEQEND
8
Sketch
0
POLYLINE
8
Sketch
62
7
70
0
10
0.000000
20
0.000000
66
1
0
VERTEX
8
Sketch
10
7.753886
20
174.236345
70
0
0
VERTEX
8
Sketch
10
7.636566
20
174.518890
70
0
0
VERTEX
8
Sketch
10
7.353887
20
174.635884
70
0
0
VERTEX
8
Sketch
10
7.071207
20
174.518890
70
0
0
VERTEX
8
Sketch
10
6.953888
20
174.236345
70
0
0
VERTEX
8
Sketch
10
7.071207
20
173.953800
70
0
0
VERTEX
8
Sketch
10
7.353887
20
173.836805
70
0
0
VERTEX
8
Sketch
10
7.636566
20
173.953800
70
0
0
VERTEX
8
Sketch
10
7.753886
20
174.236345
70
0
0
VERTEX
8
Sketch
10
7.753886
20
174.236345
70
0
0
SEQEND
8
Sketch
0
POLYLINE
8
Sketch
62
7
70
0
10
0.000000
20
0.000000
66
1
0
VERTEX
8
Sketch
10
7.753886
20
171.696348
70
0
0
VERTEX
8
Sketch
10
7.636566
20
171.978893
70
0
0
VERTEX
8
Sketch
10
7.353887
20
172.095887
70
0
0
VERTEX
8
Sketch
10
7.071207
20
171.978893
70
0
0
VERTEX
8
Sketch
10
6.953888
20
171.696348
70
0
0
VERTEX
8
Sketch
10
7.071207
20
171.413803
70
0
0
VERTEX
8
Sketch
10
7.353887
20
171.296809
70
0
0
VERTEX
8
Sketch
10
7.636566
20
171.413803
70
0
0
VERTEX
8
Sketch
10
7.753886
20
171.696348
70
0
0
VERTEX
8
Sketch
10
7.753886
20
171.696348
70
0
0
SEQEND
8
Sketch
0
POLYLINE
8
Sketch
62
7
70
0
10
0.000000
20
0.000000
66
1
0
VERTEX
8
Sketch
10
7.753886
20
169.156351
70
0
0
VERTEX
8
Sketch
10
7.636566
20
169.438896
70
0
0
VERTEX
8
Sketch
10
7.353887
20
169.555891
70
0
0
VERTEX
8
Sketch
10
7.071207
20
169.438896
70
0
0
VERTEX
8
Sketch
10
6.953888
20
169.156351
70
0
0
VERTEX
8
Sketch
10
7.071207
20
168.873806
70
0
0
VERTEX
8
Sketch
10
7.353887
20
168.756812
70
0
0
VERTEX
8
Sketch
10
7.636566
20
168.873806
70
0
0
VERTEX
8
Sketch
10
7.753886
20
169.156351
70
0
0
VERTEX
8
Sketch
10
7.753886
20
169.156351
70
0
0
SEQEND
8
Sketch
0
POLYLINE
8
Sketch
62
7
70
0
10
0.000000
20
0.000000
66
1
0
VERTEX
8
Sketch
10
7.753886
20
148.026382
70
0
0
VERTEX
8
Sketch
10
7.636566
20
148.308927
70
0
0
VERTEX
8
Sketch
10
7.353887
20
148.425922
70
0
0
VERTEX
8
Sketch
10
7.071207
20
148.308927
70
0
0
VERTEX
8
Sketch
10
6.953888
20
148.026382
70
0
0
VERTEX
8
Sketch
10
7.071207
20
147.743838
70
0
0
VERTEX
8
Sketch
10
7.353887
20
147.626843
70
0
0
VERTEX
8
Sketch
10
7.636566
20
147.743838
70
0
0
VERTEX
8
Sketch
10
7.753886
20
148.026382
70
0
0
VERTEX
8
Sketch
10
7.753886
20
148.026382
70
0
0
SEQEND
8
Sketch
0
POLYLINE
8
Sketch
62
7
70
0
10
0.000000
20
0.000000
66
1
0
VERTEX
8
Sketch
10
7.753886
20
145.486386
70
0
0
VERTEX
8
Sketch
10
7.636566
20
145.768930
70
0
0
VERTEX
8
Sketch
10
7.353887
20
145.885925
70
0
0
VERTEX
8
Sketch
10
7.071207
20
145.768930
70
0
0
VERTEX
8
Sketch
10
6.953888
20
145.486386
70
0
0
VERTEX
8
Sketch
10
7.071207
20
145.203841
70
0
0
VERTEX
8
Sketch
10
7.353887
20
145.086846
70
0
0
VERTEX
8
Sketch
10
7.636566
20
145.203841
70
0
0
VERTEX
8
Sketch
10
7.753886
20
145.486386
70
0
0
VERTEX
8
Sketch
10
7.753886
20
145.486386
70
0
0
SEQEND
8
Sketch
0
POLYLINE
8
Sketch
62
7
70
0
10
0.000000
20
0.000000
66
1
0
VERTEX
8
Sketch
10
7.753886
20
140.406392
70
0
0
VERTEX
8
Sketch
10
7.636566
20
140.688937
70
0
0
VERTEX
8
Sketch
10
7.353887
20
140.805931
70
0
0
VERTEX
8
Sketch
10
7.071207
20
140.688937
70
0
0
VERTEX
8
Sketch
10
6.953888
20
140.406392
70
0
0
VERTEX
8
Sketch
10
7.071207
20
140.123847
70
0
0
VERTEX
8
Sketch
10
7.353887
20
140.006853
70
0
0
VERTEX
8
Sketch
10
7.636566
20
140.123847
70
0
0
VERTEX
8
Sketch
10
7.753886
20
140.406392
70
0
0
VERTEX
8
Sketch
10
7.753886
20
140.406392
70
0
0
SEQEND
8
Sketch
0
POLYLINE
8
Sketch
62
7
70
0
10
0.000000
20
0.000000
66
1
0
VERTEX
8
Sketch
10
7.753886
20
142.946389
70
0
0
VERTEX
8
Sketch
10
7.636566
20
143.228934
70
0
0
VERTEX
8
Sketch
10
7.353887
20
143.345928
70
0
0
VERTEX
8
Sketch
10
7.071207
20
143.228934
70
0
0
VERTEX
8
Sketch
10
6.953888
20
142.946389
70
0
0
VERTEX
8
Sketch
10
7.071207
20
142.663844
70
0
0
VERTEX
8
Sketch
10
7.353887
20
142.546849
70
0
0
VERTEX
8
Sketch
10
7.636566
20
142.663844
70
0
0
VERTEX
8
Sketch
10
7.753886
20
142.946389
70
0
0
VERTEX
8
Sketch
10
7.753886
20
142.946389
70
0
0
SEQEND
8
Sketch
0
POLYLINE
8
Sketch
62
7
70
0
10
0.000000
20
0.000000
66
1
0
VERTEX
8
Sketch
10
7.753886
20
137.866395
70
0
0
VERTEX
8
Sketch
10
7.636566
20
138.148940
70
0
0
VERTEX
8
Sketch
10
7.353887
20
138.265935
70
0
0
VERTEX
8
Sketch
10
7.071207
20
138.148940
70
0
0
VERTEX
8
Sketch
10
6.953888
20
137.866395
70
0
0
VERTEX
8
Sketch
10
7.071207
20
137.583850
70
0
0
VERTEX
8
Sketch
10
7.353887
20
137.466856
70
0
0
VERTEX
8
Sketch
10
7.636566
20
137.583850
70
0
0
VERTEX
8
Sketch
10
7.753886
20
137.866395
70
0
0
VERTEX
8
Sketch
10
7.753886
20
137.866395
70
0
0
SEQEND
8
Sketch
0
POLYLINE
8
Sketch
62
7
70
0
10
0.000000
20
0.000000
66
1
0
VERTEX
8
Sketch
10
22.829272
20
222.563157
70
0
0
VERTEX
8
Sketch
10
22.711953
20
222.845702
70
0
0
VERTEX
8
Sketch
10
22.429273
20
222.962697
70
0
0
VERTEX
8
Sketch
10
22.146594
20
222.845702
70
0
0
VERTEX
8
Sketch
10
22.029274
20
222.563157
70
0
0
VERTEX
8
Sketch
10
22.146594
20
222.280612
70
0
0
VERTEX
8
Sketch
10
22.429273
20
222.163618
70
0
0
VERTEX
8
Sketch
10
22.711953
20
222.280612
70
0
0
VERTEX
8
Sketch
10
22.829272
20
222.563157
70
0
0
VERTEX
8
Sketch
10
22.829272
20
222.563157
70
0
0
SEQEND
8
Sketch
0
POLYLINE
8
Sketch
62
7
70
0
10
0.000000
20
0.000000
66
1
0
VERTEX
8
Sketch
10
21.960541
20
220.176341
70
0
0
VERTEX
8
Sketch
10
21.843221
20
220.458886
70
0
0
VERTEX
8
Sketch
10
21.560541
20
220.575880
70
0
0
VERTEX
8
Sketch
10
21.277862
20
220.458886
70
0
0
VERTEX
8
Sketch
10
21.160542
20
220.176341
70
0
0
VERTEX
8
Sketch
10
21.277862
20
219.893796
70
0
0
VERTEX
8
Sketch
10
21.560541
20
219.776801
70
0
0
VERTEX
8
Sketch
10
21.843221
20
219.893796
70
0
0
VERTEX
8
Sketch
10
21.960541
20
220.176341
70
0
0
VERTEX
8
Sketch
10
21.960541
20
220.176341
70
0
0
SEQEND
8
Sketch
0
POLYLINE
8
Sketch
62
7
70
0
10
0.000000
20
0.000000
66
1
0
VERTEX
8
Sketch
10
21.091811
20
217.789524
70
0
0
VERTEX
8
Sketch
10
20.891811
20
218.135935
70
0
0
VERTEX
8
Sketch
10
20.491811
20
218.135935
70
0
0
VERTEX
8
Sketch
10
20.291810
20
217.789524
70
0
0
VERTEX
8
Sketch
10
20.491811
20
217.443114
70
0
0
VERTEX
8
Sketch
10
20.891811
20
217.443114
70
0
0
VERTEX
8
Sketch
10
21.091811
20
217.789524
70
0
0
VERTEX
8
Sketch
10
21.091811
20
217.789524
70
0
0
SEQEND
8
Sketch
0
POLYLINE
8
Sketch
62
7
70
0
10
0.000000
20
0.000000
66
1
0
VERTEX
8
Sketch
10
20.223080
20
215.402708
70
0
0
VERTEX
8
Sketch
10
20.105760
20
215.685253
70
0
0
VERTEX
8
Sketch
10
19.823080
20
215.802247
70
0
0
VERTEX
8
Sketch
10
19.540401
20
215.685253
70
0
0
VERTEX
8
Sketch
10
19.423081
20
215.402708
70
0
0
VERTEX
8
Sketch
10
19.540401
20
215.120163
70
0
0
VERTEX
8
Sketch
10
19.823080
20
215.003169
70
0
0
VERTEX
8
Sketch
10
20.105760
20
215.120163
70
0
0
VERTEX
8
Sketch
10
20.223080
20
215.402708
70
0
0
VERTEX
8
Sketch
10
20.223080
20
215.402708
70
0
0
SEQEND
8
Sketch
0
POLYLINE
8
Sketch
62
7
70
0
10
0.000000
20
0.000000
66
1
0
VERTEX
8
Sketch
10
19.354350
20
213.015891
70
0
0
VERTEX
8
Sketch
10
19.237031
20
213.298436
70
0
0
VERTEX
8
Sketch
10
18.954351
20
213.415431
70
0
0
VERTEX
8
Sketch
10
18.671672
20
213.298436
70
0
0
VERTEX
8
Sketch
10
18.554352
20
213.015891
70
0
0
VERTEX
8
Sketch
10
18.671672
20
212.733347
70
0
0
VERTEX
8
Sketch
10
18.954351
20
212.616352
70
0
0
VERTEX
8
Sketch
10
19.237031
20
212.733347
70
0
0
VERTEX
8
Sketch
10
19.354350
20
213.015891
70
0
0
VERTEX
8
Sketch
10
19.354350
20
213.015891
70
0
0
SEQEND
8
Sketch
0
POLYLINE
8
Sketch
62
7
70
0
10
0.000000
20
0.000000
66
1
0
VERTEX
8
Sketch
10
12.127475
20
193.160210
70
0
0
VERTEX
8
Sketch
10
12.010155
20
193.442755
70
0
0
VERTEX
8
Sketch
10
11.727476
20
193.559749
70
0
0
VERTEX
8
Sketch
10
11.444796
20
193.442755
70
0
0
VERTEX
8
Sketch
10
11.327476
20
193.160210
70
0
0
VERTEX
8
Sketch
10
11.444796
20
192.877665
70
0
0
VERTEX
8
Sketch
10
11.727476
20
192.760671
70
0
0
VERTEX
8
Sketch
10
12.010155
20
192.877665
70
0
0
VERTEX
8
Sketch
10
12.127475
20
193.160210
70
0
0
VERTEX
8
Sketch
10
12.127475
20
193.160210
70
0
0
SEQEND
8
Sketch
0
POLYLINE
8
Sketch
62
7
70
0
10
0.000000
20
0.000000
66
1
0
VERTEX
8
Sketch
10
11.258743
20
190.773393
70
0
0
VERTEX
8
Sketch
10
11.141423
20
191.055938
70
0
0
VERTEX
8
Sketch
10
10.858744
20
191.172933
70
0
0
VERTEX
8
Sketch
10
10.576064
20
191.055938
70
0
0
VERTEX
8
Sketch
10
10.458744
20
190.773393
70
0
0
VERTEX
8
Sketch
10
10.576064
20
190.490849
70
0
0
VERTEX
8
Sketch
10
10.858744
20
190.373854
70
0
0
VERTEX
8
Sketch
10
11.141423
20
190.490849
70
0
0
VERTEX
8
Sketch
10
11.258743
20
190.773393
70
0
0
VERTEX
8
Sketch
10
11.258743
20
190.773393
70
0
0
SEQEND
8
Sketch
0
POLYLINE
8
Sketch
62
7
70
0
10
0.000000
20
0.000000
66
1
0
VERTEX
8
Sketch
10
9.521285
20
185.999758
70
0
0
VERTEX
8
Sketch
10
9.403965
20
186.282303
70
0
0
VERTEX
8
Sketch
10
9.121285
20
186.399297
70
0
0
VERTEX
8
Sketch
10
8.838606
20
186.282303
70
0
0
VERTEX
8
Sketch
10
8.721286
20
185.999758
70
0
0
VERTEX
8
Sketch
10
8.838606
20
185.717213
70
0
0
VERTEX
8
Sketch
10
9.121285
20
185.600218
70
0
0
VERTEX
8
Sketch
10
9.403965
20
185.717213
70
0
0
VERTEX
8
Sketch
10
9.521285
20
185.999758
70
0
0
VERTEX
8
Sketch
10
9.521285
20
185.999758
70
0
0
SEQEND
8
Sketch
0
POLYLINE
8
Sketch
62
7
70
0
10
0.000000
20
0.000000
66
1
0
VERTEX
8
Sketch
10
10.390014
20
188.386588
70
0
0
VERTEX
8
Sketch
10
10.272694
20
188.669132
70
0
0
VERTEX
8
Sketch
10
9.990015
20
188.786127
70
0
0
VERTEX
8
Sketch
10
9.707335
20
188.669132
70
0
0
VERTEX
8
Sketch
10
9.590015
20
188.386588
70
0
0
VERTEX
8
Sketch
10
9.707335
20
188.104043
70
0
0
VERTEX
8
Sketch
10
9.990015
20
187.987048
70
0
0
VERTEX
8
Sketch
10
10.272694
20
188.104043
70
0
0
VERTEX
8
Sketch
10
10.390014
20
188.386588
70
0
0
VERTEX
8
Sketch
10
10.390014
20
188.386588
70
0
0
SEQEND
8
Sketch
0
POLYLINE
8
Sketch
62
7
70
0
10
0.000000
20
0.000000
66
1
0
VERTEX
8
Sketch
10
8.652555
20
183.612955
70
0
0
VERTEX
8
Sketch
10
8.452555
20
183.959365
70
0
0
VERTEX
8
Sketch
10
8.052555
20
183.959365
70
0
0
VERTEX
8
Sketch
10
7.852554
20
183.612955
70
0
0
VERTEX
8
Sketch
10
8.052555
20
183.266544
70
0
0
VERTEX
8
Sketch
10
8.452555
20
183.266544
70
0
0
VERTEX
8
Sketch
10
8.652555
20
183.612955
70
0
0
VERTEX
8
Sketch
10
8.652555
20
183.612955
70
0
0
SEQEND
8
Sketch
0
POLYLINE
8
Sketch
62
7
70
0
10
0.000000
20
0.000000
66
1
0
VERTEX
8
Sketch
10
51.786778
20
258.045778
70
0
0
VERTEX
8
Sketch
10
51.669459
20
258.328322
70
0
0
VERTEX
8
Sketch
10
51.386779
20
258.445317
70
0
0
VERTEX
8
Sketch
10
51.104100
20
258.328322
70
0
0
VERTEX
8
Sketch
10
50.986780
20
258.045778
70
0
0
VERTEX
8
Sketch
10
51.104100
20
257.763233
70
0
0
VERTEX
8
Sketch
10
51.386779
20
257.646238
70
0
0
VERTEX
8
Sketch
10
51.669459
20
257.763233
70
0
0
VERTEX
8
Sketch
10
51.786778
20
258.045778
70
0
0
VERTEX
8
Sketch
10
51.786778
20
258.045778
70
0
0
SEQEND
8
Sketch
0
POLYLINE
8
Sketch
62
7
70
0
10
0.000000
20
0.000000
66
1
0
VERTEX
8
Sketch
10
50.154100
20
256.100029
70
0
0
VERTEX
8
Sketch
10
50.036781
20
256.382574
70
0
0
VERTEX
8
Sketch
10
49.754101
20
256.499568
70
0
0
VERTEX
8
Sketch
10
49.471421
20
256.382574
70
0
0
VERTEX
8
Sketch
10
49.354102
20
256.100029
70
0
0
VERTEX
8
Sketch
10
49.471421
20
255.817484
70
0
0
VERTEX
8
Sketch
10
49.754101
20
255.700489
70
0
0
VERTEX
8
Sketch
10
50.036781
20
255.817484
70
0
0
VERTEX
8
Sketch
10
50.154100
20
256.100029
70
0
0
VERTEX
8
Sketch
10
50.154100
20
256.100029
70
0
0
SEQEND
8
Sketch
0
POLYLINE
8
Sketch
62
7
70
0
10
0.000000
20
0.000000
66
1
0
VERTEX
8
Sketch
10
48.521422
20
254.154278
70
0
0
VERTEX
8
Sketch
10
48.404102
20
254.436822
70
0
0
VERTEX
8
Sketch
10
48.121423
20
254.553817
70
0
0
VERTEX
8
Sketch
10
47.838743
20
254.436822
70
0
0
VERTEX
8
Sketch
10
47.721424
20
254.154278
70
0
0
VERTEX
8
Sketch
10
47.838743
20
253.871733
70
0
0
VERTEX
8
Sketch
10
48.121423
20
253.754738
70
0
0
VERTEX
8
Sketch
10
48.404102
20
253.871733
70
0
0
VERTEX
8
Sketch
10
48.521422
20
254.154278
70
0
0
VERTEX
8
Sketch
10
48.521422
20
254.154278
70
0
0
SEQEND
8
Sketch
0
POLYLINE
8
Sketch
62
7
70
0
10
0.000000
20
0.000000
66
1
0
VERTEX
8
Sketch
10
46.888744
20
252.208526
70
0
0
VERTEX
8
Sketch
10
46.688744
20
252.554937
70
0
0
VERTEX
8
Sketch
10
46.288743
20
252.554937
70
0
0
VERTEX
8
Sketch
10
46.088743
20
252.208526
70
0
0
VERTEX
8
Sketch
10
46.288743
20
251.862116
70
0
0
VERTEX
8
Sketch
10
46.688744
20
251.862116
70
0
0
VERTEX
8
Sketch
10
46.888744
20
252.208526
70
0
0
VERTEX
8
Sketch
10
46.888744
20
252.208526
70
0
0
SEQEND
8
Sketch
0
POLYLINE
8
Sketch
62
7
70
0
10
0.000000
20
0.000000
66
1
0
VERTEX
8
Sketch
10
45.256066
20
250.262778
70
0
0
VERTEX
8
Sketch
10
45.138746
20
250.545322
70
0
0
VERTEX
8
Sketch
10
44.856066
20
250.662317
70
0
0
VERTEX
8
Sketch
10
44.573387
20
250.545322
70
0
0
VERTEX
8
Sketch
10
44.456067
20
250.262778
70
0
0
VERTEX
8
Sketch
10
44.573387
20
249.980233
70
0
0
VERTEX
8
Sketch
10
44.856066
20
249.863238
70
0
0
VERTEX
8
Sketch
10
45.138746
20
249.980233
70
0
0
VERTEX
8
Sketch
10
45.256066
20
250.262778
70
0
0
VERTEX
8
Sketch
10
45.256066
20
250.262778
70
0
0
SEQEND
8
Sketch
0
POLYLINE
8
Sketch
62
7
70
0
10
0.000000
20
0.000000
66
1
0
VERTEX
8
Sketch
10
31.673980
20
234.076278
70
0
0
VERTEX
8
Sketch
10
31.473980
20
234.422688
70
0
0
VERTEX
8
Sketch
10
31.073980
20
234.422688
70
0
0
VERTEX
8
Sketch
10
30.873979
20
234.076278
70
0
0
VERTEX
8
Sketch
10
31.073980
20
233.729867
70
0
0
VERTEX
8
Sketch
10
31.473980
20
233.729867
70
0
0
VERTEX
8
Sketch
10
31.673980
20
234.076278
70
0
0
VERTEX
8
Sketch
10
31.673980
20
234.076278
70
0
0
SEQEND
8
Sketch
0
POLYLINE
8
Sketch
62
7
70
0
10
0.000000
20
0.000000
66
1
0
VERTEX
8
Sketch
10
30.041302
20
232.130526
70
0
0
VERTEX
8
Sketch
10
29.923983
20
232.413071
70
0
0
VERTEX
8
Sketch
10
29.641303
20
232.530066
70
0
0
VERTEX
8
Sketch
10
29.358623
20
232.413071
70
0
0
VERTEX
8
Sketch
10
29.241304
20
232.130526
70
0
0
VERTEX
8
Sketch
10
29.358623
20
231.847981
70
0
0
VERTEX
8
Sketch
10
29.641303
20
231.730987
70
0
0
VERTEX
8
Sketch
10
29.923983
20
231.847981
70
0
0
VERTEX
8
Sketch
10
30.041302
20
232.130526
70
0
0
VERTEX
8
Sketch
10
30.041302
20
232.130526
70
0
0
SEQEND
8
Sketch
0
POLYLINE
8
Sketch
62
7
70
0
10
0.000000
20
0.000000
66
1
0
VERTEX
8
Sketch
10
26.775946
20
228.239026
70
0
0
VERTEX
8
Sketch
10
26.575946
20
228.585437
70
0
0
VERTEX
8
Sketch
10
26.175945
20
228.585437
70
0
0
VERTEX
8
Sketch
10
25.975945
20
228.239026
70
0
0
VERTEX
8
Sketch
10
26.175945
20
227.892616
70
0
0
VERTEX
8
Sketch
10
26.575946
20
227.892616
70
0
0
VERTEX
8
Sketch
10
26.775946
20
228.239026
70
0
0
VERTEX
8
Sketch
10
26.775946
20
228.239026
70
0
0
SEQEND
8
Sketch
0
POLYLINE
8
Sketch
62
7
70
0
10
0.000000
20
0.000000
66
1
0
VERTEX
8
Sketch
10
28.408621
20
230.184778
70
0
0
VERTEX
8
Sketch
10
28.291302
20
230.467322
70
0
0
VERTEX
8
Sketch
10
28.008622
20
230.584317
70
0
0
VERTEX
8
Sketch
10
27.725943
20
230.467322
70
0
0
VERTEX
8
Sketch
10
27.608623
20
230.184778
70
0
0
VERTEX
8
Sketch
10
27.725943
20
229.902233
70
0
0
VERTEX
8
Sketch
10
28.008622
20
229.785238
70
0
0
VERTEX
8
Sketch
10
28.291302
20
229.902233
70
0
0
VERTEX
8
Sketch
10
28.408621
20
230.184778
70
0
0
VERTEX
8
Sketch
10
28.408621
20
230.184778
70
0
0
SEQEND
8
Sketch
0
POLYLINE
8
Sketch
62
7
70
0
10
0.000000
20
0.000000
66
1
0
VERTEX
8
Sketch
10
25.143265
20
226.293275
70
0
0
VERTEX
8
Sketch
10
25.025945
20
226.575820
70
0
0
VERTEX
8
Sketch
10
24.743266
20
226.692814
70
0
0
VERTEX
8
Sketch
10
24.460586
20
226.575820
70
0
0
VERTEX
8
Sketch
10
24.343267
20
226.293275
70
0
0
VERTEX
8
Sketch
10
24.460586
20
226.010730
70
0
0
VERTEX
8
Sketch
10
24.743266
20
225.893736
70
0
0
VERTEX
8
Sketch
10
25.025945
20
226.010730
70
0
0
VERTEX
8
Sketch
10
25.143265
20
226.293275
70
0
0
VERTEX
8
Sketch
10
25.143265
20
226.293275
70
0
0
SEQEND
8
Sketch
0
POLYLINE
8
Sketch
62
7
70
0
10
0.000000
20
0.000000
66
1
0
VERTEX
8
Sketch
10
91.133707
20
281.484484
70
0
0
VERTEX
8
Sketch
10
90.933707
20
281.830895
70
0
0
VERTEX
8
Sketch
10
90.533707
20
281.830895
70
0
0
VERTEX
8
Sketch
10
90.333706
20
281.484484
70
0
0
VERTEX
8
Sketch
10
90.533707
20
281.138074
70
0
0
VERTEX
8
Sketch
10
90.933707
20
281.138074
70
0
0
VERTEX
8
Sketch
10
91.133707
20
281.484484
70
0
0
VERTEX
8
Sketch
10
91.133707
20
281.484484
70
0
0
SEQEND
8
Sketch
0
POLYLINE
8
Sketch
62
7
70
0
10
0.000000
20
0.000000
66
1
0
VERTEX
8
Sketch
10
88.934004
20
280.214486
70
0
0
VERTEX
8
Sketch
10
88.816685
20
280.497031
70
0
0
VERTEX
8
Sketch
10
88.534005
20
280.614025
70
0
0
VERTEX
8
Sketch
10
88.251325
20
280.497031
70
0
0
VERTEX
8
Sketch
10
88.134006
20
280.214486
70
0
0
VERTEX
8
Sketch
10
88.251325
20
279.931941
70
0
0
VERTEX
8
Sketch
10
88.534005
20
279.814947
70
0
0
VERTEX
8
Sketch
10
88.816685
20
279.931941
70
0
0
VERTEX
8
Sketch
10
88.934004
20
280.214486
70
0
0
VERTEX
8
Sketch
10
88.934004
20
280.214486
70
0
0
SEQEND
8
Sketch
0
POLYLINE
8
Sketch
62
7
70
0
10
0.000000
20
0.000000
66
1
0
VERTEX
8
Sketch
10
86.734303
20
278.944488
70
0
0
VERTEX
8
Sketch
10
86.616984
20
279.227032
70
0
0
VERTEX
8
Sketch
10
86.334304
20
279.344027
70
0
0
VERTEX
8
Sketch
10
86.051624
20
279.227032
70
0
0
VERTEX
8
Sketch
10
85.934305
20
278.944488
70
0
0
VERTEX
8
Sketch
10
86.051624
20
278.661943
70
0
0
VERTEX
8
Sketch
10
86.334304
20
278.544948
70
0
0
VERTEX
8
Sketch
10
86.616984
20
278.661943
70
0
0
VERTEX
8
Sketch
10
86.734303
20
278.944488
70
0
0
VERTEX
8
Sketch
10
86.734303
20
278.944488
70
0
0
SEQEND
8
Sketch
0
POLYLINE
8
Sketch
62
7
70
0
10
0.000000
20
0.000000
66
1
0
VERTEX
8
Sketch
10
84.534600
20
277.674489
70
0
0
VERTEX
8
Sketch
10
84.417280
20
277.957034
70
0
0
VERTEX
8
Sketch
10
84.134601
20
278.074029
70
0
0
VERTEX
8
Sketch
10
83.851921
20
277.957034
70
0
0
VERTEX
8
Sketch
10
83.734602
20
277.674489
70
0
0
VERTEX
8
Sketch
10
83.851921
20
277.391944
70
0
0
VERTEX
8
Sketch
10
84.134601
20
277.274950
70
0
0
VERTEX
8
Sketch
10
84.417280
20
277.391944
70
0
0
VERTEX
8
Sketch
10
84.534600
20
277.674489
70
0
0
VERTEX
8
Sketch
10
84.534600
20
277.674489
70
0
0
SEQEND
8
Sketch
0
POLYLINE
8
Sketch
62
7
70
0
10
0.000000
20
0.000000
66
1
0
VERTEX
8
Sketch
10
82.334899
20
276.404491
70
0
0
VERTEX
8
Sketch
10
82.217580
20
276.687036
70
0
0
VERTEX
8
Sketch
10
81.934900
20
276.804030
70
0
0
VERTEX
8
Sketch
10
81.652220
20
276.687036
70
0
0
VERTEX
8
Sketch
10
81.534901
20
276.404491
70
0
0
VERTEX
8
Sketch
10
81.652220
20
276.121946
70
0
0
VERTEX
8
Sketch
10
81.934900
20
276.004951
70
0
0
VERTEX
8
Sketch
10
82.217580
20
276.121946
70
0
0
VERTEX
8
Sketch
10
82.334899
20
276.404491
70
0
0
VERTEX
8
Sketch
10
82.334899
20
276.404491
70
0
0
SEQEND
8
Sketch
0
POLYLINE
8
Sketch
62
7
70
0
10
0.000000
20
0.000000
66
1
0
VERTEX
8
Sketch
10
64.035805
20
265.839504
70
0
0
VERTEX
8
Sketch
10
63.918485
20
266.122049
70
0
0
VERTEX
8
Sketch
10
63.635805
20
266.239043
70
0
0
VERTEX
8
Sketch
10
63.353126
20
266.122049
70
0
0
VERTEX
8
Sketch
10
63.235806
20
265.839504
70
0
0
VERTEX
8
Sketch
10
63.353126
20
265.556959
70
0
0
VERTEX
8
Sketch
10
63.635805
20
265.439964
70
0
0
VERTEX
8
Sketch
10
63.918485
20
265.556959
70
0
0
VERTEX
8
Sketch
10
64.035805
20
265.839504
70
0
0
VERTEX
8
Sketch
10
64.035805
20
265.839504
70
0
0
SEQEND
8
Sketch
0
POLYLINE
8
Sketch
62
7
70
0
10
0.000000
20
0.000000
66
1
0
VERTEX
8
Sketch
10
61.836104
20
264.569505
70
0
0
VERTEX
8
Sketch
10
61.718784
20
264.852050
70
0
0
VERTEX
8
Sketch
10
61.436105
20
264.969045
70
0
0
VERTEX
8
Sketch
10
61.153425
20
264.852050
70
0
0
VERTEX
8
Sketch
10
61.036105
20
264.569505
70
0
0
VERTEX
8
Sketch
10
61.153425
20
264.286960
70
0
0
VERTEX
8
Sketch
10
61.436105
20
264.169966
70
0
0
VERTEX
8
Sketch
10
61.718784
20
264.286960
70
0
0
VERTEX
8
Sketch
10
61.836104
20
264.569505
70
0
0
VERTEX
8
Sketch
10
61.836104
20
264.569505
70
0
0
SEQEND
8
Sketch
0
POLYLINE
8
Sketch
62
7
70
0
10
0.000000
20
0.000000
66
1
0
VERTEX
8
Sketch
10
57.436700
20
262.029509
70
0
0
VERTEX
8
Sketch
10
57.319380
20
262.312053
70
0
0
VERTEX
8
Sketch
10
57.036700
20
262.429048
70
0
0
VERTEX
8
Sketch
10
56.754021
20
262.312053
70
0
0
VERTEX
8
Sketch
10
56.636701
20
262.029509
70
0
0
VERTEX
8
Sketch
10
56.754021
20
261.746964
70
0
0
VERTEX
8
Sketch
10
57.036700
20
261.629969
70
0
0
VERTEX
8
Sketch
10
57.319380
20
261.746964
70
0
0
VERTEX
8
Sketch
10
57.436700
20
262.029509
70
0
0
VERTEX
8
Sketch
10
57.436700
20
262.029509
70
0
0
SEQEND
8
Sketch
0
POLYLINE
8
Sketch
62
7
70
0
10
0.000000
20
0.000000
66
1
0
VERTEX
8
Sketch
10
59.636403
20
263.299507
70
0
0
VERTEX
8
Sketch
10
59.436403
20
263.645918
70
0
0
VERTEX
8
Sketch
10
59.036402
20
263.645918
70
0
0
VERTEX
8
Sketch
10
58.836402
20
263.299507
70
0
0
VERTEX
8
Sketch
10
59.036402
20
262.953096
70
0
0
VERTEX
8
Sketch
10
59.436403
20
262.953096
70
0
0
VERTEX
8
Sketch
10
59.636403
20
263.299507
70
0
0
VERTEX
8
Sketch
10
59.636403
20
263.299507
70
0
0
SEQEND
8
Sketch
0
POLYLINE
8
Sketch
62
7
70
0
10
0.000000
20
0.000000
66
1
0
VERTEX
8
Sketch
10
55.236999
20
260.759510
70
0
0
VERTEX
8
Sketch
10
55.119679
20
261.042055
70
0
0
VERTEX
8
Sketch
10
54.837000
20
261.159050
70
0
0
VERTEX
8
Sketch
10
54.554320
20
261.042055
70
0
0
VERTEX
8
Sketch
10
54.437001
20
260.759510
70
0
0
VERTEX
8
Sketch
10
54.554320
20
260.476965
70
0
0
VERTEX
8
Sketch
10
54.837000
20
260.359971
70
0
0
VERTEX
8
Sketch
10
55.119679
20
260.476965
70
0
0
VERTEX
8
Sketch
10
55.236999
20
260.759510
70
0
0
VERTEX
8
Sketch
10
55.236999
20
260.759510
70
0
0
SEQEND
8
Sketch
0
POLYLINE
8
Sketch
62
7
70
0
10
0.000000
20
0.000000
66
1
0
VERTEX
8
Sketch
10
136.124234
20
290.052224
70
0
0
VERTEX
8
Sketch
10
135.924234
20
290.398634
70
0
0
VERTEX
8
Sketch
10
135.524234
20
290.398634
70
0
0
VERTEX
8
Sketch
10
135.324235
20
290.052224
70
0
0
VERTEX
8
Sketch
10
135.524234
20
289.705815
70
0
0
VERTEX
8
Sketch
10
135.924234
20
289.705815
70
0
0
VERTEX
8
Sketch
10
136.124234
20
290.052224
70
0
0
VERTEX
8
Sketch
10
136.124234
20
290.052224
70
0
0
SEQEND
8
Sketch
0
POLYLINE
8
Sketch
62
7
70
0
10
0.000000
20
0.000000
66
1
0
VERTEX
8
Sketch
10
133.622825
20
289.611157
70
0
0
VERTEX
8
Sketch
10
133.422826
20
289.957566
70
0
0
VERTEX
8
Sketch
10
133.022826
20
289.957566
70
0
0
VERTEX
8
Sketch
10
132.822826
20
289.611157
70
0
0
VERTEX
8
Sketch
10
133.022826
20
289.264747
70
0
0
VERTEX
8
Sketch
10
133.422826
20
289.264747
70
0
0
VERTEX
8
Sketch
10
133.622825
20
289.611157
70
0
0
VERTEX
8
Sketch
10
133.622825
20
289.611157
70
0
0
SEQEND
8
Sketch
0
POLYLINE
8
Sketch
62
7
70
0
10
0.000000
20
0.000000
66
1
0
VERTEX
8
Sketch
10
131.121417
20
289.170091
70
0
0
VERTEX
8
Sketch
10
130.921417
20
289.516501
70
0
0
VERTEX
8
Sketch
10
130.521418
20
289.516501
70
0
0
VERTEX
8
Sketch
10
130.321418
20
289.170091
70
0
0
VERTEX
8
Sketch
10
130.521418
20
288.823682
70
0
0
VERTEX
8
Sketch
10
130.921417
20
288.823682
70
0
0
VERTEX
8
Sketch
10
131.121417
20
289.170091
70
0
0
VERTEX
8
Sketch
10
131.121417
20
289.170091
70
0
0
SEQEND
8
Sketch
0
POLYLINE
8
Sketch
62
7
70
0
10
0.000000
20
0.000000
66
1
0
VERTEX
8
Sketch
10
128.620008
20
288.729026
70
0
0
VERTEX
8
Sketch
10
128.420009
20
289.075436
70
0
0
VERTEX
8
Sketch
10
128.020009
20
289.075436
70
0
0
VERTEX
8
Sketch
10
127.820009
20
288.729026
70
0
0
VERTEX
8
Sketch
10
128.020009
20
288.382617
70
0
0
VERTEX
8
Sketch
10
128.420009
20
288.382617
70
0
0
VERTEX
8
Sketch
10
128.620008
20
288.729026
70
0
0
VERTEX
8
Sketch
10
128.620008
20
288.729026
70
0
0
SEQEND
8
Sketch
0
POLYLINE
8
Sketch
62
7
70
0
10
0.000000
20
0.000000
66
1
0
VERTEX
8
Sketch
10
126.118600
20
288.287961
70
0
0
VERTEX
8
Sketch
10
125.918600
20
288.634371
70
0
0
VERTEX
8
Sketch
10
125.518600
20
288.634371
70
0
0
VERTEX
8
Sketch
10
125.318601
20
288.287961
70
0
0
VERTEX
8
Sketch
10
125.518600
20
287.941551
70
0
0
VERTEX
8
Sketch
10
125.918600
20
287.941551
70
0
0
VERTEX
8
Sketch
10
126.118600
20
288.287961
70
0
0
VERTEX
8
Sketch
10
126.118600
20
288.287961
70
0
0
SEQEND
8
Sketch
0
POLYLINE
8
Sketch
62
7
70
0
10
0.000000
20
0.000000
66
1
0
VERTEX
8
Sketch
10
105.309639
20
284.618780
70
0
0
VERTEX
8
Sketch
10
105.109638
20
284.965190
70
0
0
VERTEX
8
Sketch
10
104.709638
20
284.965190
70
0
0
VERTEX
8
Sketch
10
104.509638
20
284.618780
70
0
0
VERTEX
8
Sketch
10
104.709638
20
284.272369
70
0
0
VERTEX
8
Sketch
10
105.109638
20
284.272369
70
0
0
VERTEX
8
Sketch
10
105.309639
20
284.618780
70
0
0
VERTEX
8
Sketch
10
105.309639
20
284.618780
70
0
0
SEQEND
8
Sketch
0
POLYLINE
8
Sketch
62
7
70
0
10
0.000000
20
0.000000
66
1
0
VERTEX
8
Sketch
10
102.808229
20
284.177714
70
0
0
VERTEX
8
Sketch
10
102.690909
20
284.460259
70
0
0
VERTEX
8
Sketch
10
102.408229
20
284.577254
70
0
0
VERTEX
8
Sketch
10
102.125550
20
284.460259
70
0
0
VERTEX
8
Sketch
10
102.008230
20
284.177714
70
0
0
VERTEX
8
Sketch
10
102.125550
20
283.895170
70
0
0
VERTEX
8
Sketch
10
102.408229
20
283.778175
70
0
0
VERTEX
8
Sketch
10
102.690909
20
283.895170
70
0
0
VERTEX
8
Sketch
10
102.808229
20
284.177714
70
0
0
VERTEX
8
Sketch
10
102.808229
20
284.177714
70
0
0
SEQEND
8
Sketch
0
POLYLINE
8
Sketch
62
7
70
0
10
0.000000
20
0.000000
66
1
0
VERTEX
8
Sketch
10
97.805411
20
283.295581
70
0
0
VERTEX
8
Sketch
10
97.688092
20
283.578126
70
0
0
VERTEX
8
Sketch
10
97.405412
20
283.695121
70
0
0
VERTEX
8
Sketch
10
97.122732
20
283.578126
70
0
0
VERTEX
8
Sketch
10
97.005413
20
283.295581
70
0
0
VERTEX
8
Sketch
10
97.122732
20
283.013037
70
0
0
VERTEX
8
Sketch
10
97.405412
20
282.896042
70
0
0
VERTEX
8
Sketch
10
97.688092
20
283.013037
70
0
0
VERTEX
8
Sketch
10
97.805411
20
283.295581
70
0
0
VERTEX
8
Sketch
10
97.805411
20
283.295581
70
0
0
SEQEND
8
Sketch
0
POLYLINE
8
Sketch
62
7
70
0
10
0.000000
20
0.000000
66
1
0
VERTEX
8
Sketch
10
100.306821
20
283.736647
70
0
0
VERTEX
8
Sketch
10
100.189502
20
284.019192
70
0
0
VERTEX
8
Sketch
10
99.906822
20
284.136186
70
0
0
VERTEX
8
Sketch
10
99.624142
20
284.019192
70
0
0
VERTEX
8
Sketch
10
99.506823
20
283.736647
70
0
0
VERTEX
8
Sketch
10
99.624142
20
283.454102
70
0
0
VERTEX
8
Sketch
10
99.906822
20
283.337107
70
0
0
VERTEX
8
Sketch
10
100.189502
20
283.454102
70
0
0
VERTEX
8
Sketch
10
100.306821
20
283.736647
70
0
0
VERTEX
8
Sketch
10
100.306821
20
283.736647
70
0
0
SEQEND
8
Sketch
0
POLYLINE
8
Sketch
62
7
70
0
10
0.000000
20
0.000000
66
1
0
VERTEX
8
Sketch
10
95.304004
20
282.854516
70
0
0
VERTEX
8
Sketch
10
95.186684
20
283.137061
70
0
0
VERTEX
8
Sketch
10
94.904005
20
283.254056
70
0
0
VERTEX
8
Sketch
10
94.621325
20
283.137061
70
0
0
VERTEX
8
Sketch
10
94.504005
20
282.854516
70
0
0
VERTEX
8
Sketch
10
94.621325
20
282.571971
70
0
0
VERTEX
8
Sketch
10
94.904005
20
282.454977
70
0
0
VERTEX
8
Sketch
10
95.186684
20
282.571971
70
0
0
VERTEX
8
Sketch
10
95.304004
20
282.854516
70
0
0
VERTEX
8
Sketch
10
95.304004
20
282.854516
70
0
0
SEQEND
8
Sketch
0
POLYLINE
8
Sketch
62
7
70
0
10
0.000000
20
0.000000
66
1
0
VERTEX
8
Sketch
10
181.331838
20
282.715597
70
0
0
VERTEX
8
Sketch
10
181.214519
20
282.998142
70
0
0
VERTEX
8
Sketch
10
180.931839
20
283.115136
70
0
0
VERTEX
8
Sketch
10
180.649159
20
282.998142
70
0
0
VERTEX
8
Sketch
10
180.531840
20
282.715597
70
0
0
VERTEX
8
Sketch
10
180.649159
20
282.433052
70
0
0
VERTEX
8
Sketch
10
180.931839
20
282.316058
70
0
0
VERTEX
8
Sketch
10
181.214519
20
282.433052
70
0
0
VERTEX
8
Sketch
10
181.331838
20
282.715597
70
0
0
VERTEX
8
Sketch
10
181.331838
20
282.715597
70
0
0
SEQEND
8
Sketch
0
POLYLINE
8
Sketch
62
7
70
0
10
0.000000
20
0.000000
66
1
0
VERTEX
8
Sketch
10
178.830431
20
283.156665
70
0
0
VERTEX
8
Sketch
10
178.713111
20
283.439210
70
0
0
VERTEX
8
Sketch
10
178.430432
20
283.556204
70
0
0
VERTEX
8
Sketch
10
178.147752
20
283.439210
70
0
0
VERTEX
8
Sketch
10
178.030432
20
283.156665
70
0
0
VERTEX
8
Sketch
10
178.147752
20
282.874120
70
0
0
VERTEX
8
Sketch
10
178.430432
20
282.757125
70
0
0
VERTEX
8
Sketch
10
178.713111
20
282.874120
70
0
0
VERTEX
8
Sketch
10
178.830431
20
283.156665
70
0
0
VERTEX
8
Sketch
10
178.830431
20
283.156665
70
0
0
SEQEND
8
Sketch
0
POLYLINE
8
Sketch
62
7
70
0
10
0.000000
20
0.000000
66
1
0
VERTEX
8
Sketch
10
176.329021
20
283.597730
70
0
0
VERTEX
8
Sketch
10
176.211701
20
283.880275
70
0
0
VERTEX
8
Sketch
10
175.929021
20
283.997269
70
0
0
VERTEX
8
Sketch
10
175.646342
20
283.880275
70
0
0
VERTEX
8
Sketch
10
175.529022
20
283.597730
70
0
0
VERTEX
8
Sketch
10
175.646342
20
283.315185
70
0
0
VERTEX
8
Sketch
10
175.929021
20
283.198191
70
0
0
VERTEX
8
Sketch
10
176.211701
20
283.315185
70
0
0
VERTEX
8
Sketch
10
176.329021
20
283.597730
70
0
0
VERTEX
8
Sketch
10
176.329021
20
283.597730
70
0
0
SEQEND
8
Sketch
0
POLYLINE
8
Sketch
62
7
70
0
10
0.000000
20
0.000000
66
1
0
VERTEX
8
Sketch
10
173.827613
20
284.038795
70
0
0
VERTEX
8
Sketch
10
173.710294
20
284.321340
70
0
0
VERTEX
8
Sketch
10
173.427614
20
284.438335
70
0
0
VERTEX
8
Sketch
10
173.144934
20
284.321340
70
0
0
VERTEX
8
Sketch
10
173.027615
20
284.038795
70
0
0
VERTEX
8
Sketch
10
173.144934
20
283.756250
70
0
0
VERTEX
8
Sketch
10
173.427614
20
283.639256
70
0
0
VERTEX
8
Sketch
10
173.710294
20
283.756250
70
0
0
VERTEX
8
Sketch
10
173.827613
20
284.038795
70
0
0
VERTEX
8
Sketch
10
173.827613
20
284.038795
70
0
0
SEQEND
8
Sketch
0
POLYLINE
8
Sketch
62
7
70
0
10
0.000000
20
0.000000
66
1
0
VERTEX
8
Sketch
10
171.326203
20
284.479860
70
0
0
VERTEX
8
Sketch
10
171.208884
20
284.762405
70
0
0
VERTEX
8
Sketch
10
170.926204
20
284.879400
70
0
0
VERTEX
8
Sketch
10
170.643524
20
284.762405
70
0
0
VERTEX
8
Sketch
10
170.526205
20
284.479860
70
0
0
VERTEX
8
Sketch
10
170.643524
20
284.197315
70
0
0
VERTEX
8
Sketch
10
170.926204
20
284.080321
70
0
0
VERTEX
8
Sketch
10
171.208884
20
284.197315
70
0
0
VERTEX
8
Sketch
10
171.326203
20
284.479860
70
0
0
VERTEX
8
Sketch
10
171.326203
20
284.479860
70
0
0
SEQEND
8
Sketch
0
POLYLINE
8
Sketch
62
7
70
0
10
0.000000
20
0.000000
66
1
0
VERTEX
8
Sketch
10
150.517243
20
288.149042
70
0
0
VERTEX
8
Sketch
10
150.317243
20
288.495451
70
0
0
VERTEX
8
Sketch
10
149.917244
20
288.495451
70
0
0
VERTEX
8
Sketch
10
149.717244
20
288.149042
70
0
0
VERTEX
8
Sketch
10
149.917244
20
287.802632
70
0
0
VERTEX
8
Sketch
10
150.317243
20
287.802632
70
0
0
VERTEX
8
Sketch
10
150.517243
20
288.149042
70
0
0
VERTEX
8
Sketch
10
150.517243
20
288.149042
70
0
0
SEQEND
8
Sketch
0
POLYLINE
8
Sketch
62
7
70
0
10
0.000000
20
0.000000
66
1
0
VERTEX
8
Sketch
10
148.015835
20
288.590107
70
0
0
VERTEX
8
Sketch
10
147.815835
20
288.936517
70
0
0
VERTEX
8
Sketch
10
147.415835
20
288.936517
70
0
0
VERTEX
8
Sketch
10
147.215836
20
288.590107
70
0
0
VERTEX
8
Sketch
10
147.415835
20
288.243697
70
0
0
VERTEX
8
Sketch
10
147.815835
20
288.243697
70
0
0
VERTEX
8
Sketch
10
148.015835
20
288.590107
70
0
0
VERTEX
8
Sketch
10
148.015835
20
288.590107
70
0
0
SEQEND
8
Sketch
0
POLYLINE
8
Sketch
62
7
70
0
10
0.000000
20
0.000000
66
1
0
VERTEX
8
Sketch
10
143.013017
20
289.472240
70
0
0
VERTEX
8
Sketch
10
142.813018
20
289.818650
70
0
0
VERTEX
8
Sketch
10
142.413018
20
289.818650
70
0
0
VERTEX
8
Sketch
10
142.213019
20
289.472240
70
0
0
VERTEX
8
Sketch
10
142.413018
20
289.125830
70
0
0
VERTEX
8
Sketch
10
142.813018
20
289.125830
70
0
0
VERTEX
8
Sketch
10
143.013017
20
289.472240
70
0
0
VERTEX
8
Sketch
10
143.013017
20
289.472240
70
0
0
SEQEND
8
Sketch
0
POLYLINE
8
Sketch
62
7
70
0
10
0.000000
20
0.000000
66
1
0
VERTEX
8
Sketch
10
145.514426
20
289.031175
70
0
0
VERTEX
8
Sketch
10
145.314426
20
289.377584
70
0
0
VERTEX
8
Sketch
10
144.914427
20
289.377584
70
0
0
VERTEX
8
Sketch
10
144.714427
20
289.031175
70
0
0
VERTEX
8
Sketch
10
144.914427
20
288.684765
70
0
0
VERTEX
8
Sketch
10
145.314426
20
288.684765
70
0
0
VERTEX
8
Sketch
10
145.514426
20
289.031175
70
0
0
VERTEX
8
Sketch
10
145.514426
20
289.031175
70
0
0
SEQEND
8
Sketch
0
POLYLINE
8
Sketch
62
7
70
0
10
0.000000
20
0.000000
66
1
0
VERTEX
8
Sketch
10
140.511609
20
289.913305
70
0
0
VERTEX
8
Sketch
10
140.394452
20
290.196147
70
0
0
VERTEX
8
Sketch
10
140.111609
20
290.313304
70
0
0
VERTEX
8
Sketch
10
139.828767
20
290.196147
70
0
0
VERTEX
8
Sketch
10
139.711610
20
289.913305
70
0
0
VERTEX
8
Sketch
10
139.911610
20
289.566895
70
0
0
VERTEX
8
Sketch
10
140.311609
20
289.566895
70
0
0
VERTEX
8
Sketch
10
140.511609
20
289.913305
70
0
0
VERTEX
8
Sketch
10
140.511609
20
289.913305
70
0
0
SEQEND
8
Sketch
0
POLYLINE
8
Sketch
62
7
70
0
10
0.000000
20
0.000000
66
1
0
VERTEX
8
Sketch
10
221.303818
20
260.359514
70
0
0
VERTEX
8
Sketch
10
221.186498
20
260.642058
70
0
0
VERTEX
8
Sketch
10
220.903819
20
260.759053
70
0
0
VERTEX
8
Sketch
10
220.621139
20
260.642058
70
0
0
VERTEX
8
Sketch
10
220.503820
20
260.359514
70
0
0
VERTEX
8
Sketch
10
220.621139
20
260.076969
70
0
0
VERTEX
8
Sketch
10
220.903819
20
259.959974
70
0
0
VERTEX
8
Sketch
10
221.186498
20
260.076969
70
0
0
VERTEX
8
Sketch
10
221.303818
20
260.359514
70
0
0
VERTEX
8
Sketch
10
221.303818
20
260.359514
70
0
0
SEQEND
8
Sketch
0
POLYLINE
8
Sketch
62
7
70
0
10
0.000000
20
0.000000
66
1
0
VERTEX
8
Sketch
10
219.104117
20
261.629512
70
0
0
VERTEX
8
Sketch
10
218.986798
20
261.912057
70
0
0
VERTEX
8
Sketch
10
218.704118
20
262.029051
70
0
0
VERTEX
8
Sketch
10
218.421438
20
261.912057
70
0
0
VERTEX
8
Sketch
10
218.304119
20
261.629512
70
0
0
VERTEX
8
Sketch
10
218.421438
20
261.346967
70
0
0
VERTEX
8
Sketch
10
218.704118
20
261.229973
70
0
0
VERTEX
8
Sketch
10
218.986798
20
261.346967
70
0
0
VERTEX
8
Sketch
10
219.104117
20
261.629512
70
0
0
VERTEX
8
Sketch
10
219.104117
20
261.629512
70
0
0
SEQEND
8
Sketch
0
POLYLINE
8
Sketch
62
7
70
0
10
0.000000
20
0.000000
66
1
0
VERTEX
8
Sketch
10
216.904414
20
262.899510
70
0
0
VERTEX
8
Sketch
10
216.787094
20
263.182055
70
0
0
VERTEX
8
Sketch
10
216.504415
20
263.299050
70
0
0
VERTEX
8
Sketch
10
216.221735
20
263.182055
70
0
0
VERTEX
8
Sketch
10
216.104415
20
262.899510
70
0
0
VERTEX
8
Sketch
10
216.221735
20
262.616965
70
0
0
VERTEX
8
Sketch
10
216.504415
20
262.499971
70
0
0
VERTEX
8
Sketch
10
216.787094
20
262.616965
70
0
0
VERTEX
8
Sketch
10
216.904414
20
262.899510
70
0
0
VERTEX
8
Sketch
10
216.904414
20
262.899510
70
0
0
SEQEND
8
Sketch
0
POLYLINE
8
Sketch
62
7
70
0
10
0.000000
20
0.000000
66
1
0
VERTEX
8
Sketch
10
214.704713
20
264.169509
70
0
0
VERTEX
8
Sketch
10
214.587394
20
264.452054
70
0
0
VERTEX
8
Sketch
10
214.304714
20
264.569048
70
0
0
VERTEX
8
Sketch
10
214.022034
20
264.452054
70
0
0
VERTEX
8
Sketch
10
213.904715
20
264.169509
70
0
0
VERTEX
8
Sketch
10
214.022034
20
263.886964
70
0
0
VERTEX
8
Sketch
10
214.304714
20
263.769969
70
0
0
VERTEX
8
Sketch
10
214.587394
20
263.886964
70
0
0
VERTEX
8
Sketch
10
214.704713
20
264.169509
70
0
0
VERTEX
8
Sketch
10
214.704713
20
264.169509
70
0
0
SEQEND
8
Sketch
0
POLYLINE
8
Sketch
62
7
70
0
10
0.000000
20
0.000000
66
1
0
VERTEX
8
Sketch
10
212.505012
20
265.439507
70
0
0
VERTEX
8
Sketch
10
212.305012
20
265.785918
70
0
0
VERTEX
8
Sketch
10
211.905012
20
265.785918
70
0
0
VERTEX
8
Sketch
10
211.705011
20
265.439507
70
0
0
VERTEX
8
Sketch
10
211.905012
20
265.093097
70
0
0
VERTEX
8
Sketch
10
212.305012
20
265.093097
70
0
0
VERTEX
8
Sketch
10
212.505012
20
265.439507
70
0
0
VERTEX
8
Sketch
10
212.505012
20
265.439507
70
0
0
SEQEND
8
Sketch
0
POLYLINE
8
Sketch
62
7
70
0
10
0.000000
20
0.000000
66
1
0
VERTEX
8
Sketch
10
194.205918
20
276.004492
70
0
0
VERTEX
8
Sketch
10
194.088598
20
276.287036
70
0
0
VERTEX
8
Sketch
10
193.805918
20
276.404031
70
0
0
VERTEX
8
Sketch
10
193.523239
20
276.287036
70
0
0
VERTEX
8
Sketch
10
193.405919
20
276.004492
70
0
0
VERTEX
8
Sketch
10
193.523239
20
275.721947
70
0
0
VERTEX
8
Sketch
10
193.805918
20
275.604952
70
0
0
VERTEX
8
Sketch
10
194.088598
20
275.721947
70
0
0
VERTEX
8
Sketch
10
194.205918
20
276.004492
70
0
0
VERTEX
8
Sketch
10
194.205918
20
276.004492
70
0
0
SEQEND
8
Sketch
0
POLYLINE
8
Sketch
62
7
70
0
10
0.000000
20
0.000000
66
1
0
VERTEX
8
Sketch
10
192.006217
20
277.274490
70
0
0
VERTEX
8
Sketch
10
191.806217
20
277.620901
70
0
0
VERTEX
8
Sketch
10
191.406216
20
277.620901
70
0
0
VERTEX
8
Sketch
10
191.206216
20
277.274490
70
0
0
VERTEX
8
Sketch
10
191.406216
20
276.928079
70
0
0
VERTEX
8
Sketch
10
191.806217
20
276.928079
70
0
0
VERTEX
8
Sketch
10
192.006217
20
277.274490
70
0
0
VERTEX
8
Sketch
10
192.006217
20
277.274490
70
0
0
SEQEND
8
Sketch
0
POLYLINE
8
Sketch
62
7
70
0
10
0.000000
20
0.000000
66
1
0
VERTEX
8
Sketch
10
187.606813
20
279.814487
70
0
0
VERTEX
8
Sketch
10
187.489493
20
280.097032
70
0
0
VERTEX
8
Sketch
10
187.206814
20
280.214026
70
0
0
VERTEX
8
Sketch
10
186.924134
20
280.097032
70
0
0
VERTEX
8
Sketch
10
186.806814
20
279.814487
70
0
0
VERTEX
8
Sketch
10
186.924134
20
279.531942
70
0
0
VERTEX
8
Sketch
10
187.206814
20
279.414947
70
0
0
VERTEX
8
Sketch
10
187.489493
20
279.531942
70
0
0
VERTEX
8
Sketch
10
187.606813
20
279.814487
70
0
0
VERTEX
8
Sketch
10
187.606813
20
279.814487
70
0
0
SEQEND
8
Sketch
0
POLYLINE
8
Sketch
62
7
70
0
10
0.000000
20
0.000000
66
1
0
VERTEX
8
Sketch
10
189.806514
20
278.544488
70
0
0
VERTEX
8
Sketch
10
189.689194
20
278.827033
70
0
0
VERTEX
8
Sketch
10
189.406514
20
278.944028
70
0
0
VERTEX
8
Sketch
10
189.123835
20
278.827033
70
0
0
VERTEX
8
Sketch
10
189.006515
20
278.544488
70
0
0
VERTEX
8
Sketch
10
189.123835
20
278.261943
70
0
0
VERTEX
8
Sketch
10
189.406514
20
278.144949
70
0
0
VERTEX
8
Sketch
10
189.689194
20
278.261943
70
0
0
VERTEX
8
Sketch
10
189.806514
20
278.544488
70
0
0
VERTEX
8
Sketch
10
189.806514
20
278.544488
70
0
0
SEQEND
8
Sketch
0
POLYLINE
8
Sketch
62
7
70
0
10
0.000000
20
0.000000
66
1
0
VERTEX
8
Sketch
10
185.407110
20
281.084485
70
0
0
VERTEX
8
Sketch
10
185.289790
20
281.367030
70
0
0
VERTEX
8
Sketch
10
185.007110
20
281.484025
70
0
0
VERTEX
8
Sketch
10
184.724431
20
281.367030
70
0
0
VERTEX
8
Sketch
10
184.607111
20
281.084485
70
0
0
VERTEX
8
Sketch
10
184.724431
20
280.801940
70
0
0
VERTEX
8
Sketch
10
185.007110
20
280.684946
70
0
0
VERTEX
8
Sketch
10
185.289790
20
280.801940
70
0
0
VERTEX
8
Sketch
10
185.407110
20
281.084485
70
0
0
VERTEX
8
Sketch
10
185.407110
20
281.084485
70
0
0
SEQEND
8
Sketch
0
POLYLINE
8
Sketch
62
7
70
0
10
0.000000
20
0.000000
66
1
0
VERTEX
8
Sketch
10
251.218961
20
225.680443
70
0
0
VERTEX
8
Sketch
10
251.101641
20
225.962987
70
0
0
VERTEX
8
Sketch
10
250.818962
20
226.079982
70
0
0
VERTEX
8
Sketch
10
250.536282
20
225.962987
70
0
0
VERTEX
8
Sketch
10
250.418963
20
225.680443
70
0
0
VERTEX
8
Sketch
10
250.536282
20
225.397898
70
0
0
VERTEX
8
Sketch
10
250.818962
20
225.280903
70
0
0
VERTEX
8
Sketch
10
251.101641
20
225.397898
70
0
0
VERTEX
8
Sketch
10
251.218961
20
225.680443
70
0
0
VERTEX
8
Sketch
10
251.218961
20
225.680443
70
0
0
SEQEND
8
Sketch
0
POLYLINE
8
Sketch
62
7
70
0
10
0.000000
20
0.000000
66
1
0
VERTEX
8
Sketch
10
249.586283
20
227.626194
70
0
0
VERTEX
8
Sketch
10
249.468963
20
227.908739
70
0
0
VERTEX
8
Sketch
10
249.186284
20
228.025733
70
0
0
VERTEX
8
Sketch
10
248.903604
20
227.908739
70
0
0
VERTEX
8
Sketch
10
248.786284
20
227.626194
70
0
0
VERTEX
8
Sketch
10
248.903604
20
227.343649
70
0
0
VERTEX
8
Sketch
10
249.186284
20
227.226654
70
0
0
VERTEX
8
Sketch
10
249.468963
20
227.343649
70
0
0
VERTEX
8
Sketch
10
249.586283
20
227.626194
70
0
0
VERTEX
8
Sketch
10
249.586283
20
227.626194
70
0
0
SEQEND
8
Sketch
0
POLYLINE
8
Sketch
62
7
70
0
10
0.000000
20
0.000000
66
1
0
VERTEX
8
Sketch
10
247.953605
20
229.571942
70
0
0
VERTEX
8
Sketch
10
247.836285
20
229.854487
70
0
0
VERTEX
8
Sketch
10
247.553605
20
229.971482
70
0
0
VERTEX
8
Sketch
10
247.270926
20
229.854487
70
0
0
VERTEX
8
Sketch
10
247.153606
20
229.571942
70
0
0
VERTEX
8
Sketch
10
247.270926
20
229.289398
70
0
0
VERTEX
8
Sketch
10
247.553605
20
229.172403
70
0
0
VERTEX
8
Sketch
10
247.836285
20
229.289398
70
0
0
VERTEX
8
Sketch
10
247.953605
20
229.571942
70
0
0
VERTEX
8
Sketch
10
247.953605
20
229.571942
70
0
0
SEQEND
8
Sketch
0
POLYLINE
8
Sketch
62
7
70
0
10
0.000000
20
0.000000
66
1
0
VERTEX
8
Sketch
10
246.320926
20
231.517694
70
0
0
VERTEX
8
Sketch
10
246.203607
20
231.800239
70
0
0
VERTEX
8
Sketch
10
245.920927
20
231.917233
70
0
0
VERTEX
8
Sketch
10
245.638248
20
231.800239
70
0
0
VERTEX
8
Sketch
10
245.520928
20
231.517694
70
0
0
VERTEX
8
Sketch
10
245.638248
20
231.235149
70
0
0
VERTEX
8
Sketch
10
245.920927
20
231.118154
70
0
0
VERTEX
8
Sketch
10
246.203607
20
231.235149
70
0
0
VERTEX
8
Sketch
10
246.320926
20
231.517694
70
0
0
VERTEX
8
Sketch
10
246.320926
20
231.517694
70
0
0
SEQEND
8
Sketch
0
POLYLINE
8
Sketch
62
7
70
0
10
0.000000
20
0.000000
66
1
0
VERTEX
8
Sketch
10
244.688248
20
233.463445
70
0
0
VERTEX
8
Sketch
10
244.570929
20
233.745990
70
0
0
VERTEX
8
Sketch
10
244.288249
20
233.862985
70
0
0
VERTEX
8
Sketch
10
244.005569
20
233.745990
70
0
0
VERTEX
8
Sketch
10
243.888250
20
233.463445
70
0
0
VERTEX
8
Sketch
10
244.005569
20
233.180900
70
0
0
VERTEX
8
Sketch
10
244.288249
20
233.063906
70
0
0
VERTEX
8
Sketch
10
244.570929
20
233.180900
70
0
0
VERTEX
8
Sketch
10
244.688248
20
233.463445
70
0
0
VERTEX
8
Sketch
10
244.688248
20
233.463445
70
0
0
SEQEND
8
Sketch
0
POLYLINE
8
Sketch
62
7
70
0
10
0.000000
20
0.000000
66
1
0
VERTEX
8
Sketch
10
231.106163
20
249.649943
70
0
0
VERTEX
8
Sketch
10
230.988843
20
249.932487
70
0
0
VERTEX
8
Sketch
10
230.706164
20
250.049482
70
0
0
VERTEX
8
Sketch
10
230.423484
20
249.932487
70
0
0
VERTEX
8
Sketch
10
230.306165
20
249.649943
70
0
0
VERTEX
8
Sketch
10
230.423484
20
249.367398
70
0
0
VERTEX
8
Sketch
10
230.706164
20
249.250403
70
0
0
VERTEX
8
Sketch
10
230.988843
20
249.367398
70
0
0
VERTEX
8
Sketch
10
231.106163
20
249.649943
70
0
0
VERTEX
8
Sketch
10
231.106163
20
249.649943
70
0
0
SEQEND
8
Sketch
0
POLYLINE
8
Sketch
62
7
70
0
10
0.000000
20
0.000000
66
1
0
VERTEX
8
Sketch
10
229.473485
20
251.595694
70
0
0
VERTEX
8
Sketch
10
229.356165
20
251.878239
70
0
0
VERTEX
8
Sketch
10
229.073486
20
251.995233
70
0
0
VERTEX
8
Sketch
10
228.790806
20
251.878239
70
0
0
VERTEX
8
Sketch
10
228.673486
20
251.595694
70
0
0
VERTEX
8
Sketch
10
228.790806
20
251.313149
70
0
0
VERTEX
8
Sketch
10
229.073486
20
251.196154
70
0
0
VERTEX
8
Sketch
10
229.356165
20
251.313149
70
0
0
VERTEX
8
Sketch
10
229.473485
20
251.595694
70
0
0
VERTEX
8
Sketch
10
229.473485
20
251.595694
70
0
0
SEQEND
8
Sketch
0
POLYLINE
8
Sketch
62
7
70
0
10
0.000000
20
0.000000
66
1
0
VERTEX
8
Sketch
10
226.208126
20
255.487194
70
0
0
VERTEX
8
Sketch
10
226.090806
20
255.769739
70
0
0
VERTEX
8
Sketch
10
225.808127
20
255.886733
70
0
0
VERTEX
8
Sketch
10
225.525447
20
255.769739
70
0
0
VERTEX
8
Sketch
10
225.408127
20
255.487194
70
0
0
VERTEX
8
Sketch
10
225.525447
20
255.204649
70
0
0
VERTEX
8
Sketch
10
225.808127
20
255.087654
70
0
0
VERTEX
8
Sketch
10
226.090806
20
255.204649
70
0
0
VERTEX
8
Sketch
10
226.208126
20
255.487194
70
0
0
VERTEX
8
Sketch
10
226.208126
20
255.487194
70
0
0
SEQEND
8
Sketch
0
POLYLINE
8
Sketch
62
7
70
0
10
0.000000
20
0.000000
66
1
0
VERTEX
8
Sketch
10
227.840804
20
253.541443
70
0
0
VERTEX
8
Sketch
10
227.723484
20
253.823987
70
0
0
VERTEX
8
Sketch
10
227.440805
20
253.940982
70
0
0
VERTEX
8
Sketch
10
227.158125
20
253.823987
70
0
0
VERTEX
8
Sketch
10
227.040806
20
253.541443
70
0
0
VERTEX
8
Sketch
10
227.158125
20
253.258898
70
0
0
VERTEX
8
Sketch
10
227.440805
20
253.141903
70
0
0
VERTEX
8
Sketch
10
227.723484
20
253.258898
70
0
0
VERTEX
8
Sketch
10
227.840804
20
253.541443
70
0
0
VERTEX
8
Sketch
10
227.840804
20
253.541443
70
0
0
SEQEND
8
Sketch
0
POLYLINE
8
Sketch
62
7
70
0
10
0.000000
20
0.000000
66
1
0
VERTEX
8
Sketch
10
224.575448
20
257.432945
70
0
0
VERTEX
8
Sketch
10
224.458092
20
257.715423
70
0
0
VERTEX
8
Sketch
10
224.175448
20
257.832381
70
0
0
VERTEX
8
Sketch
10
223.892805
20
257.715423
70
0
0
VERTEX
8
Sketch
10
223.775449
20
257.432945
70
0
0
VERTEX
8
Sketch
10
223.892805
20
257.150467
70
0
0
VERTEX
8
Sketch
10
224.175448
20
257.033509
70
0
0
VERTEX
8
Sketch
10
224.458092
20
257.150467
70
0
0
VERTEX
8
Sketch
10
224.575448
20
257.432945
70
0
0
VERTEX
8
Sketch
10
224.575448
20
257.432945
70
0
0
SEQEND
8
Sketch
0
POLYLINE
8
Sketch
62
7
70
0
10
0.000000
20
0.000000
66
1
0
VERTEX
8
Sketch
10
267.469059
20
182.861195
70
0
0
VERTEX
8
Sketch
10
267.351739
20
183.143740
70
0
0
VERTEX
8
Sketch
10
267.069060
20
183.260734
70
0
0
VERTEX
8
Sketch
10
266.786380
20
183.143740
70
0
0
VERTEX
8
Sketch
10
266.669060
20
182.861195
70
0
0
VERTEX
8
Sketch
10
266.786380
20
182.578650
70
0
0
VERTEX
8
Sketch
10
267.069060
20
182.461656
70
0
0
VERTEX
8
Sketch
10
267.351739
20
182.578650
70
0
0
VERTEX
8
Sketch
10
267.469059
20
182.861195
70
0
0
VERTEX
8
Sketch
10
267.469059
20
182.861195
70
0
0
SEQEND
8
Sketch
0
POLYLINE
8
Sketch
62
7
70
0
10
0.000000
20
0.000000
66
1
0
VERTEX
8
Sketch
10
266.600330
20
185.247998
70
0
0
VERTEX
8
Sketch
10
266.482974
20
185.530476
70
0
0
VERTEX
8
Sketch
10
266.200330
20
185.647434
70
0
0
VERTEX
8
Sketch
10
265.917687
20
185.530476
70
0
0
VERTEX
8
Sketch
10
265.800331
20
185.247998
70
0
0
VERTEX
8
Sketch
10
265.917687
20
184.965520
70
0
0
VERTEX
8
Sketch
10
266.200330
20
184.848562
70
0
0
VERTEX
8
Sketch
10
266.482974
20
184.965520
70
0
0
VERTEX
8
Sketch
10
266.600330
20
185.247998
70
0
0
VERTEX
8
Sketch
10
266.600330
20
185.247998
70
0
0
SEQEND
8
Sketch
0
POLYLINE
8
Sketch
62
7
70
0
10
0.000000
20
0.000000
66
1
0
VERTEX
8
Sketch
10
265.731601
20
187.634828
70
0
0
VERTEX
8
Sketch
10
265.614281
20
187.917373
70
0
0
VERTEX
8
Sketch
10
265.331601
20
188.034367
70
0
0
VERTEX
8
Sketch
10
265.048922
20
187.917373
70
0
0
VERTEX
8
Sketch
10
264.931602
20
187.634828
70
0
0
VERTEX
8
Sketch
10
265.048922
20
187.352283
70
0
0
VERTEX
8
Sketch
10
265.331601
20
187.235288
70
0
0
VERTEX
8
Sketch
10
265.614281
20
187.352283
70
0
0
VERTEX
8
Sketch
10
265.731601
20
187.634828
70
0
0
VERTEX
8
Sketch
10
265.731601
20
187.634828
70
0
0
SEQEND
8
Sketch
0
POLYLINE
8
Sketch
62
7
70
0
10
0.000000
20
0.000000
66
1
0
VERTEX
8
Sketch
10
264.862869
20
190.021631
70
0
0
VERTEX
8
Sketch
10
264.745549
20
190.304176
70
0
0
VERTEX
8
Sketch
10
264.462869
20
190.421171
70
0
0
VERTEX
8
Sketch
10
264.180190
20
190.304176
70
0
0
VERTEX
8
Sketch
10
264.062870
20
190.021631
70
0
0
VERTEX
8
Sketch
10
264.180190
20
189.739086
70
0
0
VERTEX
8
Sketch
10
264.462869
20
189.622092
70
0
0
VERTEX
8
Sketch
10
264.745549
20
189.739086
70
0
0
VERTEX
8
Sketch
10
264.862869
20
190.021631
70
0
0
VERTEX
8
Sketch
10
264.862869
20
190.021631
70
0
0
SEQEND
8
Sketch
0
POLYLINE
8
Sketch
62
7
70
0
10
0.000000
20
0.000000
66
1
0
VERTEX
8
Sketch
10
263.994140
20
192.408458
70
0
0
VERTEX
8
Sketch
10
263.876820
20
192.691003
70
0
0
VERTEX
8
Sketch
10
263.594140
20
192.807998
70
0
0
VERTEX
8
Sketch
10
263.311461
20
192.691003
70
0
0
VERTEX
8
Sketch
10
263.194141
20
192.408458
70
0
0
VERTEX
8
Sketch
10
263.311461
20
192.125913
70
0
0
VERTEX
8
Sketch
10
263.594140
20
192.008919
70
0
0
VERTEX
8
Sketch
10
263.876820
20
192.125913
70
0
0
VERTEX
8
Sketch
10
263.994140
20
192.408458
70
0
0
VERTEX
8
Sketch
10
263.994140
20
192.408458
70
0
0
SEQEND
8
Sketch
0
POLYLINE
8
Sketch
62
7
70
0
10
0.000000
20
0.000000
66
1
0
VERTEX
8
Sketch
10
256.767264
20
212.264140
70
0
0
VERTEX
8
Sketch
10
256.650106
20
212.546983
70
0
0
VERTEX
8
Sketch
10
256.367263
20
212.664140
70
0
0
VERTEX
8
Sketch
10
256.084420
20
212.546983
70
0
0
VERTEX
8
Sketch
10
255.967263
20
212.264140
70
0
0
VERTEX
8
Sketch
10
256.167263
20
211.917729
70
0
0
VERTEX
8
Sketch
10
256.567264
20
211.917729
70
0
0
VERTEX
8
Sketch
10
256.767264
20
212.264140
70
0
0
VERTEX
8
Sketch
10
256.767264
20
212.264140
70
0
0
SEQEND
8
Sketch
0
POLYLINE
8
Sketch
62
7
70
0
10
0.000000
20
0.000000
66
1
0
VERTEX
8
Sketch
10
255.898532
20
214.650956
70
0
0
VERTEX
8
Sketch
10
255.781213
20
214.933501
70
0
0
VERTEX
8
Sketch
10
255.498533
20
215.050496
70
0
0
VERTEX
8
Sketch
10
255.215853
20
214.933501
70
0
0
VERTEX
8
Sketch
10
255.098534
20
214.650956
70
0
0
VERTEX
8
Sketch
10
255.215853
20
214.368411
70
0
0
VERTEX
8
Sketch
10
255.498533
20
214.251417
70
0
0
VERTEX
8
Sketch
10
255.781213
20
214.368411
70
0
0
VERTEX
8
Sketch
10
255.898532
20
214.650956
70
0
0
VERTEX
8
Sketch
10
255.898532
20
214.650956
70
0
0
SEQEND
8
Sketch
0
POLYLINE
8
Sketch
62
7
70
0
10
0.000000
20
0.000000
66
1
0
VERTEX
8
Sketch
10
254.161074
20
219.424589
70
0
0
VERTEX
8
Sketch
10
253.961073
20
219.771000
70
0
0
VERTEX
8
Sketch
10
253.561073
20
219.771000
70
0
0
VERTEX
8
Sketch
10
253.361073
20
219.424589
70
0
0
VERTEX
8
Sketch
10
253.561073
20
219.078178
70
0
0
VERTEX
8
Sketch
10
253.961073
20
219.078178
70
0
0
VERTEX
8
Sketch
10
254.161074
20
219.424589
70
0
0
VERTEX
8
Sketch
10
254.161074
20
219.424589
70
0
0
SEQEND
8
Sketch
0
POLYLINE
8
Sketch
62
7
70
0
10
0.000000
20
0.000000
66
1
0
VERTEX
8
Sketch
10
255.029803
20
217.037773
70
0
0
VERTEX
8
Sketch
10
254.912483
20
217.320318
70
0
0
VERTEX
8
Sketch
10
254.629804
20
217.437312
70
0
0
VERTEX
8
Sketch
10
254.347124
20
217.320318
70
0
0
VERTEX
8
Sketch
10
254.229804
20
217.037773
70
0
0
VERTEX
8
Sketch
10
254.347124
20
216.755228
70
0
0
VERTEX
8
Sketch
10
254.629804
20
216.638233
70
0
0
VERTEX
8
Sketch
10
254.912483
20
216.755228
70
0
0
VERTEX
8
Sketch
10
255.029803
20
217.037773
70
0
0
VERTEX
8
Sketch
10
255.029803
20
217.037773
70
0
0
SEQEND
8
Sketch
0
POLYLINE
8
Sketch
62
7
70
0
10
0.000000
20
0.000000
66
1
0
VERTEX
8
Sketch
10
253.292342
20
221.811403
70
0
0
VERTEX
8
Sketch
10
253.175022
20
222.093948
70
0
0
VERTEX
8
Sketch
10
252.892343
20
222.210942
70
0
0
VERTEX
8
Sketch
10
252.609663
20
222.093948
70
0
0
VERTEX
8
Sketch
10
252.492343
20
221.811403
70
0
0
VERTEX
8
Sketch
10
252.609663
20
221.528858
70
0
0
VERTEX
8
Sketch
10
252.892343
20
221.411864
70
0
0
VERTEX
8
Sketch
10
253.175022
20
221.528858
70
0
0
VERTEX
8
Sketch
10
253.292342
20
221.811403
70
0
0
VERTEX
8
Sketch
10
253.292342
20
221.811403
70
0
0
SEQEND
8
Sketch
0
POLYLINE
8
Sketch
62
7
70
0
10
0.000000
20
0.000000
66
1
0
VERTEX
8
Sketch
10
268.094112
20
137.066402
70
0
0
VERTEX
8
Sketch
10
267.976793
20
137.348947
70
0
0
VERTEX
8
Sketch
10
267.694113
20
137.465941
70
0
0
VERTEX
8
Sketch
10
267.411434
20
137.348947
70
0
0
VERTEX
8
Sketch
10
267.294114
20
137.066402
70
0
0
VERTEX
8
Sketch
10
267.411434
20
136.783857
70
0
0
VERTEX
8
Sketch
10
267.694113
20
136.666863
70
0
0
VERTEX
8
Sketch
10
267.976793
20
136.783857
70
0
0
VERTEX
8
Sketch
10
268.094112
20
137.066402
70
0
0
VERTEX
8
Sketch
10
268.094112
20
137.066402
70
0
0
SEQEND
8
Sketch
0
POLYLINE
8
Sketch
62
7
70
0
10
0.000000
20
0.000000
66
1
0
VERTEX
8
Sketch
10
268.094112
20
139.606399
70
0
0
VERTEX
8
Sketch
10
267.976793
20
139.888944
70
0
0
VERTEX
8
Sketch
10
267.694113
20
140.005938
70
0
0
VERTEX
8
Sketch
10
267.411434
20
139.888944
70
0
0
VERTEX
8
Sketch
10
267.294114
20
139.606399
70
0
0
VERTEX
8
Sketch
10
267.411434
20
139.323854
70
0
0
VERTEX
8
Sketch
10
267.694113
20
139.206859
70
0
0
VERTEX
8
Sketch
10
267.976793
20
139.323854
70
0
0
VERTEX
8
Sketch
10
268.094112
20
139.606399
70
0
0
VERTEX
8
Sketch
10
268.094112
20
139.606399
70
0
0
SEQEND
8
Sketch
0
POLYLINE
8
Sketch
62
7
70
0
10
0.000000
20
0.000000
66
1
0
VERTEX
8
Sketch
10
268.094112
20
142.146396
70
0
0
VERTEX
8
Sketch
10
267.976793
20
142.428941
70
0
0
VERTEX
8
Sketch
10
267.694113
20
142.545935
70
0
0
VERTEX
8
Sketch
10
267.411434
20
142.428941
70
0
0
VERTEX
8
Sketch
10
267.294114
20
142.146396
70
0
0
VERTEX
8
Sketch
10
267.411434
20
141.863851
70
0
0
VERTEX
8
Sketch
10
267.694113
20
141.746856
70
0
0
VERTEX
8
Sketch
10
267.976793
20
141.863851
70
0
0
VERTEX
8
Sketch
10
268.094112
20
142.146396
70
0
0
VERTEX
8
Sketch
10
268.094112
20
142.146396
70
0
0
SEQEND
8
Sketch
0
POLYLINE
8
Sketch
62
7
70
0
10
0.000000
20
0.000000
66
1
0
VERTEX
8
Sketch
10
268.094112
20
144.686392
70
0
0
VERTEX
8
Sketch
10
267.976793
20
144.968937
70
0
0
VERTEX
8
Sketch
10
267.694113
20
145.085932
70
0
0
VERTEX
8
Sketch
10
267.411434
20
144.968937
70
0
0
VERTEX
8
Sketch
10
267.294114
20
144.686392
70
0
0
VERTEX
8
Sketch
10
267.411434
20
144.403848
70
0
0
VERTEX
8
Sketch
10
267.694113
20
144.286853
70
0
0
VERTEX
8
Sketch
10
267.976793
20
144.403848
70
0
0
VERTEX
8
Sketch
10
268.094112
20
144.686392
70
0
0
VERTEX
8
Sketch
10
268.094112
20
144.686392
70
0
0
SEQEND
8
Sketch
0
POLYLINE
8
Sketch
62
7
70
0
10
0.000000
20
0.000000
66
1
0
VERTEX
8
Sketch
10
268.094112
20
147.226389
70
0
0
VERTEX
8
Sketch
10
267.976793
20
147.508934
70
0
0
VERTEX
8
Sketch
10
267.694113
20
147.625929
70
0
0
VERTEX
8
Sketch
10
267.411434
20
147.508934
70
0
0
VERTEX
8
Sketch
10
267.294114
20
147.226389
70
0
0
VERTEX
8
Sketch
10
267.411434
20
146.943844
70
0
0
VERTEX
8
Sketch
10
267.694113
20
146.826850
70
0
0
VERTEX
8
Sketch
10
267.976793
20
146.943844
70
0
0
VERTEX
8
Sketch
10
268.094112
20
147.226389
70
0
0
VERTEX
8
Sketch
10
268.094112
20
147.226389
70
0
0
SEQEND
8
Sketch
0
POLYLINE
8
Sketch
62
7
70
0
10
0.000000
20
0.000000
66
1
0
VERTEX
8
Sketch
10
268.094112
20
168.356358
70
0
0
VERTEX
8
Sketch
10
267.976793
20
168.638903
70
0
0
VERTEX
8
Sketch
10
267.694113
20
168.755897
70
0
0
VERTEX
8
Sketch
10
267.411434
20
168.638903
70
0
0
VERTEX
8
Sketch
10
267.294114
20
168.356358
70
0
0
VERTEX
8
Sketch
10
267.411434
20
168.073813
70
0
0
VERTEX
8
Sketch
10
267.694113
20
167.956819
70
0
0
VERTEX
8
Sketch
10
267.976793
20
168.073813
70
0
0
VERTEX
8
Sketch
10
268.094112
20
168.356358
70
0
0
VERTEX
8
Sketch
10
268.094112
20
168.356358
70
0
0
SEQEND
8
Sketch
0
POLYLINE
8
Sketch
62
7
70
0
10
0.000000
20
0.000000
66
1
0
VERTEX
8
Sketch
10
268.094112
20
170.896355
70
0
0
VERTEX
8
Sketch
10
267.976793
20
171.178900
70
0
0
VERTEX
8
Sketch
10
267.694113
20
171.295894
70
0
0
VERTEX
8
Sketch
10
267.411434
20
171.178900
70
0
0
VERTEX
8
Sketch
10
267.294114
20
170.896355
70
0
0
VERTEX
8
Sketch
10
267.411434
20
170.613810
70
0
0
VERTEX
8
Sketch
10
267.694113
20
170.496815
70
0
0
VERTEX
8
Sketch
10
267.976793
20
170.613810
70
0
0
VERTEX
8
Sketch
10
268.094112
20
170.896355
70
0
0
VERTEX
8
Sketch
10
268.094112
20
170.896355
70
0
0
SEQEND
8
Sketch
0
POLYLINE
8
Sketch
62
7
70
0
10
0.000000
20
0.000000
66
1
0
VERTEX
8
Sketch
10
268.094112
20
175.976348
70
0
0
VERTEX
8
Sketch
10
267.976793
20
176.258893
70
0
0
VERTEX
8
Sketch
10
267.694113
20
176.375888
70
0
0
VERTEX
8
Sketch
10
267.411434
20
176.258893
70
0
0
VERTEX
8
Sketch
10
267.294114
20
175.976348
70
0
0
VERTEX
8
Sketch
10
267.411434
20
175.693804
70
0
0
VERTEX
8
Sketch
10
267.694113
20
175.576809
70
0
0
VERTEX
8
Sketch
10
267.976793
20
175.693804
70
0
0
VERTEX
8
Sketch
10
268.094112
20
175.976348
70
0
0
VERTEX
8
Sketch
10
268.094112
20
175.976348
70
0
0
SEQEND
8
Sketch
0
POLYLINE
8
Sketch
62
7
70
0
10
0.000000
20
0.000000
66
1
0
VERTEX
8
Sketch
10
268.094112
20
173.436352
70
0
0
VERTEX
8
Sketch
10
267.976793
20
173.718897
70
0
0
VERTEX
8
Sketch
10
267.694113
20
173.835891
70
0
0
VERTEX
8
Sketch
10
267.411434
20
173.718897
70
0
0
VERTEX
8
Sketch
10
267.294114
20
173.436352
70
0
0
VERTEX
8
Sketch
10
267.411434
20
173.153807
70
0
0
VERTEX
8
Sketch
10
267.694113
20
173.036812
70
0
0
VERTEX
8
Sketch
10
267.976793
20
173.153807
70
0
0
VERTEX
8
Sketch
10
268.094112
20
173.436352
70
0
0
VERTEX
8
Sketch
10
268.094112
20
173.436352
70
0
0
SEQEND
8
Sketch
0
POLYLINE
8
Sketch
62
7
70
0
10
0.000000
20
0.000000
66
1
0
VERTEX
8
Sketch
10
268.094112
20
178.516345
70
0
0
VERTEX
8
Sketch
10
267.976793
20
178.798890
70
0
0
VERTEX
8
Sketch
10
267.694113
20
178.915885
70
0
0
VERTEX
8
Sketch
10
267.411434
20
178.798890
70
0
0
VERTEX
8
Sketch
10
267.294114
20
178.516345
70
0
0
VERTEX
8
Sketch
10
267.411434
20
178.233800
70
0
0
VERTEX
8
Sketch
10
267.694113
20
178.116806
70
0
0
VERTEX
8
Sketch
10
267.976793
20
178.233800
70
0
0
VERTEX
8
Sketch
10
268.094112
20
178.516345
70
0
0
VERTEX
8
Sketch
10
268.094112
20
178.516345
70
0
0
SEQEND
8
Sketch
0
POLYLINE
8
Sketch
62
7
70
0
10
0.000000
20
0.000000
66
1
0
VERTEX
8
Sketch
10
253.018729
20
93.819596
70
0
0
VERTEX
8
Sketch
10
252.901409
20
94.102141
70
0
0
VERTEX
8
Sketch
10
252.618729
20
94.219136
70
0
0
VERTEX
8
Sketch
10
252.336050
20
94.102141
70
0
0
VERTEX
8
Sketch
10
252.218730
20
93.819596
70
0
0
VERTEX
8
Sketch
10
252.336050
20
93.537051
70
0
0
VERTEX
8
Sketch
10
252.618729
20
93.420057
70
0
0
VERTEX
8
Sketch
10
252.901409
20
93.537051
70
0
0
VERTEX
8
Sketch
10
253.018729
20
93.819596
70
0
0
VERTEX
8
Sketch
10
253.018729
20
93.819596
70
0
0
SEQEND
8
Sketch
0
POLYLINE
8
Sketch
62
7
70
0
10
0.000000
20
0.000000
66
1
0
VERTEX
8
Sketch
10
253.887458
20
96.206400
70
0
0
VERTEX
8
Sketch
10
253.770138
20
96.488944
70
0
0
VERTEX
8
Sketch
10
253.487459
20
96.605939
70
0
0
VERTEX
8
Sketch
10
253.204779
20
96.488944
70
0
0
VERTEX
8
Sketch
10
253.087459
20
96.206400
70
0
0
VERTEX
8
Sketch
10
253.204779
20
95.923855
70
0
0
VERTEX
8
Sketch
10
253.487459
20
95.806860
70
0
0
VERTEX
8
Sketch
10
253.770138
20
95.923855
70
0
0
VERTEX
8
Sketch
10
253.887458
20
96.206400
70
0
0
VERTEX
8
Sketch
10
253.887458
20
96.206400
70
0
0
SEQEND
8
Sketch
0
POLYLINE
8
Sketch
62
7
70
0
10
0.000000
20
0.000000
66
1
0
VERTEX
8
Sketch
10
254.756190
20
98.593229
70
0
0
VERTEX
8
Sketch
10
254.556189
20
98.939640
70
0
0
VERTEX
8
Sketch
10
254.156189
20
98.939640
70
0
0
VERTEX
8
Sketch
10
253.956189
20
98.593229
70
0
0
VERTEX
8
Sketch
10
254.156189
20
98.246819
70
0
0
VERTEX
8
Sketch
10
254.556189
20
98.246819
70
0
0
VERTEX
8
Sketch
10
254.756190
20
98.593229
70
0
0
VERTEX
8
Sketch
10
254.756190
20
98.593229
70
0
0
SEQEND
8
Sketch
0
POLYLINE
8
Sketch
62
7
70
0
10
0.000000
20
0.000000
66
1
0
VERTEX
8
Sketch
10
255.624919
20
100.980033
70
0
0
VERTEX
8
Sketch
10
255.507599
20
101.262577
70
0
0
VERTEX
8
Sketch
10
255.224920
20
101.379572
70
0
0
VERTEX
8
Sketch
10
254.942240
20
101.262577
70
0
0
VERTEX
8
Sketch
10
254.824920
20
100.980033
70
0
0
VERTEX
8
Sketch
10
254.942240
20
100.697488
70
0
0
VERTEX
8
Sketch
10
255.224920
20
100.580493
70
0
0
VERTEX
8
Sketch
10
255.507599
20
100.697488
70
0
0
VERTEX
8
Sketch
10
255.624919
20
100.980033
70
0
0
VERTEX
8
Sketch
10
255.624919
20
100.980033
70
0
0
SEQEND
8
Sketch
0
POLYLINE
8
Sketch
62
7
70
0
10
0.000000
20
0.000000
66
1
0
VERTEX
8
Sketch
10
256.493648
20
103.366862
70
0
0
VERTEX
8
Sketch
10
256.376328
20
103.649407
70
0
0
VERTEX
8
Sketch
10
256.093649
20
103.766402
70
0
0
VERTEX
8
Sketch
10
255.810969
20
103.649407
70
0
0
VERTEX
8
Sketch
10
255.693650
20
103.366862
70
0
0
VERTEX
8
Sketch
10
255.810969
20
103.084317
70
0
0
VERTEX
8
Sketch
10
256.093649
20
102.967323
70
0
0
VERTEX
8
Sketch
10
256.376328
20
103.084317
70
0
0
VERTEX
8
Sketch
10
256.493648
20
103.366862
70
0
0
VERTEX
8
Sketch
10
256.493648
20
103.366862
70
0
0
SEQEND
8
Sketch
0
POLYLINE
8
Sketch
62
7
70
0
10
0.000000
20
0.000000
66
1
0
VERTEX
8
Sketch
10
263.720524
20
123.222546
70
0
0
VERTEX
8
Sketch
10
263.603204
20
123.505091
70
0
0
VERTEX
8
Sketch
10
263.320524
20
123.622086
70
0
0
VERTEX
8
Sketch
10
263.037845
20
123.505091
70
0
0
VERTEX
8
Sketch
10
262.920525
20
123.222546
70
0
0
VERTEX
8
Sketch
10
263.037845
20
122.940001
70
0
0
VERTEX
8
Sketch
10
263.320524
20
122.823007
70
0
0
VERTEX
8
Sketch
10
263.603204
20
122.940001
70
0
0
VERTEX
8
Sketch
10
263.720524
20
123.222546
70
0
0
VERTEX
8
Sketch
10
263.720524
20
123.222546
70
0
0
SEQEND
8
Sketch
0
POLYLINE
8
Sketch
62
7
70
0
10
0.000000
20
0.000000
66
1
0
VERTEX
8
Sketch
10
264.589256
20
125.609350
70
0
0
VERTEX
8
Sketch
10
264.471936
20
125.891894
70
0
0
VERTEX
8
Sketch
10
264.189256
20
126.008889
70
0
0
VERTEX
8
Sketch
10
263.906577
20
125.891894
70
0
0
VERTEX
8
Sketch
10
263.789257
20
125.609350
70
0
0
VERTEX
8
Sketch
10
263.906577
20
125.326805
70
0
0
VERTEX
8
Sketch
10
264.189256
20
125.209810
70
0
0
VERTEX
8
Sketch
10
264.471936
20
125.326805
70
0
0
VERTEX
8
Sketch
10
264.589256
20
125.609350
70
0
0
VERTEX
8
Sketch
10
264.589256
20
125.609350
70
0
0
SEQEND
8
Sketch
0
POLYLINE
8
Sketch
62
7
70
0
10
0.000000
20
0.000000
66
1
0
VERTEX
8
Sketch
10
266.326714
20
130.382983
70
0
0
VERTEX
8
Sketch
10
266.209394
20
130.665527
70
0
0
VERTEX
8
Sketch
10
265.926715
20
130.782522
70
0
0
VERTEX
8
Sketch
10
265.644035
20
130.665527
70
0
0
VERTEX
8
Sketch
10
265.526715
20
130.382983
70
0
0
VERTEX
8
Sketch
10
265.644035
20
130.100438
70
0
0
VERTEX
8
Sketch
10
265.926715
20
129.983443
70
0
0
VERTEX
8
Sketch
10
266.209394
20
130.100438
70
0
0
VERTEX
8
Sketch
10
266.326714
20
130.382983
70
0
0
VERTEX
8
Sketch
10
266.326714
20
130.382983
70
0
0
SEQEND
8
Sketch
0
POLYLINE
8
Sketch
62
7
70
0
10
0.000000
20
0.000000
66
1
0
VERTEX
8
Sketch
10
265.457985
20
127.996179
70
0
0
VERTEX
8
Sketch
10
265.340665
20
128.278724
70
0
0
VERTEX
8
Sketch
10
265.057985
20
128.395719
70
0
0
VERTEX
8
Sketch
10
264.775306
20
128.278724
70
0
0
VERTEX
8
Sketch
10
264.657986
20
127.996179
70
0
0
VERTEX
8
Sketch
10
264.775306
20
127.713634
70
0
0
VERTEX
8
Sketch
10
265.057985
20
127.596640
70
0
0
VERTEX
8
Sketch
10
265.340665
20
127.713634
70
0
0
VERTEX
8
Sketch
10
265.457985
20
127.996179
70
0
0
VERTEX
8
Sketch
10
265.457985
20
127.996179
70
0
0
SEQEND
8
Sketch
0
POLYLINE
8
Sketch
62
7
70
0
10
0.000000
20
0.000000
66
1
0
VERTEX
8
Sketch
10
267.195446
20
132.769812
70
0
0
VERTEX
8
Sketch
10
266.995445
20
133.116223
70
0
0
VERTEX
8
Sketch
10
266.595445
20
133.116223
70
0
0
VERTEX
8
Sketch
10
266.395445
20
132.769812
70
0
0
VERTEX
8
Sketch
10
266.595445
20
132.423402
70
0
0
VERTEX
8
Sketch
10
266.995445
20
132.423402
70
0
0
VERTEX
8
Sketch
10
267.195446
20
132.769812
70
0
0
VERTEX
8
Sketch
10
267.195446
20
132.769812
70
0
0
SEQEND
8
Sketch
0
POLYLINE
8
Sketch
62
7
70
0
10
0.000000
20
0.000000
66
1
0
VERTEX
8
Sketch
10
224.061220
20
58.336979
70
0
0
VERTEX
8
Sketch
10
223.943900
20
58.619524
70
0
0
VERTEX
8
Sketch
10
223.661221
20
58.736518
70
0
0
VERTEX
8
Sketch
10
223.378541
20
58.619524
70
0
0
VERTEX
8
Sketch
10
223.261222
20
58.336979
70
0
0
VERTEX
8
Sketch
10
223.378541
20
58.054434
70
0
0
VERTEX
8
Sketch
10
223.661221
20
57.937439
70
0
0
VERTEX
8
Sketch
10
223.943900
20
58.054434
70
0
0
VERTEX
8
Sketch
10
224.061220
20
58.336979
70
0
0
VERTEX
8
Sketch
10
224.061220
20
58.336979
70
0
0
SEQEND
8
Sketch
0
POLYLINE
8
Sketch
62
7
70
0
10
0.000000
20
0.000000
66
1
0
VERTEX
8
Sketch
10
225.693898
20
60.282722
70
0
0
VERTEX
8
Sketch
10
225.576579
20
60.565267
70
0
0
VERTEX
8
Sketch
10
225.293899
20
60.682262
70
0
0
VERTEX
8
Sketch
10
225.011219
20
60.565267
70
0
0
VERTEX
8
Sketch
10
224.893900
20
60.282722
70
0
0
VERTEX
8
Sketch
10
225.011219
20
60.000177
70
0
0
VERTEX
8
Sketch
10
225.293899
20
59.883183
70
0
0
VERTEX
8
Sketch
10
225.576579
20
60.000177
70
0
0
VERTEX
8
Sketch
10
225.693898
20
60.282722
70
0
0
VERTEX
8
Sketch
10
225.693898
20
60.282722
70
0
0
SEQEND
8
Sketch
0
POLYLINE
8
Sketch
62
7
70
0
10
0.000000
20
0.000000
66
1
0
VERTEX
8
Sketch
10
227.326579
20
62.228465
70
0
0
VERTEX
8
Sketch
10
227.126579
20
62.574876
70
0
0
VERTEX
8
Sketch
10
226.726578
20
62.574876
70
0
0
VERTEX
8
Sketch
10
226.526578
20
62.228465
70
0
0
VERTEX
8
Sketch
10
226.726578
20
61.882055
70
0
0
VERTEX
8
Sketch
10
227.126579
20
61.882055
70
0
0
VERTEX
8
Sketch
10
227.326579
20
62.228465
70
0
0
VERTEX
8
Sketch
10
227.326579
20
62.228465
70
0
0
SEQEND
8
Sketch
0
POLYLINE
8
Sketch
62
7
70
0
10
0.000000
20
0.000000
66
1
0
VERTEX
8
Sketch
10
228.959257
20
64.174235
70
0
0
VERTEX
8
Sketch
10
228.759257
20
64.520646
70
0
0
VERTEX
8
Sketch
10
228.359256
20
64.520646
70
0
0
VERTEX
8
Sketch
10
228.159256
20
64.174235
70
0
0
VERTEX
8
Sketch
10
228.359256
20
63.827825
70
0
0
VERTEX
8
Sketch
10
228.759257
20
63.827825
70
0
0
VERTEX
8
Sketch
10
228.959257
20
64.174235
70
0
0
VERTEX
8
Sketch
10
228.959257
20
64.174235
70
0
0
SEQEND
8
Sketch
0
POLYLINE
8
Sketch
62
7
70
0
10
0.000000
20
0.000000
66
1
0
VERTEX
8
Sketch
10
230.591935
20
66.119979
70
0
0
VERTEX
8
Sketch
10
230.474778
20
66.402822
70
0
0
VERTEX
8
Sketch
10
230.191935
20
66.519979
70
0
0
VERTEX
8
Sketch
10
229.909092
20
66.402822
70
0
0
VERTEX
8
Sketch
10
229.791934
20
66.119979
70
0
0
VERTEX
8
Sketch
10
229.909092
20
65.837136
70
0
0
VERTEX
8
Sketch
10
230.191935
20
65.719978
70
0
0
VERTEX
8
Sketch
10
230.474778
20
65.837136
70
0
0
VERTEX
8
Sketch
10
230.591935
20
66.119979
70
0
0
VERTEX
8
Sketch
10
230.591935
20
66.119979
70
0
0
SEQEND
8
Sketch
0
POLYLINE
8
Sketch
62
7
70
0
10
0.000000
20
0.000000
66
1
0
VERTEX
8
Sketch
10
244.174021
20
82.306479
70
0
0
VERTEX
8
Sketch
10
243.974020
20
82.652889
70
0
0
VERTEX
8
Sketch
10
243.574020
20
82.652889
70
0
0
VERTEX
8
Sketch
10
243.374020
20
82.306479
70
0
0
VERTEX
8
Sketch
10
243.574020
20
81.960068
70
0
0
VERTEX
8
Sketch
10
243.974020
20
81.960068
70
0
0
VERTEX
8
Sketch
10
244.174021
20
82.306479
70
0
0
VERTEX
8
Sketch
10
244.174021
20
82.306479
70
0
0
SEQEND
8
Sketch
0
POLYLINE
8
Sketch
62
7
70
0
10
0.000000
20
0.000000
66
1
0
VERTEX
8
Sketch
10
245.806696
20
84.252222
70
0
0
VERTEX
8
Sketch
10
245.689377
20
84.534767
70
0
0
VERTEX
8
Sketch
10
245.406697
20
84.651762
70
0
0
VERTEX
8
Sketch
10
245.124017
20
84.534767
70
0
0
VERTEX
8
Sketch
10
245.006698
20
84.252222
70
0
0
VERTEX
8
Sketch
10
245.124017
20
83.969677
70
0
0
VERTEX
8
Sketch
10
245.406697
20
83.852683
70
0
0
VERTEX
8
Sketch
10
245.689377
20
83.969677
70
0
0
VERTEX
8
Sketch
10
245.806696
20
84.252222
70
0
0
VERTEX
8
Sketch
10
245.806696
20
84.252222
70
0
0
SEQEND
8
Sketch
0
POLYLINE
8
Sketch
62
7
70
0
10
0.000000
20
0.000000
66
1
0
VERTEX
8
Sketch
10
249.072055
20
88.143735
70
0
0
VERTEX
8
Sketch
10
248.954736
20
88.426280
70
0
0
VERTEX
8
Sketch
10
248.672056
20
88.543275
70
0
0
VERTEX
8
Sketch
10
248.389376
20
88.426280
70
0
0
VERTEX
8
Sketch
10
248.272057
20
88.143735
70
0
0
VERTEX
8
Sketch
10
248.389376
20
87.861190
70
0
0
VERTEX
8
Sketch
10
248.672056
20
87.744196
70
0
0
VERTEX
8
Sketch
10
248.954736
20
87.861190
70
0
0
VERTEX
8
Sketch
10
249.072055
20
88.143735
70
0
0
VERTEX
8
Sketch
10
249.072055
20
88.143735
70
0
0
SEQEND
8
Sketch
0
POLYLINE
8
Sketch
62
7
70
0
10
0.000000
20
0.000000
66
1
0
VERTEX
8
Sketch
10
247.439377
20
86.197965
70
0
0
VERTEX
8
Sketch
10
247.322057
20
86.480510
70
0
0
VERTEX
8
Sketch
10
247.039378
20
86.597505
70
0
0
VERTEX
8
Sketch
10
246.756698
20
86.480510
70
0
0
VERTEX
8
Sketch
10
246.639379
20
86.197965
70
0
0
VERTEX
8
Sketch
10
246.756698
20
85.915421
70
0
0
VERTEX
8
Sketch
10
247.039378
20
85.798426
70
0
0
VERTEX
8
Sketch
10
247.322057
20
85.915421
70
0
0
VERTEX
8
Sketch
10
247.439377
20
86.197965
70
0
0
VERTEX
8
Sketch
10
247.439377
20
86.197965
70
0
0
SEQEND
8
Sketch
0
POLYLINE
8
Sketch
62
7
70
0
10
0.000000
20
0.000000
66
1
0
VERTEX
8
Sketch
10
250.704733
20
90.089479
70
0
0
VERTEX
8
Sketch
10
250.587414
20
90.372024
70
0
0
VERTEX
8
Sketch
10
250.304734
20
90.489018
70
0
0
VERTEX
8
Sketch
10
250.022055
20
90.372024
70
0
0
VERTEX
8
Sketch
10
249.904735
20
90.089479
70
0
0
VERTEX
8
Sketch
10
250.022055
20
89.806934
70
0
0
VERTEX
8
Sketch
10
250.304734
20
89.689939
70
0
0
VERTEX
8
Sketch
10
250.587414
20
89.806934
70
0
0
VERTEX
8
Sketch
10
250.704733
20
90.089479
70
0
0
VERTEX
8
Sketch
10
250.704733
20
90.089479
70
0
0
SEQEND
8
Sketch
0
POLYLINE
8
Sketch
62
7
70
0
10
0.000000
20
0.000000
66
1
0
VERTEX
8
Sketch
10
184.714294
20
34.898259
70
0
0
VERTEX
8
Sketch
10
184.596974
20
35.180804
70
0
0
VERTEX
8
Sketch
10
184.314294
20
35.297798
70
0
0
VERTEX
8
Sketch
10
184.031615
20
35.180804
70
0
0
VERTEX
8
Sketch
10
183.914295
20
34.898259
70
0
0
VERTEX
8
Sketch
10
184.031615
20
34.615714
70
0
0
VERTEX
8
Sketch
10
184.314294
20
34.498719
70
0
0
VERTEX
8
Sketch
10
184.596974
20
34.615714
70
0
0
VERTEX
8
Sketch
10
184.714294
20
34.898259
70
0
0
VERTEX
8
Sketch
10
184.714294
20
34.898259
70
0
0
SEQEND
8
Sketch
0
POLYLINE
8
Sketch
62
7
70
0
10
0.000000
20
0.000000
66
1
0
VERTEX
8
Sketch
10
186.913994
20
36.168257
70
0
0
VERTEX
8
Sketch
10
186.796675
20
36.450802
70
0
0
VERTEX
8
Sketch
10
186.513995
20
36.567796
70
0
0
VERTEX
8
Sketch
10
186.231315
20
36.450802
70
0
0
VERTEX
8
Sketch
10
186.113996
20
36.168257
70
0
0
VERTEX
8
Sketch
10
186.231315
20
35.885712
70
0
0
VERTEX
8
Sketch
10
186.513995
20
35.768718
70
0
0
VERTEX
8
Sketch
10
186.796675
20
35.885712
70
0
0
VERTEX
8
Sketch
10
186.913994
20
36.168257
70
0
0
VERTEX
8
Sketch
10
186.913994
20
36.168257
70
0
0
SEQEND
8
Sketch
0
POLYLINE
8
Sketch
62
7
70
0
10
0.000000
20
0.000000
66
1
0
VERTEX
8
Sketch
10
189.113698
20
37.438255
70
0
0
VERTEX
8
Sketch
10
188.996378
20
37.720800
70
0
0
VERTEX
8
Sketch
10
188.713699
20
37.837795
70
0
0
VERTEX
8
Sketch
10
188.431019
20
37.720800
70
0
0
VERTEX
8
Sketch
10
188.313699
20
37.438255
70
0
0
VERTEX
8
Sketch
10
188.431019
20
37.155711
70
0
0
VERTEX
8
Sketch
10
188.713699
20
37.038716
70
0
0
VERTEX
8
Sketch
10
188.996378
20
37.155711
70
0
0
VERTEX
8
Sketch
10
189.113698
20
37.438255
70
0
0
VERTEX
8
Sketch
10
189.113698
20
37.438255
70
0
0
SEQEND
8
Sketch
0
POLYLINE
8
Sketch
62
7
70
0
10
0.000000
20
0.000000
66
1
0
VERTEX
8
Sketch
10
191.313398
20
38.708254
70
0
0
VERTEX
8
Sketch
10
191.196079
20
38.990799
70
0
0
VERTEX
8
Sketch
10
190.913399
20
39.107793
70
0
0
VERTEX
8
Sketch
10
190.630720
20
38.990799
70
0
0
VERTEX
8
Sketch
10
190.513400
20
38.708254
70
0
0
VERTEX
8
Sketch
10
190.630720
20
38.425709
70
0
0
VERTEX
8
Sketch
10
190.913399
20
38.308714
70
0
0
VERTEX
8
Sketch
10
191.196079
20
38.425709
70
0
0
VERTEX
8
Sketch
10
191.313398
20
38.708254
70
0
0
VERTEX
8
Sketch
10
191.313398
20
38.708254
70
0
0
SEQEND
8
Sketch
0
POLYLINE
8
Sketch
62
7
70
0
10
0.000000
20
0.000000
66
1
0
VERTEX
8
Sketch
10
193.513102
20
39.978252
70
0
0
VERTEX
8
Sketch
10
193.313102
20
40.324663
70
0
0
VERTEX
8
Sketch
10
192.913101
20
40.324663
70
0
0
VERTEX
8
Sketch
10
192.713101
20
39.978252
70
0
0
VERTEX
8
Sketch
10
192.913101
20
39.631842
70
0
0
VERTEX
8
Sketch
10
193.313102
20
39.631842
70
0
0
VERTEX
8
Sketch
10
193.513102
20
39.978252
70
0
0
VERTEX
8
Sketch
10
193.513102
20
39.978252
70
0
0
SEQEND
8
Sketch
0
POLYLINE
8
Sketch
62
7
70
0
10
0.000000
20
0.000000
66
1
0
VERTEX
8
Sketch
10
211.812194
20
50.543237
70
0
0
VERTEX
8
Sketch
10
211.694874
20
50.825782
70
0
0
VERTEX
8
Sketch
10
211.412195
20
50.942776
70
0
0
VERTEX
8
Sketch
10
211.129515
20
50.825782
70
0
0
VERTEX
8
Sketch
10
211.012195
20
50.543237
70
0
0
VERTEX
8
Sketch
10
211.129515
20
50.260692
70
0
0
VERTEX
8
Sketch
10
211.412195
20
50.143697
70
0
0
VERTEX
8
Sketch
10
211.694874
20
50.260692
70
0
0
VERTEX
8
Sketch
10
211.812194
20
50.543237
70
0
0
VERTEX
8
Sketch
10
211.812194
20
50.543237
70
0
0
SEQEND
8
Sketch
0
POLYLINE
8
Sketch
62
7
70
0
10
0.000000
20
0.000000
66
1
0
VERTEX
8
Sketch
10
214.011895
20
51.813235
70
0
0
VERTEX
8
Sketch
10
213.894575
20
52.095780
70
0
0
VERTEX
8
Sketch
10
213.611895
20
52.212774
70
0
0
VERTEX
8
Sketch
10
213.329216
20
52.095780
70
0
0
VERTEX
8
Sketch
10
213.211896
20
51.813235
70
0
0
VERTEX
8
Sketch
10
213.329216
20
51.530690
70
0
0
VERTEX
8
Sketch
10
213.611895
20
51.413696
70
0
0
VERTEX
8
Sketch
10
213.894575
20
51.530690
70
0
0
VERTEX
8
Sketch
10
214.011895
20
51.813235
70
0
0
VERTEX
8
Sketch
10
214.011895
20
51.813235
70
0
0
SEQEND
8
Sketch
0
POLYLINE
8
Sketch
62
7
70
0
10
0.000000
20
0.000000
66
1
0
VERTEX
8
Sketch
10
218.411299
20
54.353232
70
0
0
VERTEX
8
Sketch
10
218.293979
20
54.635777
70
0
0
VERTEX
8
Sketch
10
218.011300
20
54.752771
70
0
0
VERTEX
8
Sketch
10
217.728620
20
54.635777
70
0
0
VERTEX
8
Sketch
10
217.611300
20
54.353232
70
0
0
VERTEX
8
Sketch
10
217.728620
20
54.070687
70
0
0
VERTEX
8
Sketch
10
218.011300
20
53.953692
70
0
0
VERTEX
8
Sketch
10
218.293979
20
54.070687
70
0
0
VERTEX
8
Sketch
10
218.411299
20
54.353232
70
0
0
VERTEX
8
Sketch
10
218.411299
20
54.353232
70
0
0
SEQEND
8
Sketch
0
POLYLINE
8
Sketch
62
7
70
0
10
0.000000
20
0.000000
66
1
0
VERTEX
8
Sketch
10
216.211598
20
53.083233
70
0
0
VERTEX
8
Sketch
10
216.094278
20
53.365778
70
0
0
VERTEX
8
Sketch
10
215.811599
20
53.482773
70
0
0
VERTEX
8
Sketch
10
215.528919
20
53.365778
70
0
0
VERTEX
8
Sketch
10
215.411600
20
53.083233
70
0
0
VERTEX
8
Sketch
10
215.528919
20
52.800689
70
0
0
VERTEX
8
Sketch
10
215.811599
20
52.683694
70
0
0
VERTEX
8
Sketch
10
216.094278
20
52.800689
70
0
0
VERTEX
8
Sketch
10
216.211598
20
53.083233
70
0
0
VERTEX
8
Sketch
10
216.211598
20
53.083233
70
0
0
SEQEND
8
Sketch
0
POLYLINE
8
Sketch
62
7
70
0
10
0.000000
20
0.000000
66
1
0
VERTEX
8
Sketch
10
220.611002
20
55.623230
70
0
0
VERTEX
8
Sketch
10
220.411002
20
55.969641
70
0
0
VERTEX
8
Sketch
10
220.011001
20
55.969641
70
0
0
VERTEX
8
Sketch
10
219.811001
20
55.623230
70
0
0
VERTEX
8
Sketch
10
220.011001
20
55.276820
70
0
0
VERTEX
8
Sketch
10
220.411002
20
55.276820
70
0
0
VERTEX
8
Sketch
10
220.611002
20
55.623230
70
0
0
VERTEX
8
Sketch
10
220.611002
20
55.623230
70
0
0
SEQEND
8
Sketch
0
POLYLINE
8
Sketch
62
7
70
0
10
0.000000
20
0.000000
66
1
0
VERTEX
8
Sketch
10
139.723766
20
26.330532
70
0
0
VERTEX
8
Sketch
10
139.606609
20
26.613374
70
0
0
VERTEX
8
Sketch
10
139.323767
20
26.730531
70
0
0
VERTEX
8
Sketch
10
139.040925
20
26.613374
70
0
0
VERTEX
8
Sketch
10
138.923767
20
26.330532
70
0
0
VERTEX
8
Sketch
10
139.040925
20
26.047690
70
0
0
VERTEX
8
Sketch
10
139.323767
20
25.930533
70
0
0
VERTEX
8
Sketch
10
139.606609
20
26.047690
70
0
0
VERTEX
8
Sketch
10
139.723766
20
26.330532
70
0
0
VERTEX
8
Sketch
10
139.723766
20
26.330532
70
0
0
SEQEND
8
Sketch
0
POLYLINE
8
Sketch
62
7
70
0
10
0.000000
20
0.000000
66
1
0
VERTEX
8
Sketch
10
142.225175
20
26.771592
70
0
0
VERTEX
8
Sketch
10
142.025175
20
27.118002
70
0
0
VERTEX
8
Sketch
10
141.625176
20
27.118002
70
0
0
VERTEX
8
Sketch
10
141.425176
20
26.771592
70
0
0
VERTEX
8
Sketch
10
141.625176
20
26.425182
70
0
0
VERTEX
8
Sketch
10
142.025175
20
26.425182
70
0
0
VERTEX
8
Sketch
10
142.225175
20
26.771592
70
0
0
VERTEX
8
Sketch
10
142.225175
20
26.771592
70
0
0
SEQEND
8
Sketch
0
POLYLINE
8
Sketch
62
7
70
0
10
0.000000
20
0.000000
66
1
0
VERTEX
8
Sketch
10
144.726583
20
27.212652
70
0
0
VERTEX
8
Sketch
10
144.526584
20
27.559062
70
0
0
VERTEX
8
Sketch
10
144.126584
20
27.559062
70
0
0
VERTEX
8
Sketch
10
143.926584
20
27.212652
70
0
0
VERTEX
8
Sketch
10
144.126584
20
26.866242
70
0
0
VERTEX
8
Sketch
10
144.526584
20
26.866242
70
0
0
VERTEX
8
Sketch
10
144.726583
20
27.212652
70
0
0
VERTEX
8
Sketch
10
144.726583
20
27.212652
70
0
0
SEQEND
8
Sketch
0
POLYLINE
8
Sketch
62
7
70
0
10
0.000000
20
0.000000
66
1
0
VERTEX
8
Sketch
10
147.227992
20
27.653712
70
0
0
VERTEX
8
Sketch
10
147.027992
20
28.000121
70
0
0
VERTEX
8
Sketch
10
146.627993
20
28.000121
70
0
0
VERTEX
8
Sketch
10
146.427993
20
27.653712
70
0
0
VERTEX
8
Sketch
10
146.627993
20
27.307302
70
0
0
VERTEX
8
Sketch
10
147.027992
20
27.307302
70
0
0
VERTEX
8
Sketch
10
147.227992
20
27.653712
70
0
0
VERTEX
8
Sketch
10
147.227992
20
27.653712
70
0
0
SEQEND
8
Sketch
0
POLYLINE
8
Sketch
62
7
70
0
10
0.000000
20
0.000000
66
1
0
VERTEX
8
Sketch
10
149.729400
20
28.094798
70
0
0
VERTEX
8
Sketch
10
149.612243
20
28.377640
70
0
0
VERTEX
8
Sketch
10
149.329401
20
28.494797
70
0
0
VERTEX
8
Sketch
10
149.046559
20
28.377640
70
0
0
VERTEX
8
Sketch
10
148.929401
20
28.094798
70
0
0
VERTEX
8
Sketch
10
149.046559
20
27.811956
70
0
0
VERTEX
8
Sketch
10
149.329401
20
27.694798
70
0
0
VERTEX
8
Sketch
10
149.612243
20
27.811956
70
0
0
VERTEX
8
Sketch
10
149.729400
20
28.094798
70
0
0
VERTEX
8
Sketch
10
149.729400
20
28.094798
70
0
0
SEQEND
8
Sketch
0
POLYLINE
8
Sketch
62
7
70
0
10
0.000000
20
0.000000
66
1
0
VERTEX
8
Sketch
10
170.538362
20
31.763982
70
0
0
VERTEX
8
Sketch
10
170.421043
20
32.046527
70
0
0
VERTEX
8
Sketch
10
170.138363
20
32.163521
70
0
0
VERTEX
8
Sketch
10
169.855684
20
32.046527
70
0
0
VERTEX
8
Sketch
10
169.738364
20
31.763982
70
0
0
VERTEX
8
Sketch
10
169.855684
20
31.481437
70
0
0
VERTEX
8
Sketch
10
170.138363
20
31.364443
70
0
0
VERTEX
8
Sketch
10
170.421043
20
31.481437
70
0
0
VERTEX
8
Sketch
10
170.538362
20
31.763982
70
0
0
VERTEX
8
Sketch
10
170.538362
20
31.763982
70
0
0
SEQEND
8
Sketch
0
POLYLINE
8
Sketch
62
7
70
0
10
0.000000
20
0.000000
66
1
0
VERTEX
8
Sketch
10
173.039770
20
32.205042
70
0
0
VERTEX
8
Sketch
10
172.922450
20
32.487587
70
0
0
VERTEX
8
Sketch
10
172.639771
20
32.604581
70
0
0
VERTEX
8
Sketch
10
172.357091
20
32.487587
70
0
0
VERTEX
8
Sketch
10
172.239771
20
32.205042
70
0
0
VERTEX
8
Sketch
10
172.357091
20
31.922497
70
0
0
VERTEX
8
Sketch
10
172.639771
20
31.805502
70
0
0
VERTEX
8
Sketch
10
172.922450
20
31.922497
70
0
0
VERTEX
8
Sketch
10
173.039770
20
32.205042
70
0
0
VERTEX
8
Sketch
10
173.039770
20
32.205042
70
0
0
SEQEND
8
Sketch
0
POLYLINE
8
Sketch
62
7
70
0
10
0.000000
20
0.000000
66
1
0
VERTEX
8
Sketch
10
178.042587
20
33.087162
70
0
0
VERTEX
8
Sketch
10
177.925268
20
33.369706
70
0
0
VERTEX
8
Sketch
10
177.642588
20
33.486701
70
0
0
VERTEX
8
Sketch
10
177.359908
20
33.369706
70
0
0
VERTEX
8
Sketch
10
177.242589
20
33.087162
70
0
0
VERTEX
8
Sketch
10
177.359908
20
32.804617
70
0
0
VERTEX
8
Sketch
10
177.642588
20
32.687622
70
0
0
VERTEX
8
Sketch
10
177.925268
20
32.804617
70
0
0
VERTEX
8
Sketch
10
178.042587
20
33.087162
70
0
0
VERTEX
8
Sketch
10
178.042587
20
33.087162
70
0
0
SEQEND
8
Sketch
0
POLYLINE
8
Sketch
62
7
70
0
10
0.000000
20
0.000000
66
1
0
VERTEX
8
Sketch
10
175.541180
20
32.646102
70
0
0
VERTEX
8
Sketch
10
175.423860
20
32.928647
70
0
0
VERTEX
8
Sketch
10
175.141181
20
33.045641
70
0
0
VERTEX
8
Sketch
10
174.858501
20
32.928647
70
0
0
VERTEX
8
Sketch
10
174.741181
20
32.646102
70
0
0
VERTEX
8
Sketch
10
174.858501
20
32.363557
70
0
0
VERTEX
8
Sketch
10
175.141181
20
32.246562
70
0
0
VERTEX
8
Sketch
10
175.423860
20
32.363557
70
0
0
VERTEX
8
Sketch
10
175.541180
20
32.646102
70
0
0
VERTEX
8
Sketch
10
175.541180
20
32.646102
70
0
0
SEQEND
8
Sketch
0
POLYLINE
8
Sketch
62
7
70
0
10
0.000000
20
0.000000
66
1
0
VERTEX
8
Sketch
10
180.543997
20
33.528221
70
0
0
VERTEX
8
Sketch
10
180.343997
20
33.874632
70
0
0
VERTEX
8
Sketch
10
179.943996
20
33.874632
70
0
0
VERTEX
8
Sketch
10
179.743996
20
33.528221
70
0
0
VERTEX
8
Sketch
10
179.943996
20
33.181811
70
0
0
VERTEX
8
Sketch
10
180.343997
20
33.181811
70
0
0
VERTEX
8
Sketch
10
180.543997
20
33.528221
70
0
0
VERTEX
8
Sketch
10
180.543997
20
33.528221
70
0
0
SEQEND
8
Sketch
0
POLYLINE
8
44.9
62
170
70
0
10
0.000000
20
0.000000
66
1
0
VERTEX
8
44.9
10
137.523940
20
283.190690
70
0
0
VERTEX
8
44.9
10
132.799381
20
283.101899
70
0
0
VERTEX
8
44.9
10
128.107884
20
282.837259
70
0
0
VERTEX
8
44.9
10
123.453339
20
282.399372
70
0
0
VERTEX
8
44.9
10
118.839639
20
281.790836
70
0
0
VERTEX
8
44.9
10
114.270674
20
281.014253
70
0
0
VERTEX
8
44.9
10
109.750338
20
280.072222
70
0
0
VERTEX
8
44.9
10
105.282520
20
278.967345
70
0
0
VERTEX
8
44.9
10
100.871114
20
277.702221
70
0
0
VERTEX
8
44.9
10
96.520010
20
276.279451
70
0
0
VERTEX
8
44.9
10
92.233101
20
274.701635
70
0
0
VERTEX
8
44.9
10
88.014278
20
272.971373
70
0
0
VERTEX
8
44.9
10
83.867433
20
271.091266
70
0
0
VERTEX
8
44.9
10
79.796456
20
269.063914
70
0
0
VERTEX
8
44.9
10
75.805241
20
266.891917
70
0
0
VERTEX
8
44.9
10
71.897679
20
264.577876
70
0
0
VERTEX
8
44.9
10
68.077661
20
262.124392
70
0
0
VERTEX
8
44.9
10
64.349079
20
259.534063
70
0
0
VERTEX
8
44.9
10
60.715824
20
256.809491
70
0
0
VERTEX
8
44.9
10
57.181789
20
253.953276
70
0
0
VERTEX
8
44.9
10
53.750865
20
250.968019
70
0
0
VERTEX
8
44.9
10
50.426944
20
247.856319
70
0
0
VERTEX
8
44.9
10
47.213917
20
244.620777
70
0
0
VERTEX
8
44.9
10
44.115675
20
241.263994
70
0
0
VERTEX
8
44.9
10
41.136112
20
237.788569
70
0
0
VERTEX
8
44.9
10
38.279118
20
234.197103
70
0
0
VERTEX
8
44.9
10
35.548585
20
230.492196
70
0
0
VERTEX
8
44.9
10
32.948404
20
226.676449
70
0
0
VERTEX
8
44.9
10
30.482468
20
222.752462
70
0
0
VERTEX
8
44.9
10
28.154667
20
218.722835
70
0
0
VERTEX
8
44.9
10
25.968894
20
214.590169
70
0
0
VERTEX
8
44.9
10
23.929041
20
210.357063
70
0
0
VERTEX
8
44.9
10
22.038998
20
206.026119
70
0
0
VERTEX
8
44.9
10
20.313020
20
201.627217
70
0
0
VERTEX
8
44.9
10
18.762157
20
197.191565
70
0
0
VERTEX
8
44.9
10
17.385495
20
192.723754
70
0
0
VERTEX
8
44.9
10
16.182122
20
188.228374
70
0
0
VERTEX
8
44.9
10
15.151125
20
183.710016
70
0
0
VERTEX
8
44.9
10
14.291589
20
179.173270
70
0
0
VERTEX
8
44.9
10
13.602603
20
174.622727
70
0
0
VERTEX
8
44.9
10
13.083253
20
170.062977
70
0
0
VERTEX
8
44.9
10
12.732626
20
165.498611
70
0
0
VERTEX
8
44.9
10
12.549809
20
160.934219
70
0
0
VERTEX
8
44.9
10
12.533889
20
156.374392
70
0
0
VERTEX
8
44.9
10
12.683952
20
151.823721
70
0
0
VERTEX
8
44.9
10
12.999086
20
147.286795
70
0
0
VERTEX
8
44.9
10
13.478378
20
142.768206
70
0
0
VERTEX
8
44.9
10
14.120913
20
138.272544
70
0
0
VERTEX
8
44.9
10
14.925780
20
133.804400
70
0
0
VERTEX
8
44.9
10
15.892065
20
129.368363
70
0
0
VERTEX
8
44.9
10
17.018855
20
124.969025
70
0
0
VERTEX
8
44.9
10
18.305236
20
120.610977
70
0
0
VERTEX
8
44.9
10
19.750297
20
116.298807
70
0
0
VERTEX
8
44.9
10
21.353123
20
112.037108
70
0
0
VERTEX
8
44.9
10
23.112802
20
107.830470
70
0
0
VERTEX
8
44.9
10
25.028420
20
103.683483
70
0
0
VERTEX
8
44.9
10
27.099064
20
99.600738
70
0
0
VERTEX
8
44.9
10
29.323822
20
95.586825
70
0
0
VERTEX
8
44.9
10
31.701779
20
91.646335
70
0
0
VERTEX
8
44.9
10
34.232024
20
87.783858
70
0
0
VERTEX
8
44.9
10
36.913642
20
84.003985
70
0
0
VERTEX
8
44.9
10
39.745722
20
80.311306
70
0
0
VERTEX
8
44.9
10
42.727348
20
76.710413
70
0
0
VERTEX
8
44.9
10
45.857610
20
73.205895
70
0
0
VERTEX
8
44.9
10
49.135592
20
69.802342
70
0
0
VERTEX
8
44.9
10
52.539145
20
66.524360
70
0
0
VERTEX
8
44.9
10
56.043663
20
63.394098
70
0
0
VERTEX
8
44.9
10
59.644556
20
60.412472
70
0
0
VERTEX
8
44.9
10
63.337235
20
57.580392
70
0
0
VERTEX
8
44.9
10
67.117108
20
54.898774
70
0
0
VERTEX
8
44.9
10
70.979585
20
52.368529
70
0
0
VERTEX
8
44.9
10
74.920075
20
49.990572
70
0
0
VERTEX
8
44.9
10
78.933988
20
47.765814
70
0
0
VERTEX
8
44.9
10
83.016733
20
45.695170
70
0
0
VERTEX
8
44.9
10
87.163720
20
43.779552
70
0
0
VERTEX
8
44.9
10
91.370358
20
42.019873
70
0
0
VERTEX
8
44.9
10
95.632057
20
40.417047
70
0
0
VERTEX
8
44.9
10
99.944227
20
38.971986
70
0
0
VERTEX
8
44.9
10
104.302275
20
37.685605
70
0
0
VERTEX
8
44.9
10
108.701613
20
36.558815
70
0
0
VERTEX
8
44.9
10
113.137650
20
35.592530
70
0
0
VERTEX
8
44.9
10
117.605794
20
34.787663
70
0
0
VERTEX
8
44.9
10
122.101456
20
34.145128
70
0
0
VERTEX
8
44.9
10
126.620045
20
33.665836
70
0
0
VERTEX
8
44.9
10
131.156971
20
33.350702
70
0
0
VERTEX
8
44.9
10
135.707642
20
33.200639
70
0
0
VERTEX
8
44.9
10
140.267469
20
33.216559
70
0
0
VERTEX
8
44.9
10
144.831861
20
33.399376
70
0
0
VERTEX
8
44.9
10
149.396227
20
33.750003
70
0
0
VERTEX
8
44.9
10
153.955977
20
34.269353
70
0
0
VERTEX
8
44.9
10
158.506520
20
34.958339
70
0
0
VERTEX
8
44.9
10
163.043266
20
35.817875
70
0
0
VERTEX
8
44.9
10
167.561624
20
36.848872
70
0
0
VERTEX
8
44.9
10
172.057004
20
38.052245
70
0
0
VERTEX
8
44.9
10
176.524815
20
39.428907
70
0
0
VERTEX
8
44.9
10
180.960467
20
40.979770
70
0
0
VERTEX
8
44.9
10
185.359369
20
42.705748
70
0
0
VERTEX
8
44.9
10
189.690313
20
44.595791
70
0
0
VERTEX
8
44.9
10
193.923419
20
46.635644
70
0
0
VERTEX
8
44.9
10
198.056085
20
48.821417
70
0
0
VERTEX
8
44.9
10
202.085712
20
51.149218
70
0
0
VERTEX
8
44.9
10
206.009699
20
53.615154
70
0
0
VERTEX
8
44.9
10
209.825446
20
56.215335
70
0
0
VERTEX
8
44.9
10
213.530353
20
58.945868
70
0
0
VERTEX
8
44.9
10
217.121819
20
61.802862
70
0
0
VERTEX
8
44.9
10
220.597244
20
64.782425
70
0
0
VERTEX
8
44.9
10
223.954027
20
67.880667
70
0
0
VERTEX
8
44.9
10
227.189569
20
71.093694
70
0
0
VERTEX
8
44.9
10
230.301269
20
74.417615
70
0
0
VERTEX
8
44.9
10
233.286526
20
77.848539
70
0
0
VERTEX
8
44.9
10
236.142741
20
81.382574
70
0
0
VERTEX
8
44.9
10
238.867313
20
85.015829
70
0
0
VERTEX
8
44.9
10
241.457642
20
88.744411
70
0
0
VERTEX
8
44.9
10
243.911126
20
92.564429
70
0
0
VERTEX
8
44.9
10
246.225167
20
96.471991
70
0
0
VERTEX
8
44.9
10
248.397164
20
100.463206
70
0
0
VERTEX
8
44.9
10
250.424516
20
104.534183
70
0
0
VERTEX
8
44.9
10
252.304623
20
108.681028
70
0
0
VERTEX
8
44.9
10
254.034885
20
112.899851
70
0
0
VERTEX
8
44.9
10
255.612701
20
117.186760
70
0
0
VERTEX
8
44.9
10
257.035471
20
121.537864
70
0
0
VERTEX
8
44.9
10
258.300595
20
125.949270
70
0
0
VERTEX
8
44.9
10
259.405472
20
130.417088
70
0
0
VERTEX
8
44.9
10
260.347503
20
134.937424
70
0
0
VERTEX
8
44.9
10
261.124086
20
139.506389
70
0
0
VERTEX
8
44.9
10
261.732622
20
144.120089
70
0
0
VERTEX
8
44.9
10
262.170509
20
148.774634
70
0
0
VERTEX
8
44.9
10
262.435149
20
153.466131
70
0
0
VERTEX
8
44.9
10
262.523940
20
158.190690
70
0
0
VERTEX
8
44.9
10
262.370316
20
164.389082
70
0
0
VERTEX
8
44.9
10
261.912273
20
170.545404
70
0
0
VERTEX
8
44.9
10
261.154056
20
176.649411
70
0
0
VERTEX
8
44.9
10
260.099907
20
182.690857
70
0
0
VERTEX
8
44.9
10
258.754072
20
188.659497
70
0
0
VERTEX
8
44.9
10
257.120793
20
194.545084
70
0
0
VERTEX
8
44.9
10
255.204315
20
200.337373
70
0
0
VERTEX
8
44.9
10
253.008882
20
206.026119
70
0
0
VERTEX
8
44.9
10
250.538737
20
211.601076
70
0
0
VERTEX
8
44.9
10
247.798124
20
217.051997
70
0
0
VERTEX
8
44.9
10
244.791288
20
222.368638
70
0
0
VERTEX
8
44.9
10
241.522472
20
227.540753
70
0
0
VERTEX
8
44.9
10
237.995920
20
232.558096
70
0
0
VERTEX
8
44.9
10
234.215876
20
237.410422
70
0
0
VERTEX
8
44.9
10
230.186584
20
242.087484
70
0
0
VERTEX
8
44.9
10
225.912288
20
246.579038
70
0
0
VERTEX
8
44.9
10
221.420734
20
250.853334
70
0
0
VERTEX
8
44.9
10
216.743672
20
254.882626
70
0
0
VERTEX
8
44.9
10
211.891346
20
258.662670
70
0
0
VERTEX
8
44.9
10
206.874003
20
262.189222
70
0
0
VERTEX
8
44.9
10
201.701888
20
265.458038
70
0
0
VERTEX
8
44.9
10
196.385247
20
268.464874
70
0
0
VERTEX
8
44.9
10
190.934326
20
271.205487
70
0
0
VERTEX
8
44.9
10
185.359369
20
273.675632
70
0
0
VERTEX
8
44.9
10
179.670623
20
275.871065
70
0
0
VERTEX
8
44.9
10
173.878334
20
277.787543
70
0
0
VERTEX
8
44.9
10
167.992747
20
279.420822
70
0
0
VERTEX
8
44.9
10
162.024107
20
280.766657
70
0
0
VERTEX
8
44.9
10
155.982661
20
281.820806
70
0
0
VERTEX
8
44.9
10
149.878654
20
282.579023
70
0
0
VERTEX
8
44.9
10
143.722332
20
283.037066
70
0
0
VERTEX
8
44.9
10
137.523940
20
283.190690
70
0
0
VERTEX
8
44.9
10
137.523940
20
283.190690
70
0
0
SEQEND
8
44.9
0
POLYLINE
8
44.9
62
170
70
0
10
0.000000
20
0.000000
66
1
0
VERTEX
8
44.9
10
135.089950
20
286.350946
70
0
0
VERTEX
8
44.9
10
134.359760
20
285.127764
70
0
0
VERTEX
8
44.9
10
135.089950
20
285.127764
70
0
0
VERTEX
8
44.9
10
135.089950
20
286.350946
70
0
0
SEQEND
8
44.9
0
POLYLINE
8
44.9
62
170
70
0
10
0.000000
20
0.000000
66
1
0
VERTEX
8
44.9
10
135.038750
20
286.636200
70
0
0
VERTEX
8
44.9
10
135.401520
20
286.636200
70
0
0
VERTEX
8
44.9
10
135.401520
20
285.127764
70
0
0
VERTEX
8
44.9
10
135.710030
20
285.127764
70
0
0
VERTEX
8
44.9
10
135.710030
20
284.873516
70
0
0
VERTEX
8
44.9
10
135.401520
20
284.873516
70
0
0
VERTEX
8
44.9
10
135.401520
20
284.321612
70
0
0
VERTEX
8
44.9
10
135.089910
20
284.321612
70
0
0
VERTEX
8
44.9
10
135.089910
20
284.873516
70
0
0
VERTEX
8
44.9
10
134.108580
20
284.873516
70
0
0
VERTEX
8
44.9
10
134.108580
20
285.169622
70
0
0
VERTEX
8
44.9
10
135.038750
20
286.636200
70
0
0
SEQEND
8
44.9
0
POLYLINE
8
44.9
62
170
70
0
10
0.000000
20
0.000000
66
1
0
VERTEX
8
44.9
10
137.001420
20
286.350946
70
0
0
VERTEX
8
44.9
10
136.271230
20
285.127764
70
0
0
VERTEX
8
44.9
10
137.001420
20
285.127764
70
0
0
VERTEX
8
44.9
10
137.001420
20
286.350946
70
0
0
SEQEND
8
44.9
0
POLYLINE
8
44.9
62
170
70
0
10
0.000000
20
0.000000
66
1
0
VERTEX
8
44.9
10
136.950300
20
286.636200
70
0
0
VERTEX
8
44.9
10
137.313070
20
286.636200
70
0
0
VERTEX
8
44.9
10
137.313070
20
285.127764
70
0
0
VERTEX
8
44.9
10
137.621580
20
285.127764
70
0
0
VERTEX
8
44.9
10
137.621580
20
284.873516
70
0
0
VERTEX
8
44.9
10
137.313070
20
284.873516
70
0
0
VERTEX
8
44.9
10
137.313070
20
284.321612
70
0
0
VERTEX
8
44.9
10
137.001460
20
284.321612
70
0
0
VERTEX
8
44.9
10
137.001460
20
284.873516
70
0
0
VERTEX
8
44.9
10
136.020130
20
284.873516
70
0
0
VERTEX
8
44.9
10
136.020130
20
285.169622
70
0
0
VERTEX
8
44.9
10
136.950300
20
286.636200
70
0
0
SEQEND
8
44.9
0
POLYLINE
8
44.9
62
170
70
0
10
0.000000
20
0.000000
66
1
0
VERTEX
8
44.9
10
138.531600
20
284.794452
70
0
0
VERTEX
8
44.9
10
138.922270
20
284.794452
70
0
0
VERTEX
8
44.9
10
138.922270
20
284.321612
70
0
0
VERTEX
8
44.9
10
138.531600
20
284.321612
70
0
0
VERTEX
8
44.9
10
138.531600
20
284.794452
70
0
0
SEQEND
8
44.9
0
POLYLINE
8
44.9
62
170
70
0
10
0.000000
20
0.000000
66
1
0
VERTEX
8
44.9
10
140.608990
20
285.347906
70
0
0
VERTEX
8
44.9
10
140.922150
20
285.492083
70
0
0
VERTEX
8
44.9
10
141.036870
20
285.890509
70
0
0
VERTEX
8
44.9
10
140.922150
20
286.288934
70
0
0
VERTEX
8
44.9
10
140.608990
20
286.433111
70
0
0
VERTEX
8
44.9
10
140.295830
20
286.295135
70
0
0
VERTEX
8
44.9
10
140.190410
20
285.890509
70
0
0
VERTEX
8
44.9
10
140.294280
20
285.484332
70
0
0
VERTEX
8
44.9
10
140.608990
20
285.347906
70
0
0
VERTEX
8
44.9
10
140.608990
20
285.347906
70
0
0
SEQEND
8
44.9
0
POLYLINE
8
44.9
62
170
70
0
10
0.000000
20
0.000000
66
1
0
VERTEX
8
44.9
10
140.050890
20
284.369671
70
0
0
VERTEX
8
44.9
10
140.050890
20
284.658026
70
0
0
VERTEX
8
44.9
10
140.258630
20
284.569656
70
0
0
VERTEX
8
44.9
10
140.488070
20
284.540196
70
0
0
VERTEX
8
44.9
10
140.937660
20
284.763439
70
0
0
VERTEX
8
44.9
10
141.091130
20
285.423863
70
0
0
VERTEX
8
44.9
10
140.886500
20
285.185118
70
0
0
VERTEX
8
44.9
10
140.584190
20
285.102958
70
0
0
VERTEX
8
44.9
10
140.064840
20
285.309147
70
0
0
VERTEX
8
44.9
10
139.881910
20
285.893607
70
0
0
VERTEX
8
44.9
10
140.069490
20
286.471866
70
0
0
VERTEX
8
44.9
10
140.602790
20
286.678055
70
0
0
VERTEX
8
44.9
10
140.951995
20
286.605579
70
0
0
VERTEX
8
44.9
10
141.193450
20
286.388151
70
0
0
VERTEX
8
44.9
10
141.381040
20
285.476578
70
0
0
VERTEX
8
44.9
10
141.154700
20
284.583610
70
0
0
VERTEX
8
44.9
10
140.878743
20
284.353392
70
0
0
VERTEX
8
44.9
10
140.500470
20
284.276652
70
0
0
VERTEX
8
44.9
10
140.272580
20
284.301452
70
0
0
VERTEX
8
44.9
10
140.050890
20
284.369662
70
0
0
VERTEX
8
44.9
10
140.050890
20
284.369671
70
0
0
SEQEND
8
44.9
0
POLYLINE
8
Sketch
62
7
70
0
10
0.000000
20
0.000000
66
1
0
VERTEX
8
Sketch
10
111.988399
20
25.144395
70
0
0
VERTEX
8
Sketch
10
111.871080
20
25.426940
70
0
0
VERTEX
8
Sketch
10
111.588400
20
25.543934
70
0
0
VERTEX
8
Sketch
10
111.305720
20
25.426940
70
0
0
VERTEX
8
Sketch
10
111.188401
20
25.144395
70
0
0
VERTEX
8
Sketch
10
111.305720
20
24.861850
70
0
0
VERTEX
8
Sketch
10
111.588400
20
24.744855
70
0
0
VERTEX
8
Sketch
10
111.871080
20
24.861850
70
0
0
VERTEX
8
Sketch
10
111.988399
20
25.144395
70
0
0
VERTEX
8
Sketch
10
111.988399
20
25.144395
70
0
0
SEQEND
8
Sketch
0
POLYLINE
8
Sketch
62
7
70
0
10
0.000000
20
0.000000
66
1
0
VERTEX
8
Sketch
10
114.489809
20
24.703335
70
0
0
VERTEX
8
Sketch
10
114.289809
20
25.049746
70
0
0
VERTEX
8
Sketch
10
113.889808
20
25.049746
70
0
0
VERTEX
8
Sketch
10
113.689808
20
24.703335
70
0
0
VERTEX
8
Sketch
10
113.889808
20
24.356924
70
0
0
VERTEX
8
Sketch
10
114.289809
20
24.356924
70
0
0
VERTEX
8
Sketch
10
114.489809
20
24.703335
70
0
0
VERTEX
8
Sketch
10
114.489809
20
24.703335
70
0
0
SEQEND
8
Sketch
0
POLYLINE
8
Sketch
62
7
70
0
10
0.000000
20
0.000000
66
1
0
VERTEX
8
Sketch
10
116.991217
20
24.262275
70
0
0
VERTEX
8
Sketch
10
116.873897
20
24.544820
70
0
0
VERTEX
8
Sketch
10
116.591217
20
24.661815
70
0
0
VERTEX
8
Sketch
10
116.308538
20
24.544820
70
0
0
VERTEX
8
Sketch
10
116.191218
20
24.262275
70
0
0
VERTEX
8
Sketch
10
116.308538
20
23.979730
70
0
0
VERTEX
8
Sketch
10
116.591217
20
23.862736
70
0
0
VERTEX
8
Sketch
10
116.873897
20
23.979730
70
0
0
VERTEX
8
Sketch
10
116.991217
20
24.262275
70
0
0
VERTEX
8
Sketch
10
116.991217
20
24.262275
70
0
0
SEQEND
8
Sketch
0
POLYLINE
8
Sketch
62
7
70
0
10
0.000000
20
0.000000
66
1
0
VERTEX
8
Sketch
10
119.492624
20
23.821215
70
0
0
VERTEX
8
Sketch
10
119.375304
20
24.103760
70
0
0
VERTEX
8
Sketch
10
119.092625
20
24.220755
70
0
0
VERTEX
8
Sketch
10
118.809945
20
24.103760
70
0
0
VERTEX
8
Sketch
10
118.692626
20
23.821215
70
0
0
VERTEX
8
Sketch
10
118.809945
20
23.538670
70
0
0
VERTEX
8
Sketch
10
119.092625
20
23.421676
70
0
0
VERTEX
8
Sketch
10
119.375304
20
23.538670
70
0
0
VERTEX
8
Sketch
10
119.492624
20
23.821215
70
0
0
VERTEX
8
Sketch
10
119.492624
20
23.821215
70
0
0
SEQEND
8
Sketch
0
POLYLINE
8
Sketch
62
7
70
0
10
0.000000
20
0.000000
66
1
0
VERTEX
8
Sketch
10
121.994034
20
23.380155
70
0
0
VERTEX
8
Sketch
10
121.876714
20
23.662700
70
0
0
VERTEX
8
Sketch
10
121.594035
20
23.779695
70
0
0
VERTEX
8
Sketch
10
121.311355
20
23.662700
70
0
0
VERTEX
8
Sketch
10
121.194036
20
23.380155
70
0
0
VERTEX
8
Sketch
10
121.311355
20
23.097611
70
0
0
VERTEX
8
Sketch
10
121.594035
20
22.980616
70
0
0
VERTEX
8
Sketch
10
121.876714
20
23.097611
70
0
0
VERTEX
8
Sketch
10
121.994034
20
23.380155
70
0
0
VERTEX
8
Sketch
10
121.994034
20
23.380155
70
0
0
SEQEND
8
Sketch
0
POLYLINE
8
Sketch
62
7
70
0
10
0.000000
20
0.000000
66
1
0
VERTEX
8
Sketch
10
142.802995
20
19.710971
70
0
0
VERTEX
8
Sketch
10
142.602995
20
20.057381
70
0
0
VERTEX
8
Sketch
10
142.202996
20
20.057381
70
0
0
VERTEX
8
Sketch
10
142.002996
20
19.710971
70
0
0
VERTEX
8
Sketch
10
142.202996
20
19.364562
70
0
0
VERTEX
8
Sketch
10
142.602995
20
19.364562
70
0
0
VERTEX
8
Sketch
10
142.802995
20
19.710971
70
0
0
VERTEX
8
Sketch
10
142.802995
20
19.710971
70
0
0
SEQEND
8
Sketch
0
POLYLINE
8
Sketch
62
7
70
0
10
0.000000
20
0.000000
66
1
0
VERTEX
8
Sketch
10
145.304404
20
19.269885
70
0
0
VERTEX
8
Sketch
10
145.104404
20
19.616295
70
0
0
VERTEX
8
Sketch
10
144.704404
20
19.616295
70
0
0
VERTEX
8
Sketch
10
144.504405
20
19.269885
70
0
0
VERTEX
8
Sketch
10
144.704404
20
18.923475
70
0
0
VERTEX
8
Sketch
10
145.104404
20
18.923475
70
0
0
VERTEX
8
Sketch
10
145.304404
20
19.269885
70
0
0
VERTEX
8
Sketch
10
145.304404
20
19.269885
70
0
0
SEQEND
8
Sketch
0
POLYLINE
8
Sketch
62
7
70
0
10
0.000000
20
0.000000
66
1
0
VERTEX
8
Sketch
10
150.307221
20
18.387765
70
0
0
VERTEX
8
Sketch
10
150.107221
20
18.734175
70
0
0
VERTEX
8
Sketch
10
149.707221
20
18.734175
70
0
0
VERTEX
8
Sketch
10
149.507222
20
18.387765
70
0
0
VERTEX
8
Sketch
10
149.707221
20
18.041356
70
0
0
VERTEX
8
Sketch
10
150.107221
20
18.041356
70
0
0
VERTEX
8
Sketch
10
150.307221
20
18.387765
70
0
0
VERTEX
8
Sketch
10
150.307221
20
18.387765
70
0
0
SEQEND
8
Sketch
0
POLYLINE
8
Sketch
62
7
70
0
10
0.000000
20
0.000000
66
1
0
VERTEX
8
Sketch
10
147.805812
20
18.828825
70
0
0
VERTEX
8
Sketch
10
147.605812
20
19.175235
70
0
0
VERTEX
8
Sketch
10
147.205813
20
19.175235
70
0
0
VERTEX
8
Sketch
10
147.005813
20
18.828825
70
0
0
VERTEX
8
Sketch
10
147.205813
20
18.482415
70
0
0
VERTEX
8
Sketch
10
147.605812
20
18.482415
70
0
0
VERTEX
8
Sketch
10
147.805812
20
18.828825
70
0
0
VERTEX
8
Sketch
10
147.805812
20
18.828825
70
0
0
SEQEND
8
Sketch
0
POLYLINE
8
Sketch
62
7
70
0
10
0.000000
20
0.000000
66
1
0
VERTEX
8
Sketch
10
152.808629
20
17.946705
70
0
0
VERTEX
8
Sketch
10
152.608630
20
18.293115
70
0
0
VERTEX
8
Sketch
10
152.208630
20
18.293115
70
0
0
VERTEX
8
Sketch
10
152.008630
20
17.946705
70
0
0
VERTEX
8
Sketch
10
152.208630
20
17.600296
70
0
0
VERTEX
8
Sketch
10
152.608630
20
17.600296
70
0
0
VERTEX
8
Sketch
10
152.808629
20
17.946705
70
0
0
VERTEX
8
Sketch
10
152.808629
20
17.946705
70
0
0
SEQEND
8
Sketch
0
POLYLINE
8
Sketch
62
7
70
0
10
0.000000
20
0.000000
66
1
0
VERTEX
8
Sketch
10
72.108963
20
47.466813
70
0
0
VERTEX
8
Sketch
10
71.991643
20
47.749358
70
0
0
VERTEX
8
Sketch
10
71.708963
20
47.866352
70
0
0
VERTEX
8
Sketch
10
71.426284
20
47.749358
70
0
0
VERTEX
8
Sketch
10
71.308964
20
47.466813
70
0
0
VERTEX
8
Sketch
10
71.426284
20
47.184268
70
0
0
VERTEX
8
Sketch
10
71.708963
20
47.067273
70
0
0
VERTEX
8
Sketch
10
71.991643
20
47.184268
70
0
0
VERTEX
8
Sketch
10
72.108963
20
47.466813
70
0
0
VERTEX
8
Sketch
10
72.108963
20
47.466813
70
0
0
SEQEND
8
Sketch
0
POLYLINE
8
Sketch
62
7
70
0
10
0.000000
20
0.000000
66
1
0
VERTEX
8
Sketch
10
74.308663
20
46.196814
70
0
0
VERTEX
8
Sketch
10
74.191344
20
46.479359
70
0
0
VERTEX
8
Sketch
10
73.908664
20
46.596354
70
0
0
VERTEX
8
Sketch
10
73.625984
20
46.479359
70
0
0
VERTEX
8
Sketch
10
73.508665
20
46.196814
70
0
0
VERTEX
8
Sketch
10
73.625984
20
45.914269
70
0
0
VERTEX
8
Sketch
10
73.908664
20
45.797275
70
0
0
VERTEX
8
Sketch
10
74.191344
20
45.914269
70
0
0
VERTEX
8
Sketch
10
74.308663
20
46.196814
70
0
0
VERTEX
8
Sketch
10
74.308663
20
46.196814
70
0
0
SEQEND
8
Sketch
0
POLYLINE
8
Sketch
62
7
70
0
10
0.000000
20
0.000000
66
1
0
VERTEX
8
Sketch
10
76.508364
20
44.926816
70
0
0
VERTEX
8
Sketch
10
76.391044
20
45.209361
70
0
0
VERTEX
8
Sketch
10
76.108365
20
45.326355
70
0
0
VERTEX
8
Sketch
10
75.825685
20
45.209361
70
0
0
VERTEX
8
Sketch
10
75.708366
20
44.926816
70
0
0
VERTEX
8
Sketch
10
75.825685
20
44.644271
70
0
0
VERTEX
8
Sketch
10
76.108365
20
44.527277
70
0
0
VERTEX
8
Sketch
10
76.391044
20
44.644271
70
0
0
VERTEX
8
Sketch
10
76.508364
20
44.926816
70
0
0
VERTEX
8
Sketch
10
76.508364
20
44.926816
70
0
0
SEQEND
8
Sketch
0
POLYLINE
8
Sketch
62
7
70
0
10
0.000000
20
0.000000
66
1
0
VERTEX
8
Sketch
10
78.708067
20
43.656818
70
0
0
VERTEX
8
Sketch
10
78.590748
20
43.939362
70
0
0
VERTEX
8
Sketch
10
78.308068
20
44.056357
70
0
0
VERTEX
8
Sketch
10
78.025388
20
43.939362
70
0
0
VERTEX
8
Sketch
10
77.908069
20
43.656818
70
0
0
VERTEX
8
Sketch
10
78.025388
20
43.374273
70
0
0
VERTEX
8
Sketch
10
78.308068
20
43.257278
70
0
0
VERTEX
8
Sketch
10
78.590748
20
43.374273
70
0
0
VERTEX
8
Sketch
10
78.708067
20
43.656818
70
0
0
VERTEX
8
Sketch
10
78.708067
20
43.656818
70
0
0
SEQEND
8
Sketch
0
POLYLINE
8
Sketch
62
7
70
0
10
0.000000
20
0.000000
66
1
0
VERTEX
8
Sketch
10
80.907768
20
42.386819
70
0
0
VERTEX
8
Sketch
10
80.790449
20
42.669364
70
0
0
VERTEX
8
Sketch
10
80.507769
20
42.786359
70
0
0
VERTEX
8
Sketch
10
80.225089
20
42.669364
70
0
0
VERTEX
8
Sketch
10
80.107770
20
42.386819
70
0
0
VERTEX
8
Sketch
10
80.225089
20
42.104274
70
0
0
VERTEX
8
Sketch
10
80.507769
20
41.987280
70
0
0
VERTEX
8
Sketch
10
80.790449
20
42.104274
70
0
0
VERTEX
8
Sketch
10
80.907768
20
42.386819
70
0
0
VERTEX
8
Sketch
10
80.907768
20
42.386819
70
0
0
SEQEND
8
Sketch
0
POLYLINE
8
Sketch
62
7
70
0
10
0.000000
20
0.000000
66
1
0
VERTEX
8
Sketch
10
99.206863
20
31.821835
70
0
0
VERTEX
8
Sketch
10
99.089507
20
32.104313
70
0
0
VERTEX
8
Sketch
10
98.806864
20
32.221271
70
0
0
VERTEX
8
Sketch
10
98.524220
20
32.104313
70
0
0
VERTEX
8
Sketch
10
98.406864
20
31.821835
70
0
0
VERTEX
8
Sketch
10
98.524220
20
31.539357
70
0
0
VERTEX
8
Sketch
10
98.806864
20
31.422399
70
0
0
VERTEX
8
Sketch
10
99.089507
20
31.539357
70
0
0
VERTEX
8
Sketch
10
99.206863
20
31.821835
70
0
0
VERTEX
8
Sketch
10
99.206863
20
31.821835
70
0
0
SEQEND
8
Sketch
0
POLYLINE
8
Sketch
62
7
70
0
10
0.000000
20
0.000000
66
1
0
VERTEX
8
Sketch
10
101.406564
20
30.551836
70
0
0
VERTEX
8
Sketch
10
101.289244
20
30.834381
70
0
0
VERTEX
8
Sketch
10
101.006564
20
30.951376
70
0
0
VERTEX
8
Sketch
10
100.723885
20
30.834381
70
0
0
VERTEX
8
Sketch
10
100.606565
20
30.551836
70
0
0
VERTEX
8
Sketch
10
100.723885
20
30.269291
70
0
0
VERTEX
8
Sketch
10
101.006564
20
30.152297
70
0
0
VERTEX
8
Sketch
10
101.289244
20
30.269291
70
0
0
VERTEX
8
Sketch
10
101.406564
20
30.551836
70
0
0
VERTEX
8
Sketch
10
101.406564
20
30.551836
70
0
0
SEQEND
8
Sketch
0
POLYLINE
8
Sketch
62
7
70
0
10
0.000000
20
0.000000
66
1
0
VERTEX
8
Sketch
10
105.805968
20
28.011840
70
0
0
VERTEX
8
Sketch
10
105.688648
20
28.294384
70
0
0
VERTEX
8
Sketch
10
105.405968
20
28.411379
70
0
0
VERTEX
8
Sketch
10
105.123289
20
28.294384
70
0
0
VERTEX
8
Sketch
10
105.005969
20
28.011840
70
0
0
VERTEX
8
Sketch
10
105.123289
20
27.729295
70
0
0
VERTEX
8
Sketch
10
105.405968
20
27.612300
70
0
0
VERTEX
8
Sketch
10
105.688648
20
27.729295
70
0
0
VERTEX
8
Sketch
10
105.805968
20
28.011840
70
0
0
VERTEX
8
Sketch
10
105.805968
20
28.011840
70
0
0
SEQEND
8
Sketch
0
POLYLINE
8
Sketch
62
7
70
0
10
0.000000
20
0.000000
66
1
0
VERTEX
8
Sketch
10
103.606267
20
29.281838
70
0
0
VERTEX
8
Sketch
10
103.406267
20
29.628249
70
0
0
VERTEX
8
Sketch
10
103.006266
20
29.628249
70
0
0
VERTEX
8
Sketch
10
102.806266
20
29.281838
70
0
0
VERTEX
8
Sketch
10
103.006266
20
28.935427
70
0
0
VERTEX
8
Sketch
10
103.406267
20
28.935427
70
0
0
VERTEX
8
Sketch
10
103.606267
20
29.281838
70
0
0
VERTEX
8
Sketch
10
103.606267
20
29.281838
70
0
0
SEQEND
8
Sketch
0
POLYLINE
8
Sketch
62
7
70
0
10
0.000000
20
0.000000
66
1
0
VERTEX
8
Sketch
10
108.005668
20
26.741841
70
0
0
VERTEX
8
Sketch
10
107.888349
20
27.024386
70
0
0
VERTEX
8
Sketch
10
107.605669
20
27.141381
70
0
0
VERTEX
8
Sketch
10
107.322990
20
27.024386
70
0
0
VERTEX
8
Sketch
10
107.205670
20
26.741841
70
0
0
VERTEX
8
Sketch
10
107.322990
20
26.459296
70
0
0
VERTEX
8
Sketch
10
107.605669
20
26.342302
70
0
0
VERTEX
8
Sketch
10
107.888349
20
26.459296
70
0
0
VERTEX
8
Sketch
10
108.005668
20
26.741841
70
0
0
VERTEX
8
Sketch
10
108.005668
20
26.741841
70
0
0
SEQEND
8
Sketch
0
POLYLINE
8
Sketch
62
7
70
0
10
0.000000
20
0.000000
66
1
0
VERTEX
8
Sketch
10
42.269260
20
82.082577
70
0
0
VERTEX
8
Sketch
10
42.069260
20
82.428988
70
0
0
VERTEX
8
Sketch
10
41.669259
20
82.428988
70
0
0
VERTEX
8
Sketch
10
41.469259
20
82.082577
70
0
0
VERTEX
8
Sketch
10
41.669259
20
81.736166
70
0
0
VERTEX
8
Sketch
10
42.069260
20
81.736166
70
0
0
VERTEX
8
Sketch
10
42.269260
20
82.082577
70
0
0
VERTEX
8
Sketch
10
42.269260
20
82.082577
70
0
0
SEQEND
8
Sketch
0
POLYLINE
8
Sketch
62
7
70
0
10
0.000000
20
0.000000
66
1
0
VERTEX
8
Sketch
10
43.901938
20
80.136834
70
0
0
VERTEX
8
Sketch
10
43.784619
20
80.419379
70
0
0
VERTEX
8
Sketch
10
43.501939
20
80.536373
70
0
0
VERTEX
8
Sketch
10
43.219259
20
80.419379
70
0
0
VERTEX
8
Sketch
10
43.101940
20
80.136834
70
0
0
VERTEX
8
Sketch
10
43.219259
20
79.854289
70
0
0
VERTEX
8
Sketch
10
43.501939
20
79.737294
70
0
0
VERTEX
8
Sketch
10
43.784619
20
79.854289
70
0
0
VERTEX
8
Sketch
10
43.901938
20
80.136834
70
0
0
VERTEX
8
Sketch
10
43.901938
20
80.136834
70
0
0
SEQEND
8
Sketch
0
POLYLINE
8
Sketch
62
7
70
0
10
0.000000
20
0.000000
66
1
0
VERTEX
8
Sketch
10
45.534616
20
78.191064
70
0
0
VERTEX
8
Sketch
10
45.417297
20
78.473609
70
0
0
VERTEX
8
Sketch
10
45.134617
20
78.590603
70
0
0
VERTEX
8
Sketch
10
44.851938
20
78.473609
70
0
0
VERTEX
8
Sketch
10
44.734618
20
78.191064
70
0
0
VERTEX
8
Sketch
10
44.851938
20
77.908519
70
0
0
VERTEX
8
Sketch
10
45.134617
20
77.791524
70
0
0
VERTEX
8
Sketch
10
45.417297
20
77.908519
70
0
0
VERTEX
8
Sketch
10
45.534616
20
78.191064
70
0
0
VERTEX
8
Sketch
10
45.534616
20
78.191064
70
0
0
SEQEND
8
Sketch
0
POLYLINE
8
Sketch
62
7
70
0
10
0.000000
20
0.000000
66
1
0
VERTEX
8
Sketch
10
47.167295
20
76.245320
70
0
0
VERTEX
8
Sketch
10
47.049975
20
76.527865
70
0
0
VERTEX
8
Sketch
10
46.767295
20
76.644860
70
0
0
VERTEX
8
Sketch
10
46.484616
20
76.527865
70
0
0
VERTEX
8
Sketch
10
46.367296
20
76.245320
70
0
0
VERTEX
8
Sketch
10
46.484616
20
75.962776
70
0
0
VERTEX
8
Sketch
10
46.767295
20
75.845781
70
0
0
VERTEX
8
Sketch
10
47.049975
20
75.962776
70
0
0
VERTEX
8
Sketch
10
47.167295
20
76.245320
70
0
0
VERTEX
8
Sketch
10
47.167295
20
76.245320
70
0
0
SEQEND
8
Sketch
0
POLYLINE
8
Sketch
62
7
70
0
10
0.000000
20
0.000000
66
1
0
VERTEX
8
Sketch
10
48.799973
20
74.299577
70
0
0
VERTEX
8
Sketch
10
48.682653
20
74.582122
70
0
0
VERTEX
8
Sketch
10
48.399974
20
74.699117
70
0
0
VERTEX
8
Sketch
10
48.117294
20
74.582122
70
0
0
VERTEX
8
Sketch
10
47.999974
20
74.299577
70
0
0
VERTEX
8
Sketch
10
48.117294
20
74.017032
70
0
0
VERTEX
8
Sketch
10
48.399974
20
73.900038
70
0
0
VERTEX
8
Sketch
10
48.682653
20
74.017032
70
0
0
VERTEX
8
Sketch
10
48.799973
20
74.299577
70
0
0
VERTEX
8
Sketch
10
48.799973
20
74.299577
70
0
0
SEQEND
8
Sketch
0
POLYLINE
8
Sketch
62
7
70
0
10
0.000000
20
0.000000
66
1
0
VERTEX
8
Sketch
10
62.382058
20
58.113077
70
0
0
VERTEX
8
Sketch
10
62.264738
20
58.395622
70
0
0
VERTEX
8
Sketch
10
61.982059
20
58.512617
70
0
0
VERTEX
8
Sketch
10
61.699379
20
58.395622
70
0
0
VERTEX
8
Sketch
10
61.582060
20
58.113077
70
0
0
VERTEX
8
Sketch
10
61.699379
20
57.830532
70
0
0
VERTEX
8
Sketch
10
61.982059
20
57.713538
70
0
0
VERTEX
8
Sketch
10
62.264738
20
57.830532
70
0
0
VERTEX
8
Sketch
10
62.382058
20
58.113077
70
0
0
VERTEX
8
Sketch
10
62.382058
20
58.113077
70
0
0
SEQEND
8
Sketch
0
POLYLINE
8
Sketch
62
7
70
0
10
0.000000
20
0.000000
66
1
0
VERTEX
8
Sketch
10
64.014736
20
56.167334
70
0
0
VERTEX
8
Sketch
10
63.897417
20
56.449879
70
0
0
VERTEX
8
Sketch
10
63.614737
20
56.566873
70
0
0
VERTEX
8
Sketch
10
63.332057
20
56.449879
70
0
0
VERTEX
8
Sketch
10
63.214738
20
56.167334
70
0
0
VERTEX
8
Sketch
10
63.332057
20
55.884789
70
0
0
VERTEX
8
Sketch
10
63.614737
20
55.767794
70
0
0
VERTEX
8
Sketch
10
63.897417
20
55.884789
70
0
0
VERTEX
8
Sketch
10
64.014736
20
56.167334
70
0
0
VERTEX
8
Sketch
10
64.014736
20
56.167334
70
0
0
SEQEND
8
Sketch
0
POLYLINE
8
Sketch
62
7
70
0
10
0.000000
20
0.000000
66
1
0
VERTEX
8
Sketch
10
67.280093
20
52.275820
70
0
0
VERTEX
8
Sketch
10
67.162773
20
52.558365
70
0
0
VERTEX
8
Sketch
10
66.880093
20
52.675360
70
0
0
VERTEX
8
Sketch
10
66.597414
20
52.558365
70
0
0
VERTEX
8
Sketch
10
66.480094
20
52.275820
70
0
0
VERTEX
8
Sketch
10
66.597414
20
51.993276
70
0
0
VERTEX
8
Sketch
10
66.880093
20
51.876281
70
0
0
VERTEX
8
Sketch
10
67.162773
20
51.993276
70
0
0
VERTEX
8
Sketch
10
67.280093
20
52.275820
70
0
0
VERTEX
8
Sketch
10
67.280093
20
52.275820
70
0
0
SEQEND
8
Sketch
0
POLYLINE
8
Sketch
62
7
70
0
10
0.000000
20
0.000000
66
1
0
VERTEX
8
Sketch
10
65.647414
20
54.221564
70
0
0
VERTEX
8
Sketch
10
65.530095
20
54.504109
70
0
0
VERTEX
8
Sketch
10
65.247415
20
54.621103
70
0
0
VERTEX
8
Sketch
10
64.964736
20
54.504109
70
0
0
VERTEX
8
Sketch
10
64.847416
20
54.221564
70
0
0
VERTEX
8
Sketch
10
64.964736
20
53.939019
70
0
0
VERTEX
8
Sketch
10
65.247415
20
53.822024
70
0
0
VERTEX
8
Sketch
10
65.530095
20
53.939019
70
0
0
VERTEX
8
Sketch
10
65.647414
20
54.221564
70
0
0
VERTEX
8
Sketch
10
65.647414
20
54.221564
70
0
0
SEQEND
8
Sketch
0
POLYLINE
8
Sketch
62
7
70
0
10
0.000000
20
0.000000
66
1
0
VERTEX
8
Sketch
10
68.912773
20
50.330077
70
0
0
VERTEX
8
Sketch
10
68.712773
20
50.676488
70
0
0
VERTEX
8
Sketch
10
68.312773
20
50.676488
70
0
0
VERTEX
8
Sketch
10
68.112772
20
50.330077
70
0
0
VERTEX
8
Sketch
10
68.312773
20
49.983666
70
0
0
VERTEX
8
Sketch
10
68.712773
20
49.983666
70
0
0
VERTEX
8
Sketch
10
68.912773
20
50.330077
70
0
0
VERTEX
8
Sketch
10
68.912773
20
50.330077
70
0
0
SEQEND
8
Sketch
0
POLYLINE
8
Sketch
62
7
70
0
10
0.000000
20
0.000000
66
1
0
VERTEX
8
Sketch
10
26.068401
20
124.816542
70
0
0
VERTEX
8
Sketch
10
25.951082
20
125.099086
70
0
0
VERTEX
8
Sketch
10
25.668402
20
125.216081
70
0
0
VERTEX
8
Sketch
10
25.385722
20
125.099086
70
0
0
VERTEX
8
Sketch
10
25.268403
20
124.816542
70
0
0
VERTEX
8
Sketch
10
25.385722
20
124.533997
70
0
0
VERTEX
8
Sketch
10
25.668402
20
124.417002
70
0
0
VERTEX
8
Sketch
10
25.951082
20
124.533997
70
0
0
VERTEX
8
Sketch
10
26.068401
20
124.816542
70
0
0
VERTEX
8
Sketch
10
26.068401
20
124.816542
70
0
0
SEQEND
8
Sketch
0
POLYLINE
8
Sketch
62
7
70
0
10
0.000000
20
0.000000
66
1
0
VERTEX
8
Sketch
10
26.937130
20
122.429712
70
0
0
VERTEX
8
Sketch
10
26.819811
20
122.712257
70
0
0
VERTEX
8
Sketch
10
26.537131
20
122.829251
70
0
0
VERTEX
8
Sketch
10
26.254451
20
122.712257
70
0
0
VERTEX
8
Sketch
10
26.137132
20
122.429712
70
0
0
VERTEX
8
Sketch
10
26.254451
20
122.147167
70
0
0
VERTEX
8
Sketch
10
26.537131
20
122.030172
70
0
0
VERTEX
8
Sketch
10
26.819811
20
122.147167
70
0
0
VERTEX
8
Sketch
10
26.937130
20
122.429712
70
0
0
VERTEX
8
Sketch
10
26.937130
20
122.429712
70
0
0
SEQEND
8
Sketch
0
POLYLINE
8
Sketch
62
7
70
0
10
0.000000
20
0.000000
66
1
0
VERTEX
8
Sketch
10
27.805862
20
120.042909
70
0
0
VERTEX
8
Sketch
10
27.605862
20
120.389319
70
0
0
VERTEX
8
Sketch
10
27.205861
20
120.389319
70
0
0
VERTEX
8
Sketch
10
27.005861
20
120.042909
70
0
0
VERTEX
8
Sketch
10
27.205861
20
119.696498
70
0
0
VERTEX
8
Sketch
10
27.605862
20
119.696498
70
0
0
VERTEX
8
Sketch
10
27.805862
20
120.042909
70
0
0
VERTEX
8
Sketch
10
27.805862
20
120.042909
70
0
0
SEQEND
8
Sketch
0
POLYLINE
8
Sketch
62
7
70
0
10
0.000000
20
0.000000
66
1
0
VERTEX
8
Sketch
10
28.674591
20
117.656079
70
0
0
VERTEX
8
Sketch
10
28.557272
20
117.938624
70
0
0
VERTEX
8
Sketch
10
28.274592
20
118.055618
70
0
0
VERTEX
8
Sketch
10
27.991912
20
117.938624
70
0
0
VERTEX
8
Sketch
10
27.874593
20
117.656079
70
0
0
VERTEX
8
Sketch
10
27.991912
20
117.373534
70
0
0
VERTEX
8
Sketch
10
28.274592
20
117.256540
70
0
0
VERTEX
8
Sketch
10
28.557272
20
117.373534
70
0
0
VERTEX
8
Sketch
10
28.674591
20
117.656079
70
0
0
VERTEX
8
Sketch
10
28.674591
20
117.656079
70
0
0
SEQEND
8
Sketch
0
POLYLINE
8
Sketch
62
7
70
0
10
0.000000
20
0.000000
66
1
0
VERTEX
8
Sketch
10
29.543323
20
115.269276
70
0
0
VERTEX
8
Sketch
10
29.343323
20
115.615686
70
0
0
VERTEX
8
Sketch
10
28.943322
20
115.615686
70
0
0
VERTEX
8
Sketch
10
28.743322
20
115.269276
70
0
0
VERTEX
8
Sketch
10
28.943322
20
114.922865
70
0
0
VERTEX
8
Sketch
10
29.343323
20
114.922865
70
0
0
VERTEX
8
Sketch
10
29.543323
20
115.269276
70
0
0
VERTEX
8
Sketch
10
29.543323
20
115.269276
70
0
0
SEQEND
8
Sketch
0
POLYLINE
8
Sketch
62
7
70
0
10
0.000000
20
0.000000
66
1
0
VERTEX
8
Sketch
10
36.770199
20
95.413592
70
0
0
VERTEX
8
Sketch
10
36.570198
20
95.760002
70
0
0
VERTEX
8
Sketch
10
36.170198
20
95.760002
70
0
0
VERTEX
8
Sketch
10
35.970198
20
95.413592
70
0
0
VERTEX
8
Sketch
10
36.170198
20
95.067181
70
0
0
VERTEX
8
Sketch
10
36.570198
20
95.067181
70
0
0
VERTEX
8
Sketch
10
36.770199
20
95.413592
70
0
0
VERTEX
8
Sketch
10
36.770199
20
95.413592
70
0
0
SEQEND
8
Sketch
0
POLYLINE
8
Sketch
62
7
70
0
10
0.000000
20
0.000000
66
1
0
VERTEX
8
Sketch
10
37.638928
20
93.026788
70
0
0
VERTEX
8
Sketch
10
37.521608
20
93.309333
70
0
0
VERTEX
8
Sketch
10
37.238929
20
93.426328
70
0
0
VERTEX
8
Sketch
10
36.956249
20
93.309333
70
0
0
VERTEX
8
Sketch
10
36.838929
20
93.026788
70
0
0
VERTEX
8
Sketch
10
36.956249
20
92.744243
70
0
0
VERTEX
8
Sketch
10
37.238929
20
92.627249
70
0
0
VERTEX
8
Sketch
10
37.521608
20
92.744243
70
0
0
VERTEX
8
Sketch
10
37.638928
20
93.026788
70
0
0
VERTEX
8
Sketch
10
37.638928
20
93.026788
70
0
0
SEQEND
8
Sketch
0
POLYLINE
8
Sketch
62
7
70
0
10
0.000000
20
0.000000
66
1
0
VERTEX
8
Sketch
10
39.376389
20
88.253155
70
0
0
VERTEX
8
Sketch
10
39.259069
20
88.535700
70
0
0
VERTEX
8
Sketch
10
38.976390
20
88.652695
70
0
0
VERTEX
8
Sketch
10
38.693710
20
88.535700
70
0
0
VERTEX
8
Sketch
10
38.576390
20
88.253155
70
0
0
VERTEX
8
Sketch
10
38.693710
20
87.970610
70
0
0
VERTEX
8
Sketch
10
38.976390
20
87.853616
70
0
0
VERTEX
8
Sketch
10
39.259069
20
87.970610
70
0
0
VERTEX
8
Sketch
10
39.376389
20
88.253155
70
0
0
VERTEX
8
Sketch
10
39.376389
20
88.253155
70
0
0
SEQEND
8
Sketch
0
POLYLINE
8
Sketch
62
7
70
0
10
0.000000
20
0.000000
66
1
0
VERTEX
8
Sketch
10
38.507660
20
90.639959
70
0
0
VERTEX
8
Sketch
10
38.307659
20
90.986369
70
0
0
VERTEX
8
Sketch
10
37.907659
20
90.986369
70
0
0
VERTEX
8
Sketch
10
37.707659
20
90.639959
70
0
0
VERTEX
8
Sketch
10
37.907659
20
90.293548
70
0
0
VERTEX
8
Sketch
10
38.307659
20
90.293548
70
0
0
VERTEX
8
Sketch
10
38.507660
20
90.639959
70
0
0
VERTEX
8
Sketch
10
38.507660
20
90.639959
70
0
0
SEQEND
8
Sketch
0
POLYLINE
8
Sketch
62
7
70
0
10
0.000000
20
0.000000
66
1
0
VERTEX
8
Sketch
10
40.245118
20
85.866326
70
0
0
VERTEX
8
Sketch
10
40.127798
20
86.148871
70
0
0
VERTEX
8
Sketch
10
39.845119
20
86.265865
70
0
0
VERTEX
8
Sketch
10
39.562439
20
86.148871
70
0
0
VERTEX
8
Sketch
10
39.445120
20
85.866326
70
0
0
VERTEX
8
Sketch
10
39.562439
20
85.583781
70
0
0
VERTEX
8
Sketch
10
39.845119
20
85.466786
70
0
0
VERTEX
8
Sketch
10
40.127798
20
85.583781
70
0
0
VERTEX
8
Sketch
10
40.245118
20
85.866326
70
0
0
VERTEX
8
Sketch
10
40.245118
20
85.866326
70
0
0
SEQEND
8
Sketch
0
POLYLINE
8
Sketch
62
7
70
0
10
0.000000
20
0.000000
66
1
0
VERTEX
8
Sketch
10
25.460450
20
170.514338
70
0
0
VERTEX
8
Sketch
10
25.343131
20
170.796883
70
0
0
VERTEX
8
Sketch
10
25.060451
20
170.913878
70
0
0
VERTEX
8
Sketch
10
24.777771
20
170.796883
70
0
0
VERTEX
8
Sketch
10
24.660452
20
170.514338
70
0
0
VERTEX
8
Sketch
10
24.777771
20
170.231793
70
0
0
VERTEX
8
Sketch
10
25.060451
20
170.114799
70
0
0
VERTEX
8
Sketch
10
25.343131
20
170.231793
70
0
0
VERTEX
8
Sketch
10
25.460450
20
170.514338
70
0
0
VERTEX
8
Sketch
10
25.460450
20
170.514338
70
0
0
SEQEND
8
Sketch
0
POLYLINE
8
Sketch
62
7
70
0
10
0.000000
20
0.000000
66
1
0
VERTEX
8
Sketch
10
25.460450
20
167.974342
70
0
0
VERTEX
8
Sketch
10
25.343131
20
168.256886
70
0
0
VERTEX
8
Sketch
10
25.060451
20
168.373881
70
0
0
VERTEX
8
Sketch
10
24.777771
20
168.256886
70
0
0
VERTEX
8
Sketch
10
24.660452
20
167.974342
70
0
0
VERTEX
8
Sketch
10
24.777771
20
167.691797
70
0
0
VERTEX
8
Sketch
10
25.060451
20
167.574802
70
0
0
VERTEX
8
Sketch
10
25.343131
20
167.691797
70
0
0
VERTEX
8
Sketch
10
25.460450
20
167.974342
70
0
0
VERTEX
8
Sketch
10
25.460450
20
167.974342
70
0
0
SEQEND
8
Sketch
0
POLYLINE
8
Sketch
62
7
70
0
10
0.000000
20
0.000000
66
1
0
VERTEX
8
Sketch
10
25.460450
20
165.434345
70
0
0
VERTEX
8
Sketch
10
25.343131
20
165.716890
70
0
0
VERTEX
8
Sketch
10
25.060451
20
165.833884
70
0
0
VERTEX
8
Sketch
10
24.777771
20
165.716890
70
0
0
VERTEX
8
Sketch
10
24.660452
20
165.434345
70
0
0
VERTEX
8
Sketch
10
24.777771
20
165.151800
70
0
0
VERTEX
8
Sketch
10
25.060451
20
165.034805
70
0
0
VERTEX
8
Sketch
10
25.343131
20
165.151800
70
0
0
VERTEX
8
Sketch
10
25.460450
20
165.434345
70
0
0
VERTEX
8
Sketch
10
25.460450
20
165.434345
70
0
0
SEQEND
8
Sketch
0
POLYLINE
8
Sketch
62
7
70
0
10
0.000000
20
0.000000
66
1
0
VERTEX
8
Sketch
10
25.460450
20
162.894348
70
0
0
VERTEX
8
Sketch
10
25.343131
20
163.176893
70
0
0
VERTEX
8
Sketch
10
25.060451
20
163.293887
70
0
0
VERTEX
8
Sketch
10
24.777771
20
163.176893
70
0
0
VERTEX
8
Sketch
10
24.660452
20
162.894348
70
0
0
VERTEX
8
Sketch
10
24.777771
20
162.611803
70
0
0
VERTEX
8
Sketch
10
25.060451
20
162.494809
70
0
0
VERTEX
8
Sketch
10
25.343131
20
162.611803
70
0
0
VERTEX
8
Sketch
10
25.460450
20
162.894348
70
0
0
VERTEX
8
Sketch
10
25.460450
20
162.894348
70
0
0
SEQEND
8
Sketch
0
POLYLINE
8
Sketch
62
7
70
0
10
0.000000
20
0.000000
66
1
0
VERTEX
8
Sketch
10
25.460450
20
160.354351
70
0
0
VERTEX
8
Sketch
10
25.343131
20
160.636896
70
0
0
VERTEX
8
Sketch
10
25.060451
20
160.753891
70
0
0
VERTEX
8
Sketch
10
24.777771
20
160.636896
70
0
0
VERTEX
8
Sketch
10
24.660452
20
160.354351
70
0
0
VERTEX
8
Sketch
10
24.777771
20
160.071806
70
0
0
VERTEX
8
Sketch
10
25.060451
20
159.954812
70
0
0
VERTEX
8
Sketch
10
25.343131
20
160.071806
70
0
0
VERTEX
8
Sketch
10
25.460450
20
160.354351
70
0
0
VERTEX
8
Sketch
10
25.460450
20
160.354351
70
0
0
SEQEND
8
Sketch
0
POLYLINE
8
Sketch
62
7
70
0
10
0.000000
20
0.000000
66
1
0
VERTEX
8
Sketch
10
25.460450
20
139.224382
70
0
0
VERTEX
8
Sketch
10
25.343131
20
139.506927
70
0
0
VERTEX
8
Sketch
10
25.060451
20
139.623922
70
0
0
VERTEX
8
Sketch
10
24.777771
20
139.506927
70
0
0
VERTEX
8
Sketch
10
24.660452
20
139.224382
70
0
0
VERTEX
8
Sketch
10
24.777771
20
138.941838
70
0
0
VERTEX
8
Sketch
10
25.060451
20
138.824843
70
0
0
VERTEX
8
Sketch
10
25.343131
20
138.941838
70
0
0
VERTEX
8
Sketch
10
25.460450
20
139.224382
70
0
0
VERTEX
8
Sketch
10
25.460450
20
139.224382
70
0
0
SEQEND
8
Sketch
0
POLYLINE
8
Sketch
62
7
70
0
10
0.000000
20
0.000000
66
1
0
VERTEX
8
Sketch
10
25.460450
20
136.684386
70
0
0
VERTEX
8
Sketch
10
25.343131
20
136.966930
70
0
0
VERTEX
8
Sketch
10
25.060451
20
137.083925
70
0
0
VERTEX
8
Sketch
10
24.777771
20
136.966930
70
0
0
VERTEX
8
Sketch
10
24.660452
20
136.684386
70
0
0
VERTEX
8
Sketch
10
24.777771
20
136.401841
70
0
0
VERTEX
8
Sketch
10
25.060451
20
136.284846
70
0
0
VERTEX
8
Sketch
10
25.343131
20
136.401841
70
0
0
VERTEX
8
Sketch
10
25.460450
20
136.684386
70
0
0
VERTEX
8
Sketch
10
25.460450
20
136.684386
70
0
0
SEQEND
8
Sketch
0
POLYLINE
8
Sketch
62
7
70
0
10
0.000000
20
0.000000
66
1
0
VERTEX
8
Sketch
10
25.460450
20
131.604392
70
0
0
VERTEX
8
Sketch
10
25.343131
20
131.886937
70
0
0
VERTEX
8
Sketch
10
25.060451
20
132.003931
70
0
0
VERTEX
8
Sketch
10
24.777771
20
131.886937
70
0
0
VERTEX
8
Sketch
10
24.660452
20
131.604392
70
0
0
VERTEX
8
Sketch
10
24.777771
20
131.321847
70
0
0
VERTEX
8
Sketch
10
25.060451
20
131.204853
70
0
0
VERTEX
8
Sketch
10
25.343131
20
131.321847
70
0
0
VERTEX
8
Sketch
10
25.460450
20
131.604392
70
0
0
VERTEX
8
Sketch
10
25.460450
20
131.604392
70
0
0
SEQEND
8
Sketch
0
POLYLINE
8
Sketch
62
7
70
0
10
0.000000
20
0.000000
66
1
0
VERTEX
8
Sketch
10
25.460450
20
134.144389
70
0
0
VERTEX
8
Sketch
10
25.343131
20
134.426934
70
0
0
VERTEX
8
Sketch
10
25.060451
20
134.543928
70
0
0
VERTEX
8
Sketch
10
24.777771
20
134.426934
70
0
0
VERTEX
8
Sketch
10
24.660452
20
134.144389
70
0
0
VERTEX
8
Sketch
10
24.777771
20
133.861844
70
0
0
VERTEX
8
Sketch
10
25.060451
20
133.744849
70
0
0
VERTEX
8
Sketch
10
25.343131
20
133.861844
70
0
0
VERTEX
8
Sketch
10
25.460450
20
134.144389
70
0
0
VERTEX
8
Sketch
10
25.460450
20
134.144389
70
0
0
SEQEND
8
Sketch
0
POLYLINE
8
Sketch
62
7
70
0
10
0.000000
20
0.000000
66
1
0
VERTEX
8
Sketch
10
25.460450
20
129.064395
70
0
0
VERTEX
8
Sketch
10
25.343131
20
129.346940
70
0
0
VERTEX
8
Sketch
10
25.060451
20
129.463935
70
0
0
VERTEX
8
Sketch
10
24.777771
20
129.346940
70
0
0
VERTEX
8
Sketch
10
24.660452
20
129.064395
70
0
0
VERTEX
8
Sketch
10
24.777771
20
128.781850
70
0
0
VERTEX
8
Sketch
10
25.060451
20
128.664856
70
0
0
VERTEX
8
Sketch
10
25.343131
20
128.781850
70
0
0
VERTEX
8
Sketch
10
25.460450
20
129.064395
70
0
0
VERTEX
8
Sketch
10
25.460450
20
129.064395
70
0
0
SEQEND
8
Sketch
0
POLYLINE
8
Sketch
62
7
70
0
10
0.000000
20
0.000000
66
1
0
VERTEX
8
Sketch
10
40.518734
20
213.664172
70
0
0
VERTEX
8
Sketch
10
40.401414
20
213.946717
70
0
0
VERTEX
8
Sketch
10
40.118735
20
214.063711
70
0
0
VERTEX
8
Sketch
10
39.836055
20
213.946717
70
0
0
VERTEX
8
Sketch
10
39.718735
20
213.664172
70
0
0
VERTEX
8
Sketch
10
39.836055
20
213.381627
70
0
0
VERTEX
8
Sketch
10
40.118735
20
213.264632
70
0
0
VERTEX
8
Sketch
10
40.401414
20
213.381627
70
0
0
VERTEX
8
Sketch
10
40.518734
20
213.664172
70
0
0
VERTEX
8
Sketch
10
40.518734
20
213.664172
70
0
0
SEQEND
8
Sketch
0
POLYLINE
8
Sketch
62
7
70
0
10
0.000000
20
0.000000
66
1
0
VERTEX
8
Sketch
10
39.650005
20
211.277355
70
0
0
VERTEX
8
Sketch
10
39.532685
20
211.559900
70
0
0
VERTEX
8
Sketch
10
39.250006
20
211.676895
70
0
0
VERTEX
8
Sketch
10
38.967326
20
211.559900
70
0
0
VERTEX
8
Sketch
10
38.850006
20
211.277355
70
0
0
VERTEX
8
Sketch
10
38.967326
20
210.994810
70
0
0
VERTEX
8
Sketch
10
39.250006
20
210.877816
70
0
0
VERTEX
8
Sketch
10
39.532685
20
210.994810
70
0
0
VERTEX
8
Sketch
10
39.650005
20
211.277355
70
0
0
VERTEX
8
Sketch
10
39.650005
20
211.277355
70
0
0
SEQEND
8
Sketch
0
POLYLINE
8
Sketch
62
7
70
0
10
0.000000
20
0.000000
66
1
0
VERTEX
8
Sketch
10
38.781273
20
208.890539
70
0
0
VERTEX
8
Sketch
10
38.663953
20
209.173084
70
0
0
VERTEX
8
Sketch
10
38.381274
20
209.290078
70
0
0
VERTEX
8
Sketch
10
38.098594
20
209.173084
70
0
0
VERTEX
8
Sketch
10
37.981274
20
208.890539
70
0
0
VERTEX
8
Sketch
10
38.098594
20
208.607994
70
0
0
VERTEX
8
Sketch
10
38.381274
20
208.490999
70
0
0
VERTEX
8
Sketch
10
38.663953
20
208.607994
70
0
0
VERTEX
8
Sketch
10
38.781273
20
208.890539
70
0
0
VERTEX
8
Sketch
10
38.781273
20
208.890539
70
0
0
SEQEND
8
Sketch
0
POLYLINE
8
Sketch
62
7
70
0
10
0.000000
20
0.000000
66
1
0
VERTEX
8
Sketch
10
37.912544
20
206.503722
70
0
0
VERTEX
8
Sketch
10
37.795224
20
206.786267
70
0
0
VERTEX
8
Sketch
10
37.512545
20
206.903262
70
0
0
VERTEX
8
Sketch
10
37.229865
20
206.786267
70
0
0
VERTEX
8
Sketch
10
37.112545
20
206.503722
70
0
0
VERTEX
8
Sketch
10
37.229865
20
206.221177
70
0
0
VERTEX
8
Sketch
10
37.512545
20
206.104183
70
0
0
VERTEX
8
Sketch
10
37.795224
20
206.221177
70
0
0
VERTEX
8
Sketch
10
37.912544
20
206.503722
70
0
0
VERTEX
8
Sketch
10
37.912544
20
206.503722
70
0
0
SEQEND
8
Sketch
0
POLYLINE
8
Sketch
62
7
70
0
10
0.000000
20
0.000000
66
1
0
VERTEX
8
Sketch
10
37.043815
20
204.116906
70
0
0
VERTEX
8
Sketch
10
36.843814
20
204.463317
70
0
0
VERTEX
8
Sketch
10
36.443814
20
204.463317
70
0
0
VERTEX
8
Sketch
10
36.243813
20
204.116906
70
0
0
VERTEX
8
Sketch
10
36.443814
20
203.770495
70
0
0
VERTEX
8
Sketch
10
36.843814
20
203.770495
70
0
0
VERTEX
8
Sketch
10
37.043815
20
204.116906
70
0
0
VERTEX
8
Sketch
10
37.043815
20
204.116906
70
0
0
SEQEND
8
Sketch
0
POLYLINE
8
Sketch
62
7
70
0
10
0.000000
20
0.000000
66
1
0
VERTEX
8
Sketch
10
29.816939
20
184.261227
70
0
0
VERTEX
8
Sketch
10
29.616939
20
184.607638
70
0
0
VERTEX
8
Sketch
10
29.216938
20
184.607638
70
0
0
VERTEX
8
Sketch
10
29.016938
20
184.261227
70
0
0
VERTEX
8
Sketch
10
29.216938
20
183.914816
70
0
0
VERTEX
8
Sketch
10
29.616939
20
183.914816
70
0
0
VERTEX
8
Sketch
10
29.816939
20
184.261227
70
0
0
VERTEX
8
Sketch
10
29.816939
20
184.261227
70
0
0
SEQEND
8
Sketch
0
POLYLINE
8
Sketch
62
7
70
0
10
0.000000
20
0.000000
66
1
0
VERTEX
8
Sketch
10
28.948207
20
181.874411
70
0
0
VERTEX
8
Sketch
10
28.830888
20
182.156955
70
0
0
VERTEX
8
Sketch
10
28.548208
20
182.273950
70
0
0
VERTEX
8
Sketch
10
28.265528
20
182.156955
70
0
0
VERTEX
8
Sketch
10
28.148209
20
181.874411
70
0
0
VERTEX
8
Sketch
10
28.265528
20
181.591866
70
0
0
VERTEX
8
Sketch
10
28.548208
20
181.474871
70
0
0
VERTEX
8
Sketch
10
28.830888
20
181.591866
70
0
0
VERTEX
8
Sketch
10
28.948207
20
181.874411
70
0
0
VERTEX
8
Sketch
10
28.948207
20
181.874411
70
0
0
SEQEND
8
Sketch
0
POLYLINE
8
Sketch
62
7
70
0
10
0.000000
20
0.000000
66
1
0
VERTEX
8
Sketch
10
27.210746
20
177.100788
70
0
0
VERTEX
8
Sketch
10
27.093427
20
177.383333
70
0
0
VERTEX
8
Sketch
10
26.810747
20
177.500328
70
0
0
VERTEX
8
Sketch
10
26.528067
20
177.383333
70
0
0
VERTEX
8
Sketch
10
26.410748
20
177.100788
70
0
0
VERTEX
8
Sketch
10
26.528067
20
176.818243
70
0
0
VERTEX
8
Sketch
10
26.810747
20
176.701249
70
0
0
VERTEX
8
Sketch
10
27.093427
20
176.818243
70
0
0
VERTEX
8
Sketch
10
27.210746
20
177.100788
70
0
0
VERTEX
8
Sketch
10
27.210746
20
177.100788
70
0
0
SEQEND
8
Sketch
0
POLYLINE
8
Sketch
62
7
70
0
10
0.000000
20
0.000000
66
1
0
VERTEX
8
Sketch
10
28.079478
20
179.487591
70
0
0
VERTEX
8
Sketch
10
27.879478
20
179.834002
70
0
0
VERTEX
8
Sketch
10
27.479477
20
179.834002
70
0
0
VERTEX
8
Sketch
10
27.279477
20
179.487591
70
0
0
VERTEX
8
Sketch
10
27.479477
20
179.141181
70
0
0
VERTEX
8
Sketch
10
27.879478
20
179.141181
70
0
0
VERTEX
8
Sketch
10
28.079478
20
179.487591
70
0
0
VERTEX
8
Sketch
10
28.079478
20
179.487591
70
0
0
SEQEND
8
Sketch
0
POLYLINE
8
Sketch
62
7
70
0
10
0.000000
20
0.000000
66
1
0
VERTEX
8
Sketch
10
26.342017
20
174.713959
70
0
0
VERTEX
8
Sketch
10
26.224697
20
174.996503
70
0
0
VERTEX
8
Sketch
10
25.942018
20
175.113498
70
0
0
VERTEX
8
Sketch
10
25.659338
20
174.996503
70
0
0
VERTEX
8
Sketch
10
25.542019
20
174.713959
70
0
0
VERTEX
8
Sketch
10
25.659338
20
174.431414
70
0
0
VERTEX
8
Sketch
10
25.942018
20
174.314419
70
0
0
VERTEX
8
Sketch
10
26.224697
20
174.431414
70
0
0
VERTEX
8
Sketch
10
26.342017
20
174.713959
70
0
0
VERTEX
8
Sketch
10
26.342017
20
174.713959
70
0
0
SEQEND
8
Sketch
0
POLYLINE
8
Sketch
62
7
70
0
10
0.000000
20
0.000000
66
1
0
VERTEX
8
Sketch
10
69.427001
20
249.061506
70
0
0
VERTEX
8
Sketch
10
69.309645
20
249.343984
70
0
0
VERTEX
8
Sketch
10
69.027002
20
249.460943
70
0
0
VERTEX
8
Sketch
10
68.744359
20
249.343984
70
0
0
VERTEX
8
Sketch
10
68.627003
20
249.061506
70
0
0
VERTEX
8
Sketch
10
68.744359
20
248.779028
70
0
0
VERTEX
8
Sketch
10
69.027002
20
248.662070
70
0
0
VERTEX
8
Sketch
10
69.309645
20
248.779028
70
0
0
VERTEX
8
Sketch
10
69.427001
20
249.061506
70
0
0
VERTEX
8
Sketch
10
69.427001
20
249.061506
70
0
0
SEQEND
8
Sketch
0
POLYLINE
8
Sketch
62
7
70
0
10
0.000000
20
0.000000
66
1
0
VERTEX
8
Sketch
10
67.794323
20
247.115758
70
0
0
VERTEX
8
Sketch
10
67.677003
20
247.398303
70
0
0
VERTEX
8
Sketch
10
67.394324
20
247.515297
70
0
0
VERTEX
8
Sketch
10
67.111644
20
247.398303
70
0
0
VERTEX
8
Sketch
10
66.994324
20
247.115758
70
0
0
VERTEX
8
Sketch
10
67.111644
20
246.833213
70
0
0
VERTEX
8
Sketch
10
67.394324
20
246.716218
70
0
0
VERTEX
8
Sketch
10
67.677003
20
246.833213
70
0
0
VERTEX
8
Sketch
10
67.794323
20
247.115758
70
0
0
VERTEX
8
Sketch
10
67.794323
20
247.115758
70
0
0
SEQEND
8
Sketch
0
POLYLINE
8
Sketch
62
7
70
0
10
0.000000
20
0.000000
66
1
0
VERTEX
8
Sketch
10
66.161645
20
245.170006
70
0
0
VERTEX
8
Sketch
10
66.044325
20
245.452551
70
0
0
VERTEX
8
Sketch
10
65.761645
20
245.569546
70
0
0
VERTEX
8
Sketch
10
65.478966
20
245.452551
70
0
0
VERTEX
8
Sketch
10
65.361646
20
245.170006
70
0
0
VERTEX
8
Sketch
10
65.478966
20
244.887461
70
0
0
VERTEX
8
Sketch
10
65.761645
20
244.770467
70
0
0
VERTEX
8
Sketch
10
66.044325
20
244.887461
70
0
0
VERTEX
8
Sketch
10
66.161645
20
245.170006
70
0
0
VERTEX
8
Sketch
10
66.161645
20
245.170006
70
0
0
SEQEND
8
Sketch
0
POLYLINE
8
Sketch
62
7
70
0
10
0.000000
20
0.000000
66
1
0
VERTEX
8
Sketch
10
64.528966
20
243.224255
70
0
0
VERTEX
8
Sketch
10
64.411647
20
243.506800
70
0
0
VERTEX
8
Sketch
10
64.128967
20
243.623794
70
0
0
VERTEX
8
Sketch
10
63.846288
20
243.506800
70
0
0
VERTEX
8
Sketch
10
63.728968
20
243.224255
70
0
0
VERTEX
8
Sketch
10
63.846288
20
242.941710
70
0
0
VERTEX
8
Sketch
10
64.128967
20
242.824716
70
0
0
VERTEX
8
Sketch
10
64.411647
20
242.941710
70
0
0
VERTEX
8
Sketch
10
64.528966
20
243.224255
70
0
0
VERTEX
8
Sketch
10
64.528966
20
243.224255
70
0
0
SEQEND
8
Sketch
0
POLYLINE
8
Sketch
62
7
70
0
10
0.000000
20
0.000000
66
1
0
VERTEX
8
Sketch
10
62.896288
20
241.278506
70
0
0
VERTEX
8
Sketch
10
62.778969
20
241.561051
70
0
0
VERTEX
8
Sketch
10
62.496289
20
241.678046
70
0
0
VERTEX
8
Sketch
10
62.213609
20
241.561051
70
0
0
VERTEX
8
Sketch
10
62.096290
20
241.278506
70
0
0
VERTEX
8
Sketch
10
62.213609
20
240.995961
70
0
0
VERTEX
8
Sketch
10
62.496289
20
240.878967
70
0
0
VERTEX
8
Sketch
10
62.778969
20
240.995961
70
0
0
VERTEX
8
Sketch
10
62.896288
20
241.278506
70
0
0
VERTEX
8
Sketch
10
62.896288
20
241.278506
70
0
0
SEQEND
8
Sketch
0
POLYLINE
8
Sketch
62
7
70
0
10
0.000000
20
0.000000
66
1
0
VERTEX
8
Sketch
10
49.314203
20
225.092006
70
0
0
VERTEX
8
Sketch
10
49.114203
20
225.438417
70
0
0
VERTEX
8
Sketch
10
48.714202
20
225.438417
70
0
0
VERTEX
8
Sketch
10
48.514202
20
225.092006
70
0
0
VERTEX
8
Sketch
10
48.714202
20
224.745596
70
0
0
VERTEX
8
Sketch
10
49.114203
20
224.745596
70
0
0
VERTEX
8
Sketch
10
49.314203
20
225.092006
70
0
0
VERTEX
8
Sketch
10
49.314203
20
225.092006
70
0
0
SEQEND
8
Sketch
0
POLYLINE
8
Sketch
62
7
70
0
10
0.000000
20
0.000000
66
1
0
VERTEX
8
Sketch
10
47.681525
20
223.146255
70
0
0
VERTEX
8
Sketch
10
47.564205
20
223.428800
70
0
0
VERTEX
8
Sketch
10
47.281526
20
223.545794
70
0
0
VERTEX
8
Sketch
10
46.998846
20
223.428800
70
0
0
VERTEX
8
Sketch
10
46.881526
20
223.146255
70
0
0
VERTEX
8
Sketch
10
46.998846
20
222.863710
70
0
0
VERTEX
8
Sketch
10
47.281526
20
222.746716
70
0
0
VERTEX
8
Sketch
10
47.564205
20
222.863710
70
0
0
VERTEX
8
Sketch
10
47.681525
20
223.146255
70
0
0
VERTEX
8
Sketch
10
47.681525
20
223.146255
70
0
0
SEQEND
8
Sketch
0
POLYLINE
8
Sketch
62
7
70
0
10
0.000000
20
0.000000
66
1
0
VERTEX
8
Sketch
10
44.416166
20
219.254755
70
0
0
VERTEX
8
Sketch
10
44.298846
20
219.537300
70
0
0
VERTEX
8
Sketch
10
44.016167
20
219.654294
70
0
0
VERTEX
8
Sketch
10
43.733487
20
219.537300
70
0
0
VERTEX
8
Sketch
10
43.616167
20
219.254755
70
0
0
VERTEX
8
Sketch
10
43.733487
20
218.972210
70
0
0
VERTEX
8
Sketch
10
44.016167
20
218.855216
70
0
0
VERTEX
8
Sketch
10
44.298846
20
218.972210
70
0
0
VERTEX
8
Sketch
10
44.416166
20
219.254755
70
0
0
VERTEX
8
Sketch
10
44.416166
20
219.254755
70
0
0
SEQEND
8
Sketch
0
POLYLINE
8
Sketch
62
7
70
0
10
0.000000
20
0.000000
66
1
0
VERTEX
8
Sketch
10
46.048844
20
221.200506
70
0
0
VERTEX
8
Sketch
10
45.931524
20
221.483051
70
0
0
VERTEX
8
Sketch
10
45.648845
20
221.600046
70
0
0
VERTEX
8
Sketch
10
45.366165
20
221.483051
70
0
0
VERTEX
8
Sketch
10
45.248846
20
221.200506
70
0
0
VERTEX
8
Sketch
10
45.366165
20
220.917961
70
0
0
VERTEX
8
Sketch
10
45.648845
20
220.800967
70
0
0
VERTEX
8
Sketch
10
45.931524
20
220.917961
70
0
0
VERTEX
8
Sketch
10
46.048844
20
221.200506
70
0
0
VERTEX
8
Sketch
10
46.048844
20
221.200506
70
0
0
SEQEND
8
Sketch
0
POLYLINE
8
Sketch
62
7
70
0
10
0.000000
20
0.000000
66
1
0
VERTEX
8
Sketch
10
42.783488
20
217.309006
70
0
0
VERTEX
8
Sketch
10
42.666168
20
217.591551
70
0
0
VERTEX
8
Sketch
10
42.383488
20
217.708546
70
0
0
VERTEX
8
Sketch
10
42.100809
20
217.591551
70
0
0
VERTEX
8
Sketch
10
41.983489
20
217.309006
70
0
0
VERTEX
8
Sketch
10
42.100809
20
217.026461
70
0
0
VERTEX
8
Sketch
10
42.383488
20
216.909467
70
0
0
VERTEX
8
Sketch
10
42.666168
20
217.026461
70
0
0
VERTEX
8
Sketch
10
42.783488
20
217.309006
70
0
0
VERTEX
8
Sketch
10
42.783488
20
217.309006
70
0
0
SEQEND
8
Sketch
0
POLYLINE
8
Sketch
62
7
70
0
10
0.000000
20
0.000000
66
1
0
VERTEX
8
Sketch
10
108.698490
20
272.436912
70
0
0
VERTEX
8
Sketch
10
108.498489
20
272.783322
70
0
0
VERTEX
8
Sketch
10
108.098489
20
272.783322
70
0
0
VERTEX
8
Sketch
10
107.898488
20
272.436912
70
0
0
VERTEX
8
Sketch
10
108.098489
20
272.090501
70
0
0
VERTEX
8
Sketch
10
108.498489
20
272.090501
70
0
0
VERTEX
8
Sketch
10
108.698490
20
272.436912
70
0
0
VERTEX
8
Sketch
10
108.698490
20
272.436912
70
0
0
SEQEND
8
Sketch
0
POLYLINE
8
Sketch
62
7
70
0
10
0.000000
20
0.000000
66
1
0
VERTEX
8
Sketch
10
106.498786
20
271.166913
70
0
0
VERTEX
8
Sketch
10
106.381467
20
271.449458
70
0
0
VERTEX
8
Sketch
10
106.098787
20
271.566453
70
0
0
VERTEX
8
Sketch
10
105.816107
20
271.449458
70
0
0
VERTEX
8
Sketch
10
105.698788
20
271.166913
70
0
0
VERTEX
8
Sketch
10
105.816107
20
270.884368
70
0
0
VERTEX
8
Sketch
10
106.098787
20
270.767374
70
0
0
VERTEX
8
Sketch
10
106.381467
20
270.884368
70
0
0
VERTEX
8
Sketch
10
106.498786
20
271.166913
70
0
0
VERTEX
8
Sketch
10
106.498786
20
271.166913
70
0
0
SEQEND
8
Sketch
0
POLYLINE
8
Sketch
62
7
70
0
10
0.000000
20
0.000000
66
1
0
VERTEX
8
Sketch
10
104.299085
20
269.896915
70
0
0
VERTEX
8
Sketch
10
104.181766
20
270.179460
70
0
0
VERTEX
8
Sketch
10
103.899086
20
270.296454
70
0
0
VERTEX
8
Sketch
10
103.616407
20
270.179460
70
0
0
VERTEX
8
Sketch
10
103.499087
20
269.896915
70
0
0
VERTEX
8
Sketch
10
103.616407
20
269.614370
70
0
0
VERTEX
8
Sketch
10
103.899086
20
269.497375
70
0
0
VERTEX
8
Sketch
10
104.181766
20
269.614370
70
0
0
VERTEX
8
Sketch
10
104.299085
20
269.896915
70
0
0
VERTEX
8
Sketch
10
104.299085
20
269.896915
70
0
0
SEQEND
8
Sketch
0
POLYLINE
8
Sketch
62
7
70
0
10
0.000000
20
0.000000
66
1
0
VERTEX
8
Sketch
10
102.099382
20
268.626916
70
0
0
VERTEX
8
Sketch
10
101.982062
20
268.909461
70
0
0
VERTEX
8
Sketch
10
101.699383
20
269.026456
70
0
0
VERTEX
8
Sketch
10
101.416703
20
268.909461
70
0
0
VERTEX
8
Sketch
10
101.299384
20
268.626916
70
0
0
VERTEX
8
Sketch
10
101.416703
20
268.344372
70
0
0
VERTEX
8
Sketch
10
101.699383
20
268.227377
70
0
0
VERTEX
8
Sketch
10
101.982062
20
268.344372
70
0
0
VERTEX
8
Sketch
10
102.099382
20
268.626916
70
0
0
VERTEX
8
Sketch
10
102.099382
20
268.626916
70
0
0
SEQEND
8
Sketch
0
POLYLINE
8
Sketch
62
7
70
0
10
0.000000
20
0.000000
66
1
0
VERTEX
8
Sketch
10
99.899681
20
267.356918
70
0
0
VERTEX
8
Sketch
10
99.782362
20
267.639463
70
0
0
VERTEX
8
Sketch
10
99.499682
20
267.756458
70
0
0
VERTEX
8
Sketch
10
99.217002
20
267.639463
70
0
0
VERTEX
8
Sketch
10
99.099683
20
267.356918
70
0
0
VERTEX
8
Sketch
10
99.217002
20
267.074373
70
0
0
VERTEX
8
Sketch
10
99.499682
20
266.957379
70
0
0
VERTEX
8
Sketch
10
99.782362
20
267.074373
70
0
0
VERTEX
8
Sketch
10
99.899681
20
267.356918
70
0
0
VERTEX
8
Sketch
10
99.899681
20
267.356918
70
0
0
SEQEND
8
Sketch
0
POLYLINE
8
Sketch
62
7
70
0
10
0.000000
20
0.000000
66
1
0
VERTEX
8
Sketch
10
81.600589
20
256.791931
70
0
0
VERTEX
8
Sketch
10
81.400589
20
257.138342
70
0
0
VERTEX
8
Sketch
10
81.000588
20
257.138342
70
0
0
VERTEX
8
Sketch
10
80.800588
20
256.791931
70
0
0
VERTEX
8
Sketch
10
81.000588
20
256.445520
70
0
0
VERTEX
8
Sketch
10
81.400589
20
256.445520
70
0
0
VERTEX
8
Sketch
10
81.600589
20
256.791931
70
0
0
VERTEX
8
Sketch
10
81.600589
20
256.791931
70
0
0
SEQEND
8
Sketch
0
POLYLINE
8
Sketch
62
7
70
0
10
0.000000
20
0.000000
66
1
0
VERTEX
8
Sketch
10
79.400886
20
255.521933
70
0
0
VERTEX
8
Sketch
10
79.283566
20
255.804478
70
0
0
VERTEX
8
Sketch
10
79.000887
20
255.921472
70
0
0
VERTEX
8
Sketch
10
78.718207
20
255.804478
70
0
0
VERTEX
8
Sketch
10
78.600887
20
255.521933
70
0
0
VERTEX
8
Sketch
10
78.718207
20
255.239388
70
0
0
VERTEX
8
Sketch
10
79.000887
20
255.122393
70
0
0
VERTEX
8
Sketch
10
79.283566
20
255.239388
70
0
0
VERTEX
8
Sketch
10
79.400886
20
255.521933
70
0
0
VERTEX
8
Sketch
10
79.400886
20
255.521933
70
0
0
SEQEND
8
Sketch
0
POLYLINE
8
Sketch
62
7
70
0
10
0.000000
20
0.000000
66
1
0
VERTEX
8
Sketch
10
75.001482
20
252.981936
70
0
0
VERTEX
8
Sketch
10
74.884126
20
253.264414
70
0
0
VERTEX
8
Sketch
10
74.601483
20
253.381372
70
0
0
VERTEX
8
Sketch
10
74.318839
20
253.264414
70
0
0
VERTEX
8
Sketch
10
74.201483
20
252.981936
70
0
0
VERTEX
8
Sketch
10
74.318839
20
252.699458
70
0
0
VERTEX
8
Sketch
10
74.601483
20
252.582500
70
0
0
VERTEX
8
Sketch
10
74.884126
20
252.699458
70
0
0
VERTEX
8
Sketch
10
75.001482
20
252.981936
70
0
0
VERTEX
8
Sketch
10
75.001482
20
252.981936
70
0
0
SEQEND
8
Sketch
0
POLYLINE
8
Sketch
62
7
70
0
10
0.000000
20
0.000000
66
1
0
VERTEX
8
Sketch
10
77.201185
20
254.251934
70
0
0
VERTEX
8
Sketch
10
77.083866
20
254.534479
70
0
0
VERTEX
8
Sketch
10
76.801186
20
254.651474
70
0
0
VERTEX
8
Sketch
10
76.518506
20
254.534479
70
0
0
VERTEX
8
Sketch
10
76.401187
20
254.251934
70
0
0
VERTEX
8
Sketch
10
76.518506
20
253.969389
70
0
0
VERTEX
8
Sketch
10
76.801186
20
253.852395
70
0
0
VERTEX
8
Sketch
10
77.083866
20
253.969389
70
0
0
VERTEX
8
Sketch
10
77.201185
20
254.251934
70
0
0
VERTEX
8
Sketch
10
77.201185
20
254.251934
70
0
0
SEQEND
8
Sketch
0
POLYLINE
8
Sketch
62
7
70
0
10
0.000000
20
0.000000
66
1
0
VERTEX
8
Sketch
10
72.801781
20
251.711937
70
0
0
VERTEX
8
Sketch
10
72.684461
20
251.994482
70
0
0
VERTEX
8
Sketch
10
72.401782
20
252.111477
70
0
0
VERTEX
8
Sketch
10
72.119102
20
251.994482
70
0
0
VERTEX
8
Sketch
10
72.001783
20
251.711937
70
0
0
VERTEX
8
Sketch
10
72.119102
20
251.429393
70
0
0
VERTEX
8
Sketch
10
72.401782
20
251.312398
70
0
0
VERTEX
8
Sketch
10
72.684461
20
251.429393
70
0
0
VERTEX
8
Sketch
10
72.801781
20
251.711937
70
0
0
VERTEX
8
Sketch
10
72.801781
20
251.711937
70
0
0
SEQEND
8
Sketch
0
POLYLINE
8
Sketch
62
7
70
0
10
0.000000
20
0.000000
66
1
0
VERTEX
8
Sketch
10
153.596475
20
280.970968
70
0
0
VERTEX
8
Sketch
10
153.396475
20
281.317377
70
0
0
VERTEX
8
Sketch
10
152.996475
20
281.317377
70
0
0
VERTEX
8
Sketch
10
152.796476
20
280.970968
70
0
0
VERTEX
8
Sketch
10
152.996475
20
280.624558
70
0
0
VERTEX
8
Sketch
10
153.396475
20
280.624558
70
0
0
VERTEX
8
Sketch
10
153.596475
20
280.970968
70
0
0
VERTEX
8
Sketch
10
153.596475
20
280.970968
70
0
0
SEQEND
8
Sketch
0
POLYLINE
8
Sketch
62
7
70
0
10
0.000000
20
0.000000
66
1
0
VERTEX
8
Sketch
10
151.095066
20
280.529902
70
0
0
VERTEX
8
Sketch
10
150.895066
20
280.876312
70
0
0
VERTEX
8
Sketch
10
150.495067
20
280.876312
70
0
0
VERTEX
8
Sketch
10
150.295067
20
280.529902
70
0
0
VERTEX
8
Sketch
10
150.495067
20
280.183493
70
0
0
VERTEX
8
Sketch
10
150.895066
20
280.183493
70
0
0
VERTEX
8
Sketch
10
151.095066
20
280.529902
70
0
0
VERTEX
8
Sketch
10
151.095066
20
280.529902
70
0
0
SEQEND
8
Sketch
0
POLYLINE
8
Sketch
62
7
70
0
10
0.000000
20
0.000000
66
1
0
VERTEX
8
Sketch
10
148.593658
20
280.088837
70
0
0
VERTEX
8
Sketch
10
148.393658
20
280.435247
70
0
0
VERTEX
8
Sketch
10
147.993658
20
280.435247
70
0
0
VERTEX
8
Sketch
10
147.793659
20
280.088837
70
0
0
VERTEX
8
Sketch
10
147.993658
20
279.742428
70
0
0
VERTEX
8
Sketch
10
148.393658
20
279.742428
70
0
0
VERTEX
8
Sketch
10
148.593658
20
280.088837
70
0
0
VERTEX
8
Sketch
10
148.593658
20
280.088837
70
0
0
SEQEND
8
Sketch
0
POLYLINE
8
Sketch
62
7
70
0
10
0.000000
20
0.000000
66
1
0
VERTEX
8
Sketch
10
146.092249
20
279.647769
70
0
0
VERTEX
8
Sketch
10
145.892249
20
279.994179
70
0
0
VERTEX
8
Sketch
10
145.492250
20
279.994179
70
0
0
VERTEX
8
Sketch
10
145.292250
20
279.647769
70
0
0
VERTEX
8
Sketch
10
145.492250
20
279.301360
70
0
0
VERTEX
8
Sketch
10
145.892249
20
279.301360
70
0
0
VERTEX
8
Sketch
10
146.092249
20
279.647769
70
0
0
VERTEX
8
Sketch
10
146.092249
20
279.647769
70
0
0
SEQEND
8
Sketch
0
POLYLINE
8
Sketch
62
7
70
0
10
0.000000
20
0.000000
66
1
0
VERTEX
8
Sketch
10
143.590840
20
279.206704
70
0
0
VERTEX
8
Sketch
10
143.473683
20
279.489547
70
0
0
VERTEX
8
Sketch
10
143.190841
20
279.606704
70
0
0
VERTEX
8
Sketch
10
142.907999
20
279.489547
70
0
0
VERTEX
8
Sketch
10
142.790841
20
279.206704
70
0
0
VERTEX
8
Sketch
10
142.990841
20
278.860295
70
0
0
VERTEX
8
Sketch
10
143.390841
20
278.860295
70
0
0
VERTEX
8
Sketch
10
143.590840
20
279.206704
70
0
0
VERTEX
8
Sketch
10
143.590840
20
279.206704
70
0
0
SEQEND
8
Sketch
0
POLYLINE
8
Sketch
62
7
70
0
10
0.000000
20
0.000000
66
1
0
VERTEX
8
Sketch
10
122.781878
20
275.537523
70
0
0
VERTEX
8
Sketch
10
122.664558
20
275.820068
70
0
0
VERTEX
8
Sketch
10
122.381878
20
275.937062
70
0
0
VERTEX
8
Sketch
10
122.099199
20
275.820068
70
0
0
VERTEX
8
Sketch
10
121.981879
20
275.537523
70
0
0
VERTEX
8
Sketch
10
122.099199
20
275.254978
70
0
0
VERTEX
8
Sketch
10
122.381878
20
275.137983
70
0
0
VERTEX
8
Sketch
10
122.664558
20
275.254978
70
0
0
VERTEX
8
Sketch
10
122.781878
20
275.537523
70
0
0
VERTEX
8
Sketch
10
122.781878
20
275.537523
70
0
0
SEQEND
8
Sketch
0
POLYLINE
8
Sketch
62
7
70
0
10
0.000000
20
0.000000
66
1
0
VERTEX
8
Sketch
10
120.280470
20
275.096458
70
0
0
VERTEX
8
Sketch
10
120.163151
20
275.379003
70
0
0
VERTEX
8
Sketch
10
119.880471
20
275.495997
70
0
0
VERTEX
8
Sketch
10
119.597791
20
275.379003
70
0
0
VERTEX
8
Sketch
10
119.480472
20
275.096458
70
0
0
VERTEX
8
Sketch
10
119.597791
20
274.813913
70
0
0
VERTEX
8
Sketch
10
119.880471
20
274.696918
70
0
0
VERTEX
8
Sketch
10
120.163151
20
274.813913
70
0
0
VERTEX
8
Sketch
10
120.280470
20
275.096458
70
0
0
VERTEX
8
Sketch
10
120.280470
20
275.096458
70
0
0
SEQEND
8
Sketch
0
POLYLINE
8
Sketch
62
7
70
0
10
0.000000
20
0.000000
66
1
0
VERTEX
8
Sketch
10
115.277653
20
274.214325
70
0
0
VERTEX
8
Sketch
10
115.160333
20
274.496870
70
0
0
VERTEX
8
Sketch
10
114.877654
20
274.613864
70
0
0
VERTEX
8
Sketch
10
114.594974
20
274.496870
70
0
0
VERTEX
8
Sketch
10
114.477654
20
274.214325
70
0
0
VERTEX
8
Sketch
10
114.594974
20
273.931780
70
0
0
VERTEX
8
Sketch
10
114.877654
20
273.814785
70
0
0
VERTEX
8
Sketch
10
115.160333
20
273.931780
70
0
0
VERTEX
8
Sketch
10
115.277653
20
274.214325
70
0
0
VERTEX
8
Sketch
10
115.277653
20
274.214325
70
0
0
SEQEND
8
Sketch
0
POLYLINE
8
Sketch
62
7
70
0
10
0.000000
20
0.000000
66
1
0
VERTEX
8
Sketch
10
117.779063
20
274.655393
70
0
0
VERTEX
8
Sketch
10
117.579063
20
275.001803
70
0
0
VERTEX
8
Sketch
10
117.179062
20
275.001803
70
0
0
VERTEX
8
Sketch
10
116.979062
20
274.655393
70
0
0
VERTEX
8
Sketch
10
117.179062
20
274.308982
70
0
0
VERTEX
8
Sketch
10
117.579063
20
274.308982
70
0
0
VERTEX
8
Sketch
10
117.779063
20
274.655393
70
0
0
VERTEX
8
Sketch
10
117.779063
20
274.655393
70
0
0
SEQEND
8
Sketch
0
POLYLINE
8
Sketch
62
7
70
0
10
0.000000
20
0.000000
66
1
0
VERTEX
8
Sketch
10
112.776245
20
273.773260
70
0
0
VERTEX
8
Sketch
10
112.576245
20
274.119670
70
0
0
VERTEX
8
Sketch
10
112.176245
20
274.119670
70
0
0
VERTEX
8
Sketch
10
111.976244
20
273.773260
70
0
0
VERTEX
8
Sketch
10
112.176245
20
273.426849
70
0
0
VERTEX
8
Sketch
10
112.576245
20
273.426849
70
0
0
VERTEX
8
Sketch
10
112.776245
20
273.773260
70
0
0
VERTEX
8
Sketch
10
112.776245
20
273.773260
70
0
0
SEQEND
8
Sketch
0
POLYLINE
8
Sketch
62
7
70
0
10
0.000000
20
0.000000
66
1
0
VERTEX
8
Sketch
10
198.705599
20
273.634340
70
0
0
VERTEX
8
Sketch
10
198.588280
20
273.916885
70
0
0
VERTEX
8
Sketch
10
198.305600
20
274.033880
70
0
0
VERTEX
8
Sketch
10
198.022920
20
273.916885
70
0
0
VERTEX
8
Sketch
10
197.905601
20
273.634340
70
0
0
VERTEX
8
Sketch
10
198.022920
20
273.351795
70
0
0
VERTEX
8
Sketch
10
198.305600
20
273.234801
70
0
0
VERTEX
8
Sketch
10
198.588280
20
273.351795
70
0
0
VERTEX
8
Sketch
10
198.705599
20
273.634340
70
0
0
VERTEX
8
Sketch
10
198.705599
20
273.634340
70
0
0
SEQEND
8
Sketch
0
POLYLINE
8
Sketch
62
7
70
0
10
0.000000
20
0.000000
66
1
0
VERTEX
8
Sketch
10
196.204189
20
274.075408
70
0
0
VERTEX
8
Sketch
10
196.086870
20
274.357953
70
0
0
VERTEX
8
Sketch
10
195.804190
20
274.474947
70
0
0
VERTEX
8
Sketch
10
195.521510
20
274.357953
70
0
0
VERTEX
8
Sketch
10
195.404191
20
274.075408
70
0
0
VERTEX
8
Sketch
10
195.521510
20
273.792863
70
0
0
VERTEX
8
Sketch
10
195.804190
20
273.675869
70
0
0
VERTEX
8
Sketch
10
196.086870
20
273.792863
70
0
0
VERTEX
8
Sketch
10
196.204189
20
274.075408
70
0
0
VERTEX
8
Sketch
10
196.204189
20
274.075408
70
0
0
SEQEND
8
Sketch
0
POLYLINE
8
Sketch
62
7
70
0
10
0.000000
20
0.000000
66
1
0
VERTEX
8
Sketch
10
193.702782
20
274.516473
70
0
0
VERTEX
8
Sketch
10
193.585462
20
274.799018
70
0
0
VERTEX
8
Sketch
10
193.302783
20
274.916013
70
0
0
VERTEX
8
Sketch
10
193.020103
20
274.799018
70
0
0
VERTEX
8
Sketch
10
192.902783
20
274.516473
70
0
0
VERTEX
8
Sketch
10
193.020103
20
274.233928
70
0
0
VERTEX
8
Sketch
10
193.302783
20
274.116934
70
0
0
VERTEX
8
Sketch
10
193.585462
20
274.233928
70
0
0
VERTEX
8
Sketch
10
193.702782
20
274.516473
70
0
0
VERTEX
8
Sketch
10
193.702782
20
274.516473
70
0
0
SEQEND
8
Sketch
0
POLYLINE
8
Sketch
62
7
70
0
10
0.000000
20
0.000000
66
1
0
VERTEX
8
Sketch
10
191.201374
20
274.957538
70
0
0
VERTEX
8
Sketch
10
191.001374
20
275.303949
70
0
0
VERTEX
8
Sketch
10
190.601374
20
275.303949
70
0
0
VERTEX
8
Sketch
10
190.401373
20
274.957538
70
0
0
VERTEX
8
Sketch
10
190.601374
20
274.611128
70
0
0
VERTEX
8
Sketch
10
191.001374
20
274.611128
70
0
0
VERTEX
8
Sketch
10
191.201374
20
274.957538
70
0
0
VERTEX
8
Sketch
10
191.201374
20
274.957538
70
0
0
SEQEND
8
Sketch
0
POLYLINE
8
Sketch
62
7
70
0
10
0.000000
20
0.000000
66
1
0
VERTEX
8
Sketch
10
188.699964
20
275.398604
70
0
0
VERTEX
8
Sketch
10
188.582645
20
275.681148
70
0
0
VERTEX
8
Sketch
10
188.299965
20
275.798143
70
0
0
VERTEX
8
Sketch
10
188.017286
20
275.681148
70
0
0
VERTEX
8
Sketch
10
187.899966
20
275.398604
70
0
0
VERTEX
8
Sketch
10
188.017286
20
275.116059
70
0
0
VERTEX
8
Sketch
10
188.299965
20
274.999064
70
0
0
VERTEX
8
Sketch
10
188.582645
20
275.116059
70
0
0
VERTEX
8
Sketch
10
188.699964
20
275.398604
70
0
0
VERTEX
8
Sketch
10
188.699964
20
275.398604
70
0
0
SEQEND
8
Sketch
0
POLYLINE
8
Sketch
62
7
70
0
10
0.000000
20
0.000000
66
1
0
VERTEX
8
Sketch
10
167.891003
20
279.067785
70
0
0
VERTEX
8
Sketch
10
167.691004
20
279.414195
70
0
0
VERTEX
8
Sketch
10
167.291004
20
279.414195
70
0
0
VERTEX
8
Sketch
10
167.091004
20
279.067785
70
0
0
VERTEX
8
Sketch
10
167.291004
20
278.721375
70
0
0
VERTEX
8
Sketch
10
167.691004
20
278.721375
70
0
0
VERTEX
8
Sketch
10
167.891003
20
279.067785
70
0
0
VERTEX
8
Sketch
10
167.891003
20
279.067785
70
0
0
SEQEND
8
Sketch
0
POLYLINE
8
Sketch
62
7
70
0
10
0.000000
20
0.000000
66
1
0
VERTEX
8
Sketch
10
165.389595
20
279.508853
70
0
0
VERTEX
8
Sketch
10
165.272438
20
279.791695
70
0
0
VERTEX
8
Sketch
10
164.989595
20
279.908852
70
0
0
VERTEX
8
Sketch
10
164.706753
20
279.791695
70
0
0
VERTEX
8
Sketch
10
164.589596
20
279.508853
70
0
0
VERTEX
8
Sketch
10
164.789596
20
279.162443
70
0
0
VERTEX
8
Sketch
10
165.189595
20
279.162443
70
0
0
VERTEX
8
Sketch
10
165.389595
20
279.508853
70
0
0
VERTEX
8
Sketch
10
165.389595
20
279.508853
70
0
0
SEQEND
8
Sketch
0
POLYLINE
8
Sketch
62
7
70
0
10
0.000000
20
0.000000
66
1
0
VERTEX
8
Sketch
10
160.386778
20
280.390983
70
0
0
VERTEX
8
Sketch
10
160.186778
20
280.737393
70
0
0
VERTEX
8
Sketch
10
159.786779
20
280.737393
70
0
0
VERTEX
8
Sketch
10
159.586779
20
280.390983
70
0
0
VERTEX
8
Sketch
10
159.786779
20
280.044573
70
0
0
VERTEX
8
Sketch
10
160.186778
20
280.044573
70
0
0
VERTEX
8
Sketch
10
160.386778
20
280.390983
70
0
0
VERTEX
8
Sketch
10
160.386778
20
280.390983
70
0
0
SEQEND
8
Sketch
0
POLYLINE
8
Sketch
62
7
70
0
10
0.000000
20
0.000000
66
1
0
VERTEX
8
Sketch
10
162.888186
20
279.949918
70
0
0
VERTEX
8
Sketch
10
162.688186
20
280.296328
70
0
0
VERTEX
8
Sketch
10
162.288187
20
280.296328
70
0
0
VERTEX
8
Sketch
10
162.088187
20
279.949918
70
0
0
VERTEX
8
Sketch
10
162.288187
20
279.603508
70
0
0
VERTEX
8
Sketch
10
162.688186
20
279.603508
70
0
0
VERTEX
8
Sketch
10
162.888186
20
279.949918
70
0
0
VERTEX
8
Sketch
10
162.888186
20
279.949918
70
0
0
SEQEND
8
Sketch
0
POLYLINE
8
Sketch
62
7
70
0
10
0.000000
20
0.000000
66
1
0
VERTEX
8
Sketch
10
157.885369
20
280.832051
70
0
0
VERTEX
8
Sketch
10
157.685369
20
281.178461
70
0
0
VERTEX
8
Sketch
10
157.285370
20
281.178461
70
0
0
VERTEX
8
Sketch
10
157.085370
20
280.832051
70
0
0
VERTEX
8
Sketch
10
157.285370
20
280.485641
70
0
0
VERTEX
8
Sketch
10
157.685369
20
280.485641
70
0
0
VERTEX
8
Sketch
10
157.885369
20
280.832051
70
0
0
VERTEX
8
Sketch
10
157.885369
20
280.832051
70
0
0
SEQEND
8
Sketch
0
POLYLINE
8
Sketch
62
7
70
0
10
0.000000
20
0.000000
66
1
0
VERTEX
8
Sketch
10
238.585036
20
251.311938
70
0
0
VERTEX
8
Sketch
10
238.467716
20
251.594483
70
0
0
VERTEX
8
Sketch
10
238.185037
20
251.711478
70
0
0
VERTEX
8
Sketch
10
237.902357
20
251.594483
70
0
0
VERTEX
8
Sketch
10
237.785037
20
251.311938
70
0
0
VERTEX
8
Sketch
10
237.902357
20
251.029393
70
0
0
VERTEX
8
Sketch
10
238.185037
20
250.912399
70
0
0
VERTEX
8
Sketch
10
238.467716
20
251.029393
70
0
0
VERTEX
8
Sketch
10
238.585036
20
251.311938
70
0
0
VERTEX
8
Sketch
10
238.585036
20
251.311938
70
0
0
SEQEND
8
Sketch
0
POLYLINE
8
Sketch
62
7
70
0
10
0.000000
20
0.000000
66
1
0
VERTEX
8
Sketch
10
236.385335
20
252.581937
70
0
0
VERTEX
8
Sketch
10
236.268016
20
252.864482
70
0
0
VERTEX
8
Sketch
10
235.985336
20
252.981476
70
0
0
VERTEX
8
Sketch
10
235.702656
20
252.864482
70
0
0
VERTEX
8
Sketch
10
235.585337
20
252.581937
70
0
0
VERTEX
8
Sketch
10
235.702656
20
252.299392
70
0
0
VERTEX
8
Sketch
10
235.985336
20
252.182397
70
0
0
VERTEX
8
Sketch
10
236.268016
20
252.299392
70
0
0
VERTEX
8
Sketch
10
236.385335
20
252.581937
70
0
0
VERTEX
8
Sketch
10
236.385335
20
252.581937
70
0
0
SEQEND
8
Sketch
0
POLYLINE
8
Sketch
62
7
70
0
10
0.000000
20
0.000000
66
1
0
VERTEX
8
Sketch
10
234.185634
20
253.851935
70
0
0
VERTEX
8
Sketch
10
234.068315
20
254.134480
70
0
0
VERTEX
8
Sketch
10
233.785635
20
254.251474
70
0
0
VERTEX
8
Sketch
10
233.502956
20
254.134480
70
0
0
VERTEX
8
Sketch
10
233.385636
20
253.851935
70
0
0
VERTEX
8
Sketch
10
233.502956
20
253.569390
70
0
0
VERTEX
8
Sketch
10
233.785635
20
253.452396
70
0
0
VERTEX
8
Sketch
10
234.068315
20
253.569390
70
0
0
VERTEX
8
Sketch
10
234.185634
20
253.851935
70
0
0
VERTEX
8
Sketch
10
234.185634
20
253.851935
70
0
0
SEQEND
8
Sketch
0
POLYLINE
8
Sketch
62
7
70
0
10
0.000000
20
0.000000
66
1
0
VERTEX
8
Sketch
10
231.985931
20
255.121933
70
0
0
VERTEX
8
Sketch
10
231.868612
20
255.404478
70
0
0
VERTEX
8
Sketch
10
231.585932
20
255.521473
70
0
0
VERTEX
8
Sketch
10
231.303252
20
255.404478
70
0
0
VERTEX
8
Sketch
10
231.185933
20
255.121933
70
0
0
VERTEX
8
Sketch
10
231.303252
20
254.839389
70
0
0
VERTEX
8
Sketch
10
231.585932
20
254.722394
70
0
0
VERTEX
8
Sketch
10
231.868612
20
254.839389
70
0
0
VERTEX
8
Sketch
10
231.985931
20
255.121933
70
0
0
VERTEX
8
Sketch
10
231.985931
20
255.121933
70
0
0
SEQEND
8
Sketch
0
POLYLINE
8
Sketch
62
7
70
0
10
0.000000
20
0.000000
66
1
0
VERTEX
8
Sketch
10
229.786230
20
256.391932
70
0
0
VERTEX
8
Sketch
10
229.668911
20
256.674477
70
0
0
VERTEX
8
Sketch
10
229.386231
20
256.791471
70
0
0
VERTEX
8
Sketch
10
229.103551
20
256.674477
70
0
0
VERTEX
8
Sketch
10
228.986232
20
256.391932
70
0
0
VERTEX
8
Sketch
10
229.103551
20
256.109387
70
0
0
VERTEX
8
Sketch
10
229.386231
20
255.992392
70
0
0
VERTEX
8
Sketch
10
229.668911
20
256.109387
70
0
0
VERTEX
8
Sketch
10
229.786230
20
256.391932
70
0
0
VERTEX
8
Sketch
10
229.786230
20
256.391932
70
0
0
SEQEND
8
Sketch
0
POLYLINE
8
Sketch
62
7
70
0
10
0.000000
20
0.000000
66
1
0
VERTEX
8
Sketch
10
211.487136
20
266.956919
70
0
0
VERTEX
8
Sketch
10
211.369816
20
267.239464
70
0
0
VERTEX
8
Sketch
10
211.087136
20
267.356458
70
0
0
VERTEX
8
Sketch
10
210.804457
20
267.239464
70
0
0
VERTEX
8
Sketch
10
210.687137
20
266.956919
70
0
0
VERTEX
8
Sketch
10
210.804457
20
266.674374
70
0
0
VERTEX
8
Sketch
10
211.087136
20
266.557379
70
0
0
VERTEX
8
Sketch
10
211.369816
20
266.674374
70
0
0
VERTEX
8
Sketch
10
211.487136
20
266.956919
70
0
0
VERTEX
8
Sketch
10
211.487136
20
266.956919
70
0
0
SEQEND
8
Sketch
0
POLYLINE
8
Sketch
62
7
70
0
10
0.000000
20
0.000000
66
1
0
VERTEX
8
Sketch
10
209.287435
20
268.226917
70
0
0
VERTEX
8
Sketch
10
209.170115
20
268.509462
70
0
0
VERTEX
8
Sketch
10
208.887436
20
268.626457
70
0
0
VERTEX
8
Sketch
10
208.604756
20
268.509462
70
0
0
VERTEX
8
Sketch
10
208.487436
20
268.226917
70
0
0
VERTEX
8
Sketch
10
208.604756
20
267.944372
70
0
0
VERTEX
8
Sketch
10
208.887436
20
267.827378
70
0
0
VERTEX
8
Sketch
10
209.170115
20
267.944372
70
0
0
VERTEX
8
Sketch
10
209.287435
20
268.226917
70
0
0
VERTEX
8
Sketch
10
209.287435
20
268.226917
70
0
0
SEQEND
8
Sketch
0
POLYLINE
8
Sketch
62
7
70
0
10
0.000000
20
0.000000
66
1
0
VERTEX
8
Sketch
10
204.888031
20
270.766914
70
0
0
VERTEX
8
Sketch
10
204.770711
20
271.049459
70
0
0
VERTEX
8
Sketch
10
204.488032
20
271.166453
70
0
0
VERTEX
8
Sketch
10
204.205352
20
271.049459
70
0
0
VERTEX
8
Sketch
10
204.088032
20
270.766914
70
0
0
VERTEX
8
Sketch
10
204.205352
20
270.484369
70
0
0
VERTEX
8
Sketch
10
204.488032
20
270.367375
70
0
0
VERTEX
8
Sketch
10
204.770711
20
270.484369
70
0
0
VERTEX
8
Sketch
10
204.888031
20
270.766914
70
0
0
VERTEX
8
Sketch
10
204.888031
20
270.766914
70
0
0
SEQEND
8
Sketch
0
POLYLINE
8
Sketch
62
7
70
0
10
0.000000
20
0.000000
66
1
0
VERTEX
8
Sketch
10
207.087734
20
269.496916
70
0
0
VERTEX
8
Sketch
10
206.887734
20
269.843326
70
0
0
VERTEX
8
Sketch
10
206.487733
20
269.843326
70
0
0
VERTEX
8
Sketch
10
206.287733
20
269.496916
70
0
0
VERTEX
8
Sketch
10
206.487733
20
269.150505
70
0
0
VERTEX
8
Sketch
10
206.887734
20
269.150505
70
0
0
VERTEX
8
Sketch
10
207.087734
20
269.496916
70
0
0
VERTEX
8
Sketch
10
207.087734
20
269.496916
70
0
0
SEQEND
8
Sketch
0
POLYLINE
8
Sketch
62
7
70
0
10
0.000000
20
0.000000
66
1
0
VERTEX
8
Sketch
10
202.688330
20
272.036912
70
0
0
VERTEX
8
Sketch
10
202.571010
20
272.319457
70
0
0
VERTEX
8
Sketch
10
202.288331
20
272.436452
70
0
0
VERTEX
8
Sketch
10
202.005651
20
272.319457
70
0
0
VERTEX
8
Sketch
10
201.888332
20
272.036912
70
0
0
VERTEX
8
Sketch
10
202.005651
20
271.754368
70
0
0
VERTEX
8
Sketch
10
202.288331
20
271.637373
70
0
0
VERTEX
8
Sketch
10
202.571010
20
271.754368
70
0
0
VERTEX
8
Sketch
10
202.688330
20
272.036912
70
0
0
VERTEX
8
Sketch
10
202.688330
20
272.036912
70
0
0
SEQEND
8
Sketch
0
POLYLINE
8
Sketch
62
7
70
0
10
0.000000
20
0.000000
66
1
0
VERTEX
8
Sketch
10
268.424741
20
216.696171
70
0
0
VERTEX
8
Sketch
10
268.307584
20
216.979014
70
0
0
VERTEX
8
Sketch
10
268.024741
20
217.096172
70
0
0
VERTEX
8
Sketch
10
267.741897
20
216.979014
70
0
0
VERTEX
8
Sketch
10
267.624740
20
216.696171
70
0
0
VERTEX
8
Sketch
10
267.741897
20
216.413328
70
0
0
VERTEX
8
Sketch
10
268.024741
20
216.296171
70
0
0
VERTEX
8
Sketch
10
268.307584
20
216.413328
70
0
0
VERTEX
8
Sketch
10
268.424741
20
216.696171
70
0
0
VERTEX
8
Sketch
10
268.424741
20
216.696171
70
0
0
SEQEND
8
Sketch
0
POLYLINE
8
Sketch
62
7
70
0
10
0.000000
20
0.000000
66
1
0
VERTEX
8
Sketch
10
266.792060
20
218.641920
70
0
0
VERTEX
8
Sketch
10
266.674741
20
218.924465
70
0
0
VERTEX
8
Sketch
10
266.392061
20
219.041459
70
0
0
VERTEX
8
Sketch
10
266.109381
20
218.924465
70
0
0
VERTEX
8
Sketch
10
265.992062
20
218.641920
70
0
0
VERTEX
8
Sketch
10
266.109381
20
218.359375
70
0
0
VERTEX
8
Sketch
10
266.392061
20
218.242381
70
0
0
VERTEX
8
Sketch
10
266.674741
20
218.359375
70
0
0
VERTEX
8
Sketch
10
266.792060
20
218.641920
70
0
0
VERTEX
8
Sketch
10
266.792060
20
218.641920
70
0
0
SEQEND
8
Sketch
0
POLYLINE
8
Sketch
62
7
70
0
10
0.000000
20
0.000000
66
1
0
VERTEX
8
Sketch
10
265.159382
20
220.587671
70
0
0
VERTEX
8
Sketch
10
265.042062
20
220.870216
70
0
0
VERTEX
8
Sketch
10
264.759383
20
220.987211
70
0
0
VERTEX
8
Sketch
10
264.476703
20
220.870216
70
0
0
VERTEX
8
Sketch
10
264.359384
20
220.587671
70
0
0
VERTEX
8
Sketch
10
264.476703
20
220.305126
70
0
0
VERTEX
8
Sketch
10
264.759383
20
220.188132
70
0
0
VERTEX
8
Sketch
10
265.042062
20
220.305126
70
0
0
VERTEX
8
Sketch
10
265.159382
20
220.587671
70
0
0
VERTEX
8
Sketch
10
265.159382
20
220.587671
70
0
0
SEQEND
8
Sketch
0
POLYLINE
8
Sketch
62
7
70
0
10
0.000000
20
0.000000
66
1
0
VERTEX
8
Sketch
10
263.526704
20
222.533423
70
0
0
VERTEX
8
Sketch
10
263.409384
20
222.815967
70
0
0
VERTEX
8
Sketch
10
263.126705
20
222.932962
70
0
0
VERTEX
8
Sketch
10
262.844025
20
222.815967
70
0
0
VERTEX
8
Sketch
10
262.726705
20
222.533423
70
0
0
VERTEX
8
Sketch
10
262.844025
20
222.250878
70
0
0
VERTEX
8
Sketch
10
263.126705
20
222.133883
70
0
0
VERTEX
8
Sketch
10
263.409384
20
222.250878
70
0
0
VERTEX
8
Sketch
10
263.526704
20
222.533423
70
0
0
VERTEX
8
Sketch
10
263.526704
20
222.533423
70
0
0
SEQEND
8
Sketch
0
POLYLINE
8
Sketch
62
7
70
0
10
0.000000
20
0.000000
66
1
0
VERTEX
8
Sketch
10
261.894026
20
224.479171
70
0
0
VERTEX
8
Sketch
10
261.776706
20
224.761716
70
0
0
VERTEX
8
Sketch
10
261.494026
20
224.878711
70
0
0
VERTEX
8
Sketch
10
261.211347
20
224.761716
70
0
0
VERTEX
8
Sketch
10
261.094027
20
224.479171
70
0
0
VERTEX
8
Sketch
10
261.211347
20
224.196626
70
0
0
VERTEX
8
Sketch
10
261.494026
20
224.079632
70
0
0
VERTEX
8
Sketch
10
261.776706
20
224.196626
70
0
0
VERTEX
8
Sketch
10
261.894026
20
224.479171
70
0
0
VERTEX
8
Sketch
10
261.894026
20
224.479171
70
0
0
SEQEND
8
Sketch
0
POLYLINE
8
Sketch
62
7
70
0
10
0.000000
20
0.000000
66
1
0
VERTEX
8
Sketch
10
248.311940
20
240.665671
70
0
0
VERTEX
8
Sketch
10
248.194621
20
240.948216
70
0
0
VERTEX
8
Sketch
10
247.911941
20
241.065211
70
0
0
VERTEX
8
Sketch
10
247.629262
20
240.948216
70
0
0
VERTEX
8
Sketch
10
247.511942
20
240.665671
70
0
0
VERTEX
8
Sketch
10
247.629262
20
240.383126
70
0
0
VERTEX
8
Sketch
10
247.911941
20
240.266132
70
0
0
VERTEX
8
Sketch
10
248.194621
20
240.383126
70
0
0
VERTEX
8
Sketch
10
248.311940
20
240.665671
70
0
0
VERTEX
8
Sketch
10
248.311940
20
240.665671
70
0
0
SEQEND
8
Sketch
0
POLYLINE
8
Sketch
62
7
70
0
10
0.000000
20
0.000000
66
1
0
VERTEX
8
Sketch
10
246.679262
20
242.611423
70
0
0
VERTEX
8
Sketch
10
246.561943
20
242.893967
70
0
0
VERTEX
8
Sketch
10
246.279263
20
243.010962
70
0
0
VERTEX
8
Sketch
10
245.996583
20
242.893967
70
0
0
VERTEX
8
Sketch
10
245.879264
20
242.611423
70
0
0
VERTEX
8
Sketch
10
245.996583
20
242.328878
70
0
0
VERTEX
8
Sketch
10
246.279263
20
242.211883
70
0
0
VERTEX
8
Sketch
10
246.561943
20
242.328878
70
0
0
VERTEX
8
Sketch
10
246.679262
20
242.611423
70
0
0
VERTEX
8
Sketch
10
246.679262
20
242.611423
70
0
0
SEQEND
8
Sketch
0
POLYLINE
8
Sketch
62
7
70
0
10
0.000000
20
0.000000
66
1
0
VERTEX
8
Sketch
10
243.413906
20
246.502923
70
0
0
VERTEX
8
Sketch
10
243.296586
20
246.785467
70
0
0
VERTEX
8
Sketch
10
243.013907
20
246.902462
70
0
0
VERTEX
8
Sketch
10
242.731227
20
246.785467
70
0
0
VERTEX
8
Sketch
10
242.613907
20
246.502923
70
0
0
VERTEX
8
Sketch
10
242.731227
20
246.220378
70
0
0
VERTEX
8
Sketch
10
243.013907
20
246.103383
70
0
0
VERTEX
8
Sketch
10
243.296586
20
246.220378
70
0
0
VERTEX
8
Sketch
10
243.413906
20
246.502923
70
0
0
VERTEX
8
Sketch
10
243.413906
20
246.502923
70
0
0
SEQEND
8
Sketch
0
POLYLINE
8
Sketch
62
7
70
0
10
0.000000
20
0.000000
66
1
0
VERTEX
8
Sketch
10
245.046584
20
244.557171
70
0
0
VERTEX
8
Sketch
10
244.929264
20
244.839716
70
0
0
VERTEX
8
Sketch
10
244.646585
20
244.956711
70
0
0
VERTEX
8
Sketch
10
244.363905
20
244.839716
70
0
0
VERTEX
8
Sketch
10
244.246586
20
244.557171
70
0
0
VERTEX
8
Sketch
10
244.363905
20
244.274626
70
0
0
VERTEX
8
Sketch
10
244.646585
20
244.157632
70
0
0
VERTEX
8
Sketch
10
244.929264
20
244.274626
70
0
0
VERTEX
8
Sketch
10
245.046584
20
244.557171
70
0
0
VERTEX
8
Sketch
10
245.046584
20
244.557171
70
0
0
SEQEND
8
Sketch
0
POLYLINE
8
Sketch
62
7
70
0
10
0.000000
20
0.000000
66
1
0
VERTEX
8
Sketch
10
241.781228
20
248.448671
70
0
0
VERTEX
8
Sketch
10
241.581227
20
248.795082
70
0
0
VERTEX
8
Sketch
10
241.181227
20
248.795082
70
0
0
VERTEX
8
Sketch
10
240.981227
20
248.448671
70
0
0
VERTEX
8
Sketch
10
241.181227
20
248.102261
70
0
0
VERTEX
8
Sketch
10
241.581227
20
248.102261
70
0
0
VERTEX
8
Sketch
10
241.781228
20
248.448671
70
0
0
VERTEX
8
Sketch
10
241.781228
20
248.448671
70
0
0
SEQEND
8
Sketch
0
POLYLINE
8
Sketch
62
7
70
0
10
0.000000
20
0.000000
66
1
0
VERTEX
8
Sketch
10
284.625597
20
173.962199
70
0
0
VERTEX
8
Sketch
10
284.508278
20
174.244744
70
0
0
VERTEX
8
Sketch
10
284.225598
20
174.361738
70
0
0
VERTEX
8
Sketch
10
283.942918
20
174.244744
70
0
0
VERTEX
8
Sketch
10
283.825599
20
173.962199
70
0
0
VERTEX
8
Sketch
10
283.942918
20
173.679654
70
0
0
VERTEX
8
Sketch
10
284.225598
20
173.562659
70
0
0
VERTEX
8
Sketch
10
284.508278
20
173.679654
70
0
0
VERTEX
8
Sketch
10
284.625597
20
173.962199
70
0
0
VERTEX
8
Sketch
10
284.625597
20
173.962199
70
0
0
SEQEND
8
Sketch
0
POLYLINE
8
Sketch
62
7
70
0
10
0.000000
20
0.000000
66
1
0
VERTEX
8
Sketch
10
283.756868
20
176.349029
70
0
0
VERTEX
8
Sketch
10
283.639549
20
176.631573
70
0
0
VERTEX
8
Sketch
10
283.356869
20
176.748568
70
0
0
VERTEX
8
Sketch
10
283.074189
20
176.631573
70
0
0
VERTEX
8
Sketch
10
282.956870
20
176.349029
70
0
0
VERTEX
8
Sketch
10
283.074189
20
176.066484
70
0
0
VERTEX
8
Sketch
10
283.356869
20
175.949489
70
0
0
VERTEX
8
Sketch
10
283.639549
20
176.066484
70
0
0
VERTEX
8
Sketch
10
283.756868
20
176.349029
70
0
0
VERTEX
8
Sketch
10
283.756868
20
176.349029
70
0
0
SEQEND
8
Sketch
0
POLYLINE
8
Sketch
62
7
70
0
10
0.000000
20
0.000000
66
1
0
VERTEX
8
Sketch
10
282.888139
20
178.735832
70
0
0
VERTEX
8
Sketch
10
282.688139
20
179.082242
70
0
0
VERTEX
8
Sketch
10
282.288138
20
179.082242
70
0
0
VERTEX
8
Sketch
10
282.088138
20
178.735832
70
0
0
VERTEX
8
Sketch
10
282.288138
20
178.389421
70
0
0
VERTEX
8
Sketch
10
282.688139
20
178.389421
70
0
0
VERTEX
8
Sketch
10
282.888139
20
178.735832
70
0
0
VERTEX
8
Sketch
10
282.888139
20
178.735832
70
0
0
SEQEND
8
Sketch
0
POLYLINE
8
Sketch
62
7
70
0
10
0.000000
20
0.000000
66
1
0
VERTEX
8
Sketch
10
282.019407
20
181.122661
70
0
0
VERTEX
8
Sketch
10
281.902088
20
181.405206
70
0
0
VERTEX
8
Sketch
10
281.619408
20
181.522201
70
0
0
VERTEX
8
Sketch
10
281.336728
20
181.405206
70
0
0
VERTEX
8
Sketch
10
281.219409
20
181.122661
70
0
0
VERTEX
8
Sketch
10
281.336728
20
180.840117
70
0
0
VERTEX
8
Sketch
10
281.619408
20
180.723122
70
0
0
VERTEX
8
Sketch
10
281.902088
20
180.840117
70
0
0
VERTEX
8
Sketch
10
282.019407
20
181.122661
70
0
0
VERTEX
8
Sketch
10
282.019407
20
181.122661
70
0
0
SEQEND
8
Sketch
0
POLYLINE
8
Sketch
62
7
70
0
10
0.000000
20
0.000000
66
1
0
VERTEX
8
Sketch
10
281.150678
20
183.509475
70
0
0
VERTEX
8
Sketch
10
280.950678
20
183.855886
70
0
0
VERTEX
8
Sketch
10
280.550677
20
183.855886
70
0
0
VERTEX
8
Sketch
10
280.350677
20
183.509475
70
0
0
VERTEX
8
Sketch
10
280.550677
20
183.163065
70
0
0
VERTEX
8
Sketch
10
280.950678
20
183.163065
70
0
0
VERTEX
8
Sketch
10
281.150678
20
183.509475
70
0
0
VERTEX
8
Sketch
10
281.150678
20
183.509475
70
0
0
SEQEND
8
Sketch
0
POLYLINE
8
Sketch
62
7
70
0
10
0.000000
20
0.000000
66
1
0
VERTEX
8
Sketch
10
273.923802
20
203.365154
70
0
0
VERTEX
8
Sketch
10
273.806645
20
203.647997
70
0
0
VERTEX
8
Sketch
10
273.523802
20
203.765155
70
0
0
VERTEX
8
Sketch
10
273.240959
20
203.647997
70
0
0
VERTEX
8
Sketch
10
273.123801
20
203.365154
70
0
0
VERTEX
8
Sketch
10
273.240959
20
203.082311
70
0
0
VERTEX
8
Sketch
10
273.523802
20
202.965154
70
0
0
VERTEX
8
Sketch
10
273.806645
20
203.082311
70
0
0
VERTEX
8
Sketch
10
273.923802
20
203.365154
70
0
0
VERTEX
8
Sketch
10
273.923802
20
203.365154
70
0
0
SEQEND
8
Sketch
0
POLYLINE
8
Sketch
62
7
70
0
10
0.000000
20
0.000000
66
1
0
VERTEX
8
Sketch
10
273.055071
20
205.751971
70
0
0
VERTEX
8
Sketch
10
272.937751
20
206.034516
70
0
0
VERTEX
8
Sketch
10
272.655071
20
206.151510
70
0
0
VERTEX
8
Sketch
10
272.372392
20
206.034516
70
0
0
VERTEX
8
Sketch
10
272.255072
20
205.751971
70
0
0
VERTEX
8
Sketch
10
272.372392
20
205.469426
70
0
0
VERTEX
8
Sketch
10
272.655071
20
205.352431
70
0
0
VERTEX
8
Sketch
10
272.937751
20
205.469426
70
0
0
VERTEX
8
Sketch
10
273.055071
20
205.751971
70
0
0
VERTEX
8
Sketch
10
273.055071
20
205.751971
70
0
0
SEQEND
8
Sketch
0
POLYLINE
8
Sketch
62
7
70
0
10
0.000000
20
0.000000
66
1
0
VERTEX
8
Sketch
10
271.317610
20
210.525604
70
0
0
VERTEX
8
Sketch
10
271.200290
20
210.808148
70
0
0
VERTEX
8
Sketch
10
270.917610
20
210.925143
70
0
0
VERTEX
8
Sketch
10
270.634931
20
210.808148
70
0
0
VERTEX
8
Sketch
10
270.517611
20
210.525604
70
0
0
VERTEX
8
Sketch
10
270.634931
20
210.243059
70
0
0
VERTEX
8
Sketch
10
270.917610
20
210.126064
70
0
0
VERTEX
8
Sketch
10
271.200290
20
210.243059
70
0
0
VERTEX
8
Sketch
10
271.317610
20
210.525604
70
0
0
VERTEX
8
Sketch
10
271.317610
20
210.525604
70
0
0
SEQEND
8
Sketch
0
POLYLINE
8
Sketch
62
7
70
0
10
0.000000
20
0.000000
66
1
0
VERTEX
8
Sketch
10
272.186341
20
208.138787
70
0
0
VERTEX
8
Sketch
10
271.986341
20
208.485198
70
0
0
VERTEX
8
Sketch
10
271.586341
20
208.485198
70
0
0
VERTEX
8
Sketch
10
271.386340
20
208.138787
70
0
0
VERTEX
8
Sketch
10
271.586341
20
207.792376
70
0
0
VERTEX
8
Sketch
10
271.986341
20
207.792376
70
0
0
VERTEX
8
Sketch
10
272.186341
20
208.138787
70
0
0
VERTEX
8
Sketch
10
272.186341
20
208.138787
70
0
0
SEQEND
8
Sketch
0
POLYLINE
8
Sketch
62
7
70
0
10
0.000000
20
0.000000
66
1
0
VERTEX
8
Sketch
10
270.448880
20
212.912420
70
0
0
VERTEX
8
Sketch
10
270.331561
20
213.194965
70
0
0
VERTEX
8
Sketch
10
270.048881
20
213.311959
70
0
0
VERTEX
8
Sketch
10
269.766202
20
213.194965
70
0
0
VERTEX
8
Sketch
10
269.648882
20
212.912420
70
0
0
VERTEX
8
Sketch
10
269.766202
20
212.629875
70
0
0
VERTEX
8
Sketch
10
270.048881
20
212.512881
70
0
0
VERTEX
8
Sketch
10
270.331561
20
212.629875
70
0
0
VERTEX
8
Sketch
10
270.448880
20
212.912420
70
0
0
VERTEX
8
Sketch
10
270.448880
20
212.912420
70
0
0
SEQEND
8
Sketch
0
POLYLINE
8
Sketch
62
7
70
0
10
0.000000
20
0.000000
66
1
0
VERTEX
8
Sketch
10
285.233548
20
128.264402
70
0
0
VERTEX
8
Sketch
10
285.116229
20
128.546947
70
0
0
VERTEX
8
Sketch
10
284.833549
20
128.663941
70
0
0
VERTEX
8
Sketch
10
284.550869
20
128.546947
70
0
0
VERTEX
8
Sketch
10
284.433550
20
128.264402
70
0
0
VERTEX
8
Sketch
10
284.550869
20
127.981857
70
0
0
VERTEX
8
Sketch
10
284.833549
20
127.864863
70
0
0
VERTEX
8
Sketch
10
285.116229
20
127.981857
70
0
0
VERTEX
8
Sketch
10
285.233548
20
128.264402
70
0
0
VERTEX
8
Sketch
10
285.233548
20
128.264402
70
0
0
SEQEND
8
Sketch
0
POLYLINE
8
Sketch
62
7
70
0
10
0.000000
20
0.000000
66
1
0
VERTEX
8
Sketch
10
285.233548
20
130.804399
70
0
0
VERTEX
8
Sketch
10
285.116229
20
131.086944
70
0
0
VERTEX
8
Sketch
10
284.833549
20
131.203938
70
0
0
VERTEX
8
Sketch
10
284.550869
20
131.086944
70
0
0
VERTEX
8
Sketch
10
284.433550
20
130.804399
70
0
0
VERTEX
8
Sketch
10
284.550869
20
130.521854
70
0
0
VERTEX
8
Sketch
10
284.833549
20
130.404859
70
0
0
VERTEX
8
Sketch
10
285.116229
20
130.521854
70
0
0
VERTEX
8
Sketch
10
285.233548
20
130.804399
70
0
0
VERTEX
8
Sketch
10
285.233548
20
130.804399
70
0
0
SEQEND
8
Sketch
0
POLYLINE
8
Sketch
62
7
70
0
10
0.000000
20
0.000000
66
1
0
VERTEX
8
Sketch
10
285.233548
20
133.344396
70
0
0
VERTEX
8
Sketch
10
285.116229
20
133.626941
70
0
0
VERTEX
8
Sketch
10
284.833549
20
133.743935
70
0
0
VERTEX
8
Sketch
10
284.550869
20
133.626941
70
0
0
VERTEX
8
Sketch
10
284.433550
20
133.344396
70
0
0
VERTEX
8
Sketch
10
284.550869
20
133.061851
70
0
0
VERTEX
8
Sketch
10
284.833549
20
132.944856
70
0
0
VERTEX
8
Sketch
10
285.116229
20
133.061851
70
0
0
VERTEX
8
Sketch
10
285.233548
20
133.344396
70
0
0
VERTEX
8
Sketch
10
285.233548
20
133.344396
70
0
0
SEQEND
8
Sketch
0
POLYLINE
8
Sketch
62
7
70
0
10
0.000000
20
0.000000
66
1
0
VERTEX
8
Sketch
10
285.233548
20
135.884392
70
0
0
VERTEX
8
Sketch
10
285.116229
20
136.166937
70
0
0
VERTEX
8
Sketch
10
284.833549
20
136.283932
70
0
0
VERTEX
8
Sketch
10
284.550869
20
136.166937
70
0
0
VERTEX
8
Sketch
10
284.433550
20
135.884392
70
0
0
VERTEX
8
Sketch
10
284.550869
20
135.601848
70
0
0
VERTEX
8
Sketch
10
284.833549
20
135.484853
70
0
0
VERTEX
8
Sketch
10
285.116229
20
135.601848
70
0
0
VERTEX
8
Sketch
10
285.233548
20
135.884392
70
0
0
VERTEX
8
Sketch
10
285.233548
20
135.884392
70
0
0
SEQEND
8
Sketch
0
POLYLINE
8
Sketch
62
7
70
0
10
0.000000
20
0.000000
66
1
0
VERTEX
8
Sketch
10
285.233548
20
138.424389
70
0
0
VERTEX
8
Sketch
10
285.116229
20
138.706934
70
0
0
VERTEX
8
Sketch
10
284.833549
20
138.823929
70
0
0
VERTEX
8
Sketch
10
284.550869
20
138.706934
70
0
0
VERTEX
8
Sketch
10
284.433550
20
138.424389
70
0
0
VERTEX
8
Sketch
10
284.550869
20
138.141844
70
0
0
VERTEX
8
Sketch
10
284.833549
20
138.024850
70
0
0
VERTEX
8
Sketch
10
285.116229
20
138.141844
70
0
0
VERTEX
8
Sketch
10
285.233548
20
138.424389
70
0
0
VERTEX
8
Sketch
10
285.233548
20
138.424389
70
0
0
SEQEND
8
Sketch
0
POLYLINE
8
Sketch
62
7
70
0
10
0.000000
20
0.000000
66
1
0
VERTEX
8
Sketch
10
285.233548
20
159.554358
70
0
0
VERTEX
8
Sketch
10
285.116229
20
159.836903
70
0
0
VERTEX
8
Sketch
10
284.833549
20
159.953897
70
0
0
VERTEX
8
Sketch
10
284.550869
20
159.836903
70
0
0
VERTEX
8
Sketch
10
284.433550
20
159.554358
70
0
0
VERTEX
8
Sketch
10
284.550869
20
159.271813
70
0
0
VERTEX
8
Sketch
10
284.833549
20
159.154819
70
0
0
VERTEX
8
Sketch
10
285.116229
20
159.271813
70
0
0
VERTEX
8
Sketch
10
285.233548
20
159.554358
70
0
0
VERTEX
8
Sketch
10
285.233548
20
159.554358
70
0
0
SEQEND
8
Sketch
0
POLYLINE
8
Sketch
62
7
70
0
10
0.000000
20
0.000000
66
1
0
VERTEX
8
Sketch
10
285.233548
20
162.094355
70
0
0
VERTEX
8
Sketch
10
285.116229
20
162.376900
70
0
0
VERTEX
8
Sketch
10
284.833549
20
162.493894
70
0
0
VERTEX
8
Sketch
10
284.550869
20
162.376900
70
0
0
VERTEX
8
Sketch
10
284.433550
20
162.094355
70
0
0
VERTEX
8
Sketch
10
284.550869
20
161.811810
70
0
0
VERTEX
8
Sketch
10
284.833549
20
161.694815
70
0
0
VERTEX
8
Sketch
10
285.116229
20
161.811810
70
0
0
VERTEX
8
Sketch
10
285.233548
20
162.094355
70
0
0
VERTEX
8
Sketch
10
285.233548
20
162.094355
70
0
0
SEQEND
8
Sketch
0
POLYLINE
8
Sketch
62
7
70
0
10
0.000000
20
0.000000
66
1
0
VERTEX
8
Sketch
10
285.233548
20
167.174348
70
0
0
VERTEX
8
Sketch
10
285.116229
20
167.456893
70
0
0
VERTEX
8
Sketch
10
284.833549
20
167.573888
70
0
0
VERTEX
8
Sketch
10
284.550869
20
167.456893
70
0
0
VERTEX
8
Sketch
10
284.433550
20
167.174348
70
0
0
VERTEX
8
Sketch
10
284.550869
20
166.891804
70
0
0
VERTEX
8
Sketch
10
284.833549
20
166.774809
70
0
0
VERTEX
8
Sketch
10
285.116229
20
166.891804
70
0
0
VERTEX
8
Sketch
10
285.233548
20
167.174348
70
0
0
VERTEX
8
Sketch
10
285.233548
20
167.174348
70
0
0
SEQEND
8
Sketch
0
POLYLINE
8
Sketch
62
7
70
0
10
0.000000
20
0.000000
66
1
0
VERTEX
8
Sketch
10
285.233548
20
164.634352
70
0
0
VERTEX
8
Sketch
10
285.116229
20
164.916897
70
0
0
VERTEX
8
Sketch
10
284.833549
20
165.033891
70
0
0
VERTEX
8
Sketch
10
284.550869
20
164.916897
70
0
0
VERTEX
8
Sketch
10
284.433550
20
164.634352
70
0
0
VERTEX
8
Sketch
10
284.550869
20
164.351807
70
0
0
VERTEX
8
Sketch
10
284.833549
20
164.234812
70
0
0
VERTEX
8
Sketch
10
285.116229
20
164.351807
70
0
0
VERTEX
8
Sketch
10
285.233548
20
164.634352
70
0
0
VERTEX
8
Sketch
10
285.233548
20
164.634352
70
0
0
SEQEND
8
Sketch
0
POLYLINE
8
Sketch
62
7
70
0
10
0.000000
20
0.000000
66
1
0
VERTEX
8
Sketch
10
285.233548
20
169.714345
70
0
0
VERTEX
8
Sketch
10
285.116229
20
169.996890
70
0
0
VERTEX
8
Sketch
10
284.833549
20
170.113885
70
0
0
VERTEX
8
Sketch
10
284.550869
20
169.996890
70
0
0
VERTEX
8
Sketch
10
284.433550
20
169.714345
70
0
0
VERTEX
8
Sketch
10
284.550869
20
169.431800
70
0
0
VERTEX
8
Sketch
10
284.833549
20
169.314806
70
0
0
VERTEX
8
Sketch
10
285.116229
20
169.431800
70
0
0
VERTEX
8
Sketch
10
285.233548
20
169.714345
70
0
0
VERTEX
8
Sketch
10
285.233548
20
169.714345
70
0
0
SEQEND
8
Sketch
0
POLYLINE
8
Sketch
62
7
70
0
10
0.000000
20
0.000000
66
1
0
VERTEX
8
Sketch
10
270.175265
20
85.114566
70
0
0
VERTEX
8
Sketch
10
270.057945
20
85.397111
70
0
0
VERTEX
8
Sketch
10
269.775265
20
85.514105
70
0
0
VERTEX
8
Sketch
10
269.492586
20
85.397111
70
0
0
VERTEX
8
Sketch
10
269.375266
20
85.114566
70
0
0
VERTEX
8
Sketch
10
269.492586
20
84.832021
70
0
0
VERTEX
8
Sketch
10
269.775265
20
84.715027
70
0
0
VERTEX
8
Sketch
10
270.057945
20
84.832021
70
0
0
VERTEX
8
Sketch
10
270.175265
20
85.114566
70
0
0
VERTEX
8
Sketch
10
270.175265
20
85.114566
70
0
0
SEQEND
8
Sketch
0
POLYLINE
8
Sketch
62
7
70
0
10
0.000000
20
0.000000
66
1
0
VERTEX
8
Sketch
10
271.043994
20
87.501396
70
0
0
VERTEX
8
Sketch
10
270.926674
20
87.783941
70
0
0
VERTEX
8
Sketch
10
270.643994
20
87.900935
70
0
0
VERTEX
8
Sketch
10
270.361315
20
87.783941
70
0
0
VERTEX
8
Sketch
10
270.243995
20
87.501396
70
0
0
VERTEX
8
Sketch
10
270.361315
20
87.218851
70
0
0
VERTEX
8
Sketch
10
270.643994
20
87.101856
70
0
0
VERTEX
8
Sketch
10
270.926674
20
87.218851
70
0
0
VERTEX
8
Sketch
10
271.043994
20
87.501396
70
0
0
VERTEX
8
Sketch
10
271.043994
20
87.501396
70
0
0
SEQEND
8
Sketch
0
POLYLINE
8
Sketch
62
7
70
0
10
0.000000
20
0.000000
66
1
0
VERTEX
8
Sketch
10
271.912726
20
89.888199
70
0
0
VERTEX
8
Sketch
10
271.795406
20
90.170744
70
0
0
VERTEX
8
Sketch
10
271.512726
20
90.287738
70
0
0
VERTEX
8
Sketch
10
271.230047
20
90.170744
70
0
0
VERTEX
8
Sketch
10
271.112727
20
89.888199
70
0
0
VERTEX
8
Sketch
10
271.230047
20
89.605654
70
0
0
VERTEX
8
Sketch
10
271.512726
20
89.488660
70
0
0
VERTEX
8
Sketch
10
271.795406
20
89.605654
70
0
0
VERTEX
8
Sketch
10
271.912726
20
89.888199
70
0
0
VERTEX
8
Sketch
10
271.912726
20
89.888199
70
0
0
SEQEND
8
Sketch
0
POLYLINE
8
Sketch
62
7
70
0
10
0.000000
20
0.000000
66
1
0
VERTEX
8
Sketch
10
272.781455
20
92.275029
70
0
0
VERTEX
8
Sketch
10
272.664135
20
92.557574
70
0
0
VERTEX
8
Sketch
10
272.381455
20
92.674568
70
0
0
VERTEX
8
Sketch
10
272.098776
20
92.557574
70
0
0
VERTEX
8
Sketch
10
271.981456
20
92.275029
70
0
0
VERTEX
8
Sketch
10
272.098776
20
91.992484
70
0
0
VERTEX
8
Sketch
10
272.381455
20
91.875489
70
0
0
VERTEX
8
Sketch
10
272.664135
20
91.992484
70
0
0
VERTEX
8
Sketch
10
272.781455
20
92.275029
70
0
0
VERTEX
8
Sketch
10
272.781455
20
92.275029
70
0
0
SEQEND
8
Sketch
0
POLYLINE
8
Sketch
62
7
70
0
10
0.000000
20
0.000000
66
1
0
VERTEX
8
Sketch
10
273.650187
20
94.661832
70
0
0
VERTEX
8
Sketch
10
273.450186
20
95.008243
70
0
0
VERTEX
8
Sketch
10
273.050186
20
95.008243
70
0
0
VERTEX
8
Sketch
10
272.850185
20
94.661832
70
0
0
VERTEX
8
Sketch
10
273.050186
20
94.315421
70
0
0
VERTEX
8
Sketch
10
273.450186
20
94.315421
70
0
0
VERTEX
8
Sketch
10
273.650187
20
94.661832
70
0
0
VERTEX
8
Sketch
10
273.650187
20
94.661832
70
0
0
SEQEND
8
Sketch
0
POLYLINE
8
Sketch
62
7
70
0
10
0.000000
20
0.000000
66
1
0
VERTEX
8
Sketch
10
280.877062
20
114.517516
70
0
0
VERTEX
8
Sketch
10
280.759905
20
114.800359
70
0
0
VERTEX
8
Sketch
10
280.477062
20
114.917516
70
0
0
VERTEX
8
Sketch
10
280.194219
20
114.800359
70
0
0
VERTEX
8
Sketch
10
280.077061
20
114.517516
70
0
0
VERTEX
8
Sketch
10
280.194219
20
114.234673
70
0
0
VERTEX
8
Sketch
10
280.477062
20
114.117516
70
0
0
VERTEX
8
Sketch
10
280.759905
20
114.234673
70
0
0
VERTEX
8
Sketch
10
280.877062
20
114.517516
70
0
0
VERTEX
8
Sketch
10
280.877062
20
114.517516
70
0
0
SEQEND
8
Sketch
0
POLYLINE
8
Sketch
62
7
70
0
10
0.000000
20
0.000000
66
1
0
VERTEX
8
Sketch
10
281.745791
20
116.904346
70
0
0
VERTEX
8
Sketch
10
281.628472
20
117.186891
70
0
0
VERTEX
8
Sketch
10
281.345792
20
117.303885
70
0
0
VERTEX
8
Sketch
10
281.063112
20
117.186891
70
0
0
VERTEX
8
Sketch
10
280.945793
20
116.904346
70
0
0
VERTEX
8
Sketch
10
281.063112
20
116.621801
70
0
0
VERTEX
8
Sketch
10
281.345792
20
116.504806
70
0
0
VERTEX
8
Sketch
10
281.628472
20
116.621801
70
0
0
VERTEX
8
Sketch
10
281.745791
20
116.904346
70
0
0
VERTEX
8
Sketch
10
281.745791
20
116.904346
70
0
0
SEQEND
8
Sketch
0
POLYLINE
8
Sketch
62
7
70
0
10
0.000000
20
0.000000
66
1
0
VERTEX
8
Sketch
10
283.483252
20
121.677979
70
0
0
VERTEX
8
Sketch
10
283.365933
20
121.960524
70
0
0
VERTEX
8
Sketch
10
283.083253
20
122.077518
70
0
0
VERTEX
8
Sketch
10
282.800573
20
121.960524
70
0
0
VERTEX
8
Sketch
10
282.683254
20
121.677979
70
0
0
VERTEX
8
Sketch
10
282.800573
20
121.395434
70
0
0
VERTEX
8
Sketch
10
283.083253
20
121.278439
70
0
0
VERTEX
8
Sketch
10
283.365933
20
121.395434
70
0
0
VERTEX
8
Sketch
10
283.483252
20
121.677979
70
0
0
VERTEX
8
Sketch
10
283.483252
20
121.677979
70
0
0
SEQEND
8
Sketch
0
POLYLINE
8
Sketch
62
7
70
0
10
0.000000
20
0.000000
66
1
0
VERTEX
8
Sketch
10
282.614523
20
119.291149
70
0
0
VERTEX
8
Sketch
10
282.497366
20
119.573992
70
0
0
VERTEX
8
Sketch
10
282.214523
20
119.691149
70
0
0
VERTEX
8
Sketch
10
281.931680
20
119.573992
70
0
0
VERTEX
8
Sketch
10
281.814522
20
119.291149
70
0
0
VERTEX
8
Sketch
10
281.931680
20
119.008306
70
0
0
VERTEX
8
Sketch
10
282.214523
20
118.891149
70
0
0
VERTEX
8
Sketch
10
282.497366
20
119.008306
70
0
0
VERTEX
8
Sketch
10
282.614523
20
119.291149
70
0
0
VERTEX
8
Sketch
10
282.614523
20
119.291149
70
0
0
SEQEND
8
Sketch
0
POLYLINE
8
Sketch
62
7
70
0
10
0.000000
20
0.000000
66
1
0
VERTEX
8
Sketch
10
284.351981
20
124.064782
70
0
0
VERTEX
8
Sketch
10
284.234662
20
124.347327
70
0
0
VERTEX
8
Sketch
10
283.951982
20
124.464321
70
0
0
VERTEX
8
Sketch
10
283.669303
20
124.347327
70
0
0
VERTEX
8
Sketch
10
283.551983
20
124.064782
70
0
0
VERTEX
8
Sketch
10
283.669303
20
123.782237
70
0
0
VERTEX
8
Sketch
10
283.951982
20
123.665242
70
0
0
VERTEX
8
Sketch
10
284.234662
20
123.782237
70
0
0
VERTEX
8
Sketch
10
284.351981
20
124.064782
70
0
0
VERTEX
8
Sketch
10
284.351981
20
124.064782
70
0
0
SEQEND
8
Sketch
0
POLYLINE
8
Sketch
62
7
70
0
10
0.000000
20
0.000000
66
1
0
VERTEX
8
Sketch
10
241.266997
20
49.717250
70
0
0
VERTEX
8
Sketch
10
241.149641
20
49.999728
70
0
0
VERTEX
8
Sketch
10
240.866998
20
50.116686
70
0
0
VERTEX
8
Sketch
10
240.584355
20
49.999728
70
0
0
VERTEX
8
Sketch
10
240.466999
20
49.717250
70
0
0
VERTEX
8
Sketch
10
240.584355
20
49.434772
70
0
0
VERTEX
8
Sketch
10
240.866998
20
49.317814
70
0
0
VERTEX
8
Sketch
10
241.149641
20
49.434772
70
0
0
VERTEX
8
Sketch
10
241.266997
20
49.717250
70
0
0
VERTEX
8
Sketch
10
241.266997
20
49.717250
70
0
0
SEQEND
8
Sketch
0
POLYLINE
8
Sketch
62
7
70
0
10
0.000000
20
0.000000
66
1
0
VERTEX
8
Sketch
10
242.899676
20
51.662993
70
0
0
VERTEX
8
Sketch
10
242.782356
20
51.945538
70
0
0
VERTEX
8
Sketch
10
242.499676
20
52.062533
70
0
0
VERTEX
8
Sketch
10
242.216997
20
51.945538
70
0
0
VERTEX
8
Sketch
10
242.099677
20
51.662993
70
0
0
VERTEX
8
Sketch
10
242.216997
20
51.380448
70
0
0
VERTEX
8
Sketch
10
242.499676
20
51.263454
70
0
0
VERTEX
8
Sketch
10
242.782356
20
51.380448
70
0
0
VERTEX
8
Sketch
10
242.899676
20
51.662993
70
0
0
VERTEX
8
Sketch
10
242.899676
20
51.662993
70
0
0
SEQEND
8
Sketch
0
POLYLINE
8
Sketch
62
7
70
0
10
0.000000
20
0.000000
66
1
0
VERTEX
8
Sketch
10
244.532354
20
53.608737
70
0
0
VERTEX
8
Sketch
10
244.415034
20
53.891282
70
0
0
VERTEX
8
Sketch
10
244.132355
20
54.008276
70
0
0
VERTEX
8
Sketch
10
243.849675
20
53.891282
70
0
0
VERTEX
8
Sketch
10
243.732355
20
53.608737
70
0
0
VERTEX
8
Sketch
10
243.849675
20
53.326192
70
0
0
VERTEX
8
Sketch
10
244.132355
20
53.209197
70
0
0
VERTEX
8
Sketch
10
244.415034
20
53.326192
70
0
0
VERTEX
8
Sketch
10
244.532354
20
53.608737
70
0
0
VERTEX
8
Sketch
10
244.532354
20
53.608737
70
0
0
SEQEND
8
Sketch
0
POLYLINE
8
Sketch
62
7
70
0
10
0.000000
20
0.000000
66
1
0
VERTEX
8
Sketch
10
246.165032
20
55.554480
70
0
0
VERTEX
8
Sketch
10
246.047712
20
55.837025
70
0
0
VERTEX
8
Sketch
10
245.765033
20
55.954020
70
0
0
VERTEX
8
Sketch
10
245.482353
20
55.837025
70
0
0
VERTEX
8
Sketch
10
245.365034
20
55.554480
70
0
0
VERTEX
8
Sketch
10
245.482353
20
55.271935
70
0
0
VERTEX
8
Sketch
10
245.765033
20
55.154941
70
0
0
VERTEX
8
Sketch
10
246.047712
20
55.271935
70
0
0
VERTEX
8
Sketch
10
246.165032
20
55.554480
70
0
0
VERTEX
8
Sketch
10
246.165032
20
55.554480
70
0
0
SEQEND
8
Sketch
0
POLYLINE
8
Sketch
62
7
70
0
10
0.000000
20
0.000000
66
1
0
VERTEX
8
Sketch
10
247.797710
20
57.500250
70
0
0
VERTEX
8
Sketch
10
247.680391
20
57.782795
70
0
0
VERTEX
8
Sketch
10
247.397711
20
57.899789
70
0
0
VERTEX
8
Sketch
10
247.115031
20
57.782795
70
0
0
VERTEX
8
Sketch
10
246.997712
20
57.500250
70
0
0
VERTEX
8
Sketch
10
247.115031
20
57.217705
70
0
0
VERTEX
8
Sketch
10
247.397711
20
57.100711
70
0
0
VERTEX
8
Sketch
10
247.680391
20
57.217705
70
0
0
VERTEX
8
Sketch
10
247.797710
20
57.500250
70
0
0
VERTEX
8
Sketch
10
247.797710
20
57.500250
70
0
0
SEQEND
8
Sketch
0
POLYLINE
8
Sketch
62
7
70
0
10
0.000000
20
0.000000
66
1
0
VERTEX
8
Sketch
10
261.379798
20
73.686750
70
0
0
VERTEX
8
Sketch
10
261.179798
20
74.033161
70
0
0
VERTEX
8
Sketch
10
260.779797
20
74.033161
70
0
0
VERTEX
8
Sketch
10
260.579797
20
73.686750
70
0
0
VERTEX
8
Sketch
10
260.779797
20
73.340339
70
0
0
VERTEX
8
Sketch
10
261.179798
20
73.340339
70
0
0
VERTEX
8
Sketch
10
261.379798
20
73.686750
70
0
0
VERTEX
8
Sketch
10
261.379798
20
73.686750
70
0
0
SEQEND
8
Sketch
0
POLYLINE
8
Sketch
62
7
70
0
10
0.000000
20
0.000000
66
1
0
VERTEX
8
Sketch
10
263.012474
20
75.632493
70
0
0
VERTEX
8
Sketch
10
262.895154
20
75.915038
70
0
0
VERTEX
8
Sketch
10
262.612474
20
76.032033
70
0
0
VERTEX
8
Sketch
10
262.329795
20
75.915038
70
0
0
VERTEX
8
Sketch
10
262.212475
20
75.632493
70
0
0
VERTEX
8
Sketch
10
262.329795
20
75.349948
70
0
0
VERTEX
8
Sketch
10
262.612474
20
75.232954
70
0
0
VERTEX
8
Sketch
10
262.895154
20
75.349948
70
0
0
VERTEX
8
Sketch
10
263.012474
20
75.632493
70
0
0
VERTEX
8
Sketch
10
263.012474
20
75.632493
70
0
0
SEQEND
8
Sketch
0
POLYLINE
8
Sketch
62
7
70
0
10
0.000000
20
0.000000
66
1
0
VERTEX
8
Sketch
10
266.277833
20
79.523980
70
0
0
VERTEX
8
Sketch
10
266.160513
20
79.806525
70
0
0
VERTEX
8
Sketch
10
265.877833
20
79.923520
70
0
0
VERTEX
8
Sketch
10
265.595154
20
79.806525
70
0
0
VERTEX
8
Sketch
10
265.477834
20
79.523980
70
0
0
VERTEX
8
Sketch
10
265.595154
20
79.241435
70
0
0
VERTEX
8
Sketch
10
265.877833
20
79.124441
70
0
0
VERTEX
8
Sketch
10
266.160513
20
79.241435
70
0
0
VERTEX
8
Sketch
10
266.277833
20
79.523980
70
0
0
VERTEX
8
Sketch
10
266.277833
20
79.523980
70
0
0
SEQEND
8
Sketch
0
POLYLINE
8
Sketch
62
7
70
0
10
0.000000
20
0.000000
66
1
0
VERTEX
8
Sketch
10
264.645154
20
77.578237
70
0
0
VERTEX
8
Sketch
10
264.527835
20
77.860782
70
0
0
VERTEX
8
Sketch
10
264.245155
20
77.977776
70
0
0
VERTEX
8
Sketch
10
263.962476
20
77.860782
70
0
0
VERTEX
8
Sketch
10
263.845156
20
77.578237
70
0
0
VERTEX
8
Sketch
10
263.962476
20
77.295692
70
0
0
VERTEX
8
Sketch
10
264.245155
20
77.178697
70
0
0
VERTEX
8
Sketch
10
264.527835
20
77.295692
70
0
0
VERTEX
8
Sketch
10
264.645154
20
77.578237
70
0
0
VERTEX
8
Sketch
10
264.645154
20
77.578237
70
0
0
SEQEND
8
Sketch
0
POLYLINE
8
Sketch
62
7
70
0
10
0.000000
20
0.000000
66
1
0
VERTEX
8
Sketch
10
267.910511
20
81.469750
70
0
0
VERTEX
8
Sketch
10
267.793191
20
81.752295
70
0
0
VERTEX
8
Sketch
10
267.510512
20
81.869289
70
0
0
VERTEX
8
Sketch
10
267.227832
20
81.752295
70
0
0
VERTEX
8
Sketch
10
267.110512
20
81.469750
70
0
0
VERTEX
8
Sketch
10
267.227832
20
81.187205
70
0
0
VERTEX
8
Sketch
10
267.510512
20
81.070211
70
0
0
VERTEX
8
Sketch
10
267.793191
20
81.187205
70
0
0
VERTEX
8
Sketch
10
267.910511
20
81.469750
70
0
0
VERTEX
8
Sketch
10
267.910511
20
81.469750
70
0
0
SEQEND
8
Sketch
0
POLYLINE
8
Sketch
62
7
70
0
10
0.000000
20
0.000000
66
1
0
VERTEX
8
Sketch
10
201.995512
20
26.341845
70
0
0
VERTEX
8
Sketch
10
201.878354
20
26.624688
70
0
0
VERTEX
8
Sketch
10
201.595511
20
26.741845
70
0
0
VERTEX
8
Sketch
10
201.312668
20
26.624688
70
0
0
VERTEX
8
Sketch
10
201.195510
20
26.341845
70
0
0
VERTEX
8
Sketch
10
201.312668
20
26.059002
70
0
0
VERTEX
8
Sketch
10
201.595511
20
25.941844
70
0
0
VERTEX
8
Sketch
10
201.878354
20
26.059002
70
0
0
VERTEX
8
Sketch
10
201.995512
20
26.341845
70
0
0
VERTEX
8
Sketch
10
201.995512
20
26.341845
70
0
0
SEQEND
8
Sketch
0
POLYLINE
8
Sketch
62
7
70
0
10
0.000000
20
0.000000
66
1
0
VERTEX
8
Sketch
10
204.195212
20
27.611843
70
0
0
VERTEX
8
Sketch
10
204.077893
20
27.894388
70
0
0
VERTEX
8
Sketch
10
203.795213
20
28.011382
70
0
0
VERTEX
8
Sketch
10
203.512533
20
27.894388
70
0
0
VERTEX
8
Sketch
10
203.395214
20
27.611843
70
0
0
VERTEX
8
Sketch
10
203.512533
20
27.329298
70
0
0
VERTEX
8
Sketch
10
203.795213
20
27.212304
70
0
0
VERTEX
8
Sketch
10
204.077893
20
27.329298
70
0
0
VERTEX
8
Sketch
10
204.195212
20
27.611843
70
0
0
VERTEX
8
Sketch
10
204.195212
20
27.611843
70
0
0
SEQEND
8
Sketch
0
POLYLINE
8
Sketch
62
7
70
0
10
0.000000
20
0.000000
66
1
0
VERTEX
8
Sketch
10
206.394913
20
28.881841
70
0
0
VERTEX
8
Sketch
10
206.277593
20
29.164386
70
0
0
VERTEX
8
Sketch
10
205.994914
20
29.281381
70
0
0
VERTEX
8
Sketch
10
205.712234
20
29.164386
70
0
0
VERTEX
8
Sketch
10
205.594915
20
28.881841
70
0
0
VERTEX
8
Sketch
10
205.712234
20
28.599297
70
0
0
VERTEX
8
Sketch
10
205.994914
20
28.482302
70
0
0
VERTEX
8
Sketch
10
206.277593
20
28.599297
70
0
0
VERTEX
8
Sketch
10
206.394913
20
28.881841
70
0
0
VERTEX
8
Sketch
10
206.394913
20
28.881841
70
0
0
SEQEND
8
Sketch
0
POLYLINE
8
Sketch
62
7
70
0
10
0.000000
20
0.000000
66
1
0
VERTEX
8
Sketch
10
208.594616
20
30.151840
70
0
0
VERTEX
8
Sketch
10
208.477297
20
30.434385
70
0
0
VERTEX
8
Sketch
10
208.194617
20
30.551379
70
0
0
VERTEX
8
Sketch
10
207.911938
20
30.434385
70
0
0
VERTEX
8
Sketch
10
207.794618
20
30.151840
70
0
0
VERTEX
8
Sketch
10
207.911938
20
29.869295
70
0
0
VERTEX
8
Sketch
10
208.194617
20
29.752300
70
0
0
VERTEX
8
Sketch
10
208.477297
20
29.869295
70
0
0
VERTEX
8
Sketch
10
208.594616
20
30.151840
70
0
0
VERTEX
8
Sketch
10
208.594616
20
30.151840
70
0
0
SEQEND
8
Sketch
0
POLYLINE
8
Sketch
62
7
70
0
10
0.000000
20
0.000000
66
1
0
VERTEX
8
Sketch
10
210.794317
20
31.421838
70
0
0
VERTEX
8
Sketch
10
210.676998
20
31.704383
70
0
0
VERTEX
8
Sketch
10
210.394318
20
31.821378
70
0
0
VERTEX
8
Sketch
10
210.111638
20
31.704383
70
0
0
VERTEX
8
Sketch
10
209.994319
20
31.421838
70
0
0
VERTEX
8
Sketch
10
210.111638
20
31.139293
70
0
0
VERTEX
8
Sketch
10
210.394318
20
31.022299
70
0
0
VERTEX
8
Sketch
10
210.676998
20
31.139293
70
0
0
VERTEX
8
Sketch
10
210.794317
20
31.421838
70
0
0
VERTEX
8
Sketch
10
210.794317
20
31.421838
70
0
0
SEQEND
8
Sketch
0
POLYLINE
8
Sketch
62
7
70
0
10
0.000000
20
0.000000
66
1
0
VERTEX
8
Sketch
10
229.093412
20
41.986823
70
0
0
VERTEX
8
Sketch
10
228.893412
20
42.333233
70
0
0
VERTEX
8
Sketch
10
228.493411
20
42.333233
70
0
0
VERTEX
8
Sketch
10
228.293411
20
41.986823
70
0
0
VERTEX
8
Sketch
10
228.493411
20
41.640412
70
0
0
VERTEX
8
Sketch
10
228.893412
20
41.640412
70
0
0
VERTEX
8
Sketch
10
229.093412
20
41.986823
70
0
0
VERTEX
8
Sketch
10
229.093412
20
41.986823
70
0
0
SEQEND
8
Sketch
0
POLYLINE
8
Sketch
62
7
70
0
10
0.000000
20
0.000000
66
1
0
VERTEX
8
Sketch
10
231.293113
20
43.256821
70
0
0
VERTEX
8
Sketch
10
231.175793
20
43.539366
70
0
0
VERTEX
8
Sketch
10
230.893113
20
43.656360
70
0
0
VERTEX
8
Sketch
10
230.610434
20
43.539366
70
0
0
VERTEX
8
Sketch
10
230.493114
20
43.256821
70
0
0
VERTEX
8
Sketch
10
230.610434
20
42.974276
70
0
0
VERTEX
8
Sketch
10
230.893113
20
42.857282
70
0
0
VERTEX
8
Sketch
10
231.175793
20
42.974276
70
0
0
VERTEX
8
Sketch
10
231.293113
20
43.256821
70
0
0
VERTEX
8
Sketch
10
231.293113
20
43.256821
70
0
0
SEQEND
8
Sketch
0
POLYLINE
8
Sketch
62
7
70
0
10
0.000000
20
0.000000
66
1
0
VERTEX
8
Sketch
10
235.692517
20
45.796818
70
0
0
VERTEX
8
Sketch
10
235.575197
20
46.079363
70
0
0
VERTEX
8
Sketch
10
235.292517
20
46.196357
70
0
0
VERTEX
8
Sketch
10
235.009838
20
46.079363
70
0
0
VERTEX
8
Sketch
10
234.892518
20
45.796818
70
0
0
VERTEX
8
Sketch
10
235.009838
20
45.514273
70
0
0
VERTEX
8
Sketch
10
235.292517
20
45.397278
70
0
0
VERTEX
8
Sketch
10
235.575197
20
45.514273
70
0
0
VERTEX
8
Sketch
10
235.692517
20
45.796818
70
0
0
VERTEX
8
Sketch
10
235.692517
20
45.796818
70
0
0
SEQEND
8
Sketch
0
POLYLINE
8
Sketch
62
7
70
0
10
0.000000
20
0.000000
66
1
0
VERTEX
8
Sketch
10
233.492813
20
44.526819
70
0
0
VERTEX
8
Sketch
10
233.375494
20
44.809364
70
0
0
VERTEX
8
Sketch
10
233.092814
20
44.926359
70
0
0
VERTEX
8
Sketch
10
232.810134
20
44.809364
70
0
0
VERTEX
8
Sketch
10
232.692815
20
44.526819
70
0
0
VERTEX
8
Sketch
10
232.810134
20
44.244275
70
0
0
VERTEX
8
Sketch
10
233.092814
20
44.127280
70
0
0
VERTEX
8
Sketch
10
233.375494
20
44.244275
70
0
0
VERTEX
8
Sketch
10
233.492813
20
44.526819
70
0
0
VERTEX
8
Sketch
10
233.492813
20
44.526819
70
0
0
SEQEND
8
Sketch
0
POLYLINE
8
Sketch
62
7
70
0
10
0.000000
20
0.000000
66
1
0
VERTEX
8
Sketch
10
237.892217
20
47.066816
70
0
0
VERTEX
8
Sketch
10
237.774898
20
47.349361
70
0
0
VERTEX
8
Sketch
10
237.492218
20
47.466356
70
0
0
VERTEX
8
Sketch
10
237.209539
20
47.349361
70
0
0
VERTEX
8
Sketch
10
237.092219
20
47.066816
70
0
0
VERTEX
8
Sketch
10
237.209539
20
46.784271
70
0
0
VERTEX
8
Sketch
10
237.492218
20
46.667277
70
0
0
VERTEX
8
Sketch
10
237.774898
20
46.784271
70
0
0
VERTEX
8
Sketch
10
237.892217
20
47.066816
70
0
0
VERTEX
8
Sketch
10
237.892217
20
47.066816
70
0
0
SEQEND
8
Sketch
0
POLYLINE
8
Sketch
62
7
70
0
10
0.000000
20
0.000000
66
1
0
VERTEX
8
Sketch
10
157.097525
20
17.807773
70
0
0
VERTEX
8
Sketch
10
156.897525
20
18.154183
70
0
0
VERTEX
8
Sketch
10
156.497525
20
18.154183
70
0
0
VERTEX
8
Sketch
10
156.297526
20
17.807773
70
0
0
VERTEX
8
Sketch
10
156.497525
20
17.461363
70
0
0
VERTEX
8
Sketch
10
156.897525
20
17.461363
70
0
0
VERTEX
8
Sketch
10
157.097525
20
17.807773
70
0
0
VERTEX
8
Sketch
10
157.097525
20
17.807773
70
0
0
SEQEND
8
Sketch
0
POLYLINE
8
Sketch
62
7
70
0
10
0.000000
20
0.000000
66
1
0
VERTEX
8
Sketch
10
159.598933
20
18.248859
70
0
0
VERTEX
8
Sketch
10
159.398933
20
18.595269
70
0
0
VERTEX
8
Sketch
10
158.998934
20
18.595269
70
0
0
VERTEX
8
Sketch
10
158.798934
20
18.248859
70
0
0
VERTEX
8
Sketch
10
158.998934
20
17.902449
70
0
0
VERTEX
8
Sketch
10
159.398933
20
17.902449
70
0
0
VERTEX
8
Sketch
10
159.598933
20
18.248859
70
0
0
VERTEX
8
Sketch
10
159.598933
20
18.248859
70
0
0
SEQEND
8
Sketch
0
POLYLINE
8
Sketch
62
7
70
0
10
0.000000
20
0.000000
66
1
0
VERTEX
8
Sketch
10
162.100342
20
18.689919
70
0
0
VERTEX
8
Sketch
10
161.900342
20
19.036329
70
0
0
VERTEX
8
Sketch
10
161.500342
20
19.036329
70
0
0
VERTEX
8
Sketch
10
161.300343
20
18.689919
70
0
0
VERTEX
8
Sketch
10
161.500342
20
18.343509
70
0
0
VERTEX
8
Sketch
10
161.900342
20
18.343509
70
0
0
VERTEX
8
Sketch
10
162.100342
20
18.689919
70
0
0
VERTEX
8
Sketch
10
162.100342
20
18.689919
70
0
0
SEQEND
8
Sketch
0
POLYLINE
8
Sketch
62
7
70
0
10
0.000000
20
0.000000
66
1
0
VERTEX
8
Sketch
10
164.601750
20
19.130979
70
0
0
VERTEX
8
Sketch
10
164.401750
20
19.477389
70
0
0
VERTEX
8
Sketch
10
164.001751
20
19.477389
70
0
0
VERTEX
8
Sketch
10
163.801751
20
19.130979
70
0
0
VERTEX
8
Sketch
10
164.001751
20
18.784569
70
0
0
VERTEX
8
Sketch
10
164.401750
20
18.784569
70
0
0
VERTEX
8
Sketch
10
164.601750
20
19.130979
70
0
0
VERTEX
8
Sketch
10
164.601750
20
19.130979
70
0
0
SEQEND
8
Sketch
0
POLYLINE
8
Sketch
62
7
70
0
10
0.000000
20
0.000000
66
1
0
VERTEX
8
Sketch
10
167.103159
20
19.572039
70
0
0
VERTEX
8
Sketch
10
166.903159
20
19.918448
70
0
0
VERTEX
8
Sketch
10
166.503160
20
19.918448
70
0
0
VERTEX
8
Sketch
10
166.303160
20
19.572039
70
0
0
VERTEX
8
Sketch
10
166.503160
20
19.225629
70
0
0
VERTEX
8
Sketch
10
166.903159
20
19.225629
70
0
0
VERTEX
8
Sketch
10
167.103159
20
19.572039
70
0
0
VERTEX
8
Sketch
10
167.103159
20
19.572039
70
0
0
SEQEND
8
Sketch
0
POLYLINE
8
Sketch
62
7
70
0
10
0.000000
20
0.000000
66
1
0
VERTEX
8
Sketch
10
187.912121
20
23.241223
70
0
0
VERTEX
8
Sketch
10
187.794801
20
23.523768
70
0
0
VERTEX
8
Sketch
10
187.512122
20
23.640762
70
0
0
VERTEX
8
Sketch
10
187.229442
20
23.523768
70
0
0
VERTEX
8
Sketch
10
187.112122
20
23.241223
70
0
0
VERTEX
8
Sketch
10
187.229442
20
22.958678
70
0
0
VERTEX
8
Sketch
10
187.512122
20
22.841683
70
0
0
VERTEX
8
Sketch
10
187.794801
20
22.958678
70
0
0
VERTEX
8
Sketch
10
187.912121
20
23.241223
70
0
0
VERTEX
8
Sketch
10
187.912121
20
23.241223
70
0
0
SEQEND
8
Sketch
0
POLYLINE
8
Sketch
62
7
70
0
10
0.000000
20
0.000000
66
1
0
VERTEX
8
Sketch
10
190.413528
20
23.682283
70
0
0
VERTEX
8
Sketch
10
190.296209
20
23.964828
70
0
0
VERTEX
8
Sketch
10
190.013529
20
24.081822
70
0
0
VERTEX
8
Sketch
10
189.730849
20
23.964828
70
0
0
VERTEX
8
Sketch
10
189.613530
20
23.682283
70
0
0
VERTEX
8
Sketch
10
189.730849
20
23.399738
70
0
0
VERTEX
8
Sketch
10
190.013529
20
23.282743
70
0
0
VERTEX
8
Sketch
10
190.296209
20
23.399738
70
0
0
VERTEX
8
Sketch
10
190.413528
20
23.682283
70
0
0
VERTEX
8
Sketch
10
190.413528
20
23.682283
70
0
0
SEQEND
8
Sketch
0
POLYLINE
8
Sketch
62
7
70
0
10
0.000000
20
0.000000
66
1
0
VERTEX
8
Sketch
10
195.416346
20
24.564429
70
0
0
VERTEX
8
Sketch
10
195.299026
20
24.846974
70
0
0
VERTEX
8
Sketch
10
195.016346
20
24.963968
70
0
0
VERTEX
8
Sketch
10
194.733667
20
24.846974
70
0
0
VERTEX
8
Sketch
10
194.616347
20
24.564429
70
0
0
VERTEX
8
Sketch
10
194.733667
20
24.281884
70
0
0
VERTEX
8
Sketch
10
195.016346
20
24.164890
70
0
0
VERTEX
8
Sketch
10
195.299026
20
24.281884
70
0
0
VERTEX
8
Sketch
10
195.416346
20
24.564429
70
0
0
VERTEX
8
Sketch
10
195.416346
20
24.564429
70
0
0
SEQEND
8
Sketch
0
POLYLINE
8
Sketch
62
7
70
0
10
0.000000
20
0.000000
66
1
0
VERTEX
8
Sketch
10
192.914938
20
24.123369
70
0
0
VERTEX
8
Sketch
10
192.714938
20
24.469780
70
0
0
VERTEX
8
Sketch
10
192.314937
20
24.469780
70
0
0
VERTEX
8
Sketch
10
192.114937
20
24.123369
70
0
0
VERTEX
8
Sketch
10
192.314937
20
23.776958
70
0
0
VERTEX
8
Sketch
10
192.714938
20
23.776958
70
0
0
VERTEX
8
Sketch
10
192.914938
20
24.123369
70
0
0
VERTEX
8
Sketch
10
192.914938
20
24.123369
70
0
0
SEQEND
8
Sketch
0
POLYLINE
8
Sketch
62
7
70
0
10
0.000000
20
0.000000
66
1
0
VERTEX
8
Sketch
10
197.917756
20
25.005489
70
0
0
VERTEX
8
Sketch
10
197.717755
20
25.351899
70
0
0
VERTEX
8
Sketch
10
197.317755
20
25.351899
70
0
0
VERTEX
8
Sketch
10
197.117755
20
25.005489
70
0
0
VERTEX
8
Sketch
10
197.317755
20
24.659078
70
0
0
VERTEX
8
Sketch
10
197.717755
20
24.659078
70
0
0
VERTEX
8
Sketch
10
197.917756
20
25.005489
70
0
0
VERTEX
8
Sketch
10
197.917756
20
25.005489
70
0
0
SEQEND
8
Sketch
0
POLYLINE
8
44.8
62
170
70
0
10
0.000000
20
0.000000
66
1
0
VERTEX
8
44.8
10
154.946790
20
274.388710
70
0
0
VERTEX
8
44.8
10
150.222231
20
274.299919
70
0
0
VERTEX
8
44.8
10
145.530734
20
274.035279
70
0
0
VERTEX
8
44.8
10
140.876189
20
273.597392
70
0
0
VERTEX
8
44.8
10
136.262489
20
272.988856
70
0
0
VERTEX
8
44.8
10
131.693524
20
272.212273
70
0
0
VERTEX
8
44.8
10
127.173188
20
271.270242
70
0
0
VERTEX
8
44.8
10
122.705370
20
270.165365
70
0
0
VERTEX
8
44.8
10
118.293964
20
268.900241
70
0
0
VERTEX
8
44.8
10
113.942860
20
267.477471
70
0
0
VERTEX
8
44.8
10
109.655951
20
265.899655
70
0
0
VERTEX
8
44.8
10
105.437128
20
264.169393
70
0
0
VERTEX
8
44.8
10
101.290283
20
262.289286
70
0
0
VERTEX
8
44.8
10
97.219306
20
260.261934
70
0
0
VERTEX
8
44.8
10
93.228091
20
258.089937
70
0
0
VERTEX
8
44.8
10
89.320529
20
255.775896
70
0
0
VERTEX
8
44.8
10
85.500511
20
253.322412
70
0
0
VERTEX
8
44.8
10
81.771929
20
250.732083
70
0
0
VERTEX
8
44.8
10
78.138674
20
248.007511
70
0
0
VERTEX
8
44.8
10
74.604639
20
245.151296
70
0
0
VERTEX
8
44.8
10
71.173715
20
242.166039
70
0
0
VERTEX
8
44.8
10
67.849794
20
239.054339
70
0
0
VERTEX
8
44.8
10
64.636767
20
235.818797
70
0
0
VERTEX
8
44.8
10
61.538525
20
232.462014
70
0
0
VERTEX
8
44.8
10
58.558962
20
228.986589
70
0
0
VERTEX
8
44.8
10
55.701968
20
225.395123
70
0
0
VERTEX
8
44.8
10
52.971435
20
221.690216
70
0
0
VERTEX
8
44.8
10
50.371254
20
217.874469
70
0
0
VERTEX
8
44.8
10
47.905318
20
213.950482
70
0
0
VERTEX
8
44.8
10
45.577517
20
209.920855
70
0
0
VERTEX
8
44.8
10
43.391744
20
205.788189
70
0
0
VERTEX
8
44.8
10
41.351891
20
201.555083
70
0
0
VERTEX
8
44.8
10
39.461848
20
197.224139
70
0
0
VERTEX
8
44.8
10
37.735870
20
192.825237
70
0
0
VERTEX
8
44.8
10
36.185007
20
188.389585
70
0
0
VERTEX
8
44.8
10
34.808345
20
183.921774
70
0
0
VERTEX
8
44.8
10
33.604972
20
179.426394
70
0
0
VERTEX
8
44.8
10
32.573975
20
174.908036
70
0
0
VERTEX
8
44.8
10
31.714439
20
170.371290
70
0
0
VERTEX
8
44.8
10
31.025453
20
165.820747
70
0
0
VERTEX
8
44.8
10
30.506103
20
161.260997
70
0
0
VERTEX
8
44.8
10
30.155476
20
156.696631
70
0
0
VERTEX
8
44.8
10
29.972659
20
152.132239
70
0
0
VERTEX
8
44.8
10
29.956739
20
147.572412
70
0
0
VERTEX
8
44.8
10
30.106802
20
143.021741
70
0
0
VERTEX
8
44.8
10
30.421936
20
138.484815
70
0
0
VERTEX
8
44.8
10
30.901228
20
133.966226
70
0
0
VERTEX
8
44.8
10
31.543763
20
129.470564
70
0
0
VERTEX
8
44.8
10
32.348630
20
125.002420
70
0
0
VERTEX
8
44.8
10
33.314915
20
120.566383
70
0
0
VERTEX
8
44.8
10
34.441705
20
116.167045
70
0
0
VERTEX
8
44.8
10
35.728086
20
111.808997
70
0
0
VERTEX
8
44.8
10
37.173147
20
107.496827
70
0
0
VERTEX
8
44.8
10
38.775973
20
103.235128
70
0
0
VERTEX
8
44.8
10
40.535652
20
99.028490
70
0
0
VERTEX
8
44.8
10
42.451270
20
94.881503
70
0
0
VERTEX
8
44.8
10
44.521914
20
90.798758
70
0
0
VERTEX
8
44.8
10
46.746672
20
86.784845
70
0
0
VERTEX
8
44.8
10
49.124629
20
82.844355
70
0
0
VERTEX
8
44.8
10
51.654874
20
78.981878
70
0
0
VERTEX
8
44.8
10
54.336492
20
75.202005
70
0
0
VERTEX
8
44.8
10
57.168572
20
71.509326
70
0
0
VERTEX
8
44.8
10
60.150198
20
67.908433
70
0
0
VERTEX
8
44.8
10
63.280460
20
64.403915
70
0
0
VERTEX
8
44.8
10
66.558442
20
61.000362
70
0
0
VERTEX
8
44.8
10
69.961995
20
57.722380
70
0
0
VERTEX
8
44.8
10
73.466513
20
54.592118
70
0
0
VERTEX
8
44.8
10
77.067406
20
51.610492
70
0
0
VERTEX
8
44.8
10
80.760085
20
48.778412
70
0
0
VERTEX
8
44.8
10
84.539958
20
46.096794
70
0
0
VERTEX
8
44.8
10
88.402435
20
43.566549
70
0
0
VERTEX
8
44.8
10
92.342925
20
41.188592
70
0
0
VERTEX
8
44.8
10
96.356838
20
38.963834
70
0
0
VERTEX
8
44.8
10
100.439583
20
36.893190
70
0
0
VERTEX
8
44.8
10
104.586570
20
34.977572
70
0
0
VERTEX
8
44.8
10
108.793208
20
33.217893
70
0
0
VERTEX
8
44.8
10
113.054907
20
31.615067
70
0
0
VERTEX
8
44.8
10
117.367077
20
30.170006
70
0
0
VERTEX
8
44.8
10
121.725125
20
28.883625
70
0
0
VERTEX
8
44.8
10
126.124463
20
27.756835
70
0
0
VERTEX
8
44.8
10
130.560500
20
26.790550
70
0
0
VERTEX
8
44.8
10
135.028644
20
25.985683
70
0
0
VERTEX
8
44.8
10
139.524306
20
25.343148
70
0
0
VERTEX
8
44.8
10
144.042895
20
24.863856
70
0
0
VERTEX
8
44.8
10
148.579821
20
24.548722
70
0
0
VERTEX
8
44.8
10
153.130492
20
24.398659
70
0
0
VERTEX
8
44.8
10
157.690319
20
24.414579
70
0
0
VERTEX
8
44.8
10
162.254711
20
24.597396
70
0
0
VERTEX
8
44.8
10
166.819077
20
24.948023
70
0
0
VERTEX
8
44.8
10
171.378827
20
25.467373
70
0
0
VERTEX
8
44.8
10
175.929370
20
26.156359
70
0
0
VERTEX
8
44.8
10
180.466116
20
27.015895
70
0
0
VERTEX
8
44.8
10
184.984474
20
28.046892
70
0
0
VERTEX
8
44.8
10
189.479854
20
29.250265
70
0
0
VERTEX
8
44.8
10
193.947665
20
30.626927
70
0
0
VERTEX
8
44.8
10
198.383317
20
32.177790
70
0
0
VERTEX
8
44.8
10
202.782219
20
33.903768
70
0
0
VERTEX
8
44.8
10
207.113163
20
35.793811
70
0
0
VERTEX
8
44.8
10
211.346269
20
37.833664
70
0
0
VERTEX
8
44.8
10
215.478935
20
40.019437
70
0
0
VERTEX
8
44.8
10
219.508562
20
42.347238
70
0
0
VERTEX
8
44.8
10
223.432549
20
44.813174
70
0
0
VERTEX
8
44.8
10
227.248296
20
47.413355
70
0
0
VERTEX
8
44.8
10
230.953203
20
50.143888
70
0
0
VERTEX
8
44.8
10
234.544669
20
53.000882
70
0
0
VERTEX
8
44.8
10
238.020094
20
55.980445
70
0
0
VERTEX
8
44.8
10
241.376877
20
59.078687
70
0
0
VERTEX
8
44.8
10
244.612419
20
62.291714
70
0
0
VERTEX
8
44.8
10
247.724119
20
65.615635
70
0
0
VERTEX
8
44.8
10
250.709376
20
69.046559
70
0
0
VERTEX
8
44.8
10
253.565591
20
72.580594
70
0
0
VERTEX
8
44.8
10
256.290163
20
76.213849
70
0
0
VERTEX
8
44.8
10
258.880492
20
79.942431
70
0
0
VERTEX
8
44.8
10
261.333976
20
83.762449
70
0
0
VERTEX
8
44.8
10
263.648017
20
87.670011
70
0
0
VERTEX
8
44.8
10
265.820014
20
91.661226
70
0
0
VERTEX
8
44.8
10
267.847366
20
95.732203
70
0
0
VERTEX
8
44.8
10
269.727473
20
99.879048
70
0
0
VERTEX
8
44.8
10
271.457735
20
104.097871
70
0
0
VERTEX
8
44.8
10
273.035551
20
108.384780
70
0
0
VERTEX
8
44.8
10
274.458321
20
112.735884
70
0
0
VERTEX
8
44.8
10
275.723445
20
117.147290
70
0
0
VERTEX
8
44.8
10
276.828322
20
121.615108
70
0
0
VERTEX
8
44.8
10
277.770353
20
126.135444
70
0
0
VERTEX
8
44.8
10
278.546936
20
130.704409
70
0
0
VERTEX
8
44.8
10
279.155472
20
135.318109
70
0
0
VERTEX
8
44.8
10
279.593359
20
139.972654
70
0
0
VERTEX
8
44.8
10
279.857999
20
144.664151
70
0
0
VERTEX
8
44.8
10
279.946790
20
149.388710
70
0
0
VERTEX
8
44.8
10
279.784141
20
155.821193
70
0
0
VERTEX
8
44.8
10
279.301429
20
162.169234
70
0
0
VERTEX
8
44.8
10
278.506509
20
168.424977
70
0
0
VERTEX
8
44.8
10
277.407234
20
174.580570
70
0
0
VERTEX
8
44.8
10
276.011459
20
180.628158
70
0
0
VERTEX
8
44.8
10
274.327037
20
186.559886
70
0
0
VERTEX
8
44.8
10
272.361823
20
192.367902
70
0
0
VERTEX
8
44.8
10
270.123670
20
198.044351
70
0
0
VERTEX
8
44.8
10
267.620433
20
203.581379
70
0
0
VERTEX
8
44.8
10
264.859965
20
208.971133
70
0
0
VERTEX
8
44.8
10
261.850120
20
214.205757
70
0
0
VERTEX
8
44.8
10
258.598753
20
219.277399
70
0
0
VERTEX
8
44.8
10
255.113717
20
224.178204
70
0
0
VERTEX
8
44.8
10
251.402867
20
228.900318
70
0
0
VERTEX
8
44.8
10
247.474056
20
233.435887
70
0
0
VERTEX
8
44.8
10
243.335138
20
237.777058
70
0
0
VERTEX
8
44.8
10
238.993967
20
241.915976
70
0
0
VERTEX
8
44.8
10
234.458398
20
245.844787
70
0
0
VERTEX
8
44.8
10
229.736284
20
249.555637
70
0
0
VERTEX
8
44.8
10
224.835479
20
253.040673
70
0
0
VERTEX
8
44.8
10
219.763837
20
256.292040
70
0
0
VERTEX
8
44.8
10
214.529213
20
259.301885
70
0
0
VERTEX
8
44.8
10
209.139459
20
262.062353
70
0
0
VERTEX
8
44.8
10
203.602431
20
264.565590
70
0
0
VERTEX
8
44.8
10
197.925982
20
266.803743
70
0
0
VERTEX
8
44.8
10
192.117966
20
268.768957
70
0
0
VERTEX
8
44.8
10
186.186238
20
270.453379
70
0
0
VERTEX
8
44.8
10
180.138650
20
271.849154
70
0
0
VERTEX
8
44.8
10
173.983057
20
272.948429
70
0
0
VERTEX
8
44.8
10
167.727314
20
273.743349
70
0
0
VERTEX
8
44.8
10
161.379273
20
274.226061
70
0
0
VERTEX
8
44.8
10
154.946790
20
274.388710
70
0
0
VERTEX
8
44.8
10
154.946790
20
274.388710
70
0
0
SEQEND
8
44.8
0
POLYLINE
8
44.8
62
170
70
0
10
0.000000
20
0.000000
66
1
0
VERTEX
8
44.8
10
152.285720
20
277.969157
70
0
0
VERTEX
8
44.8
10
151.555530
20
276.745976
70
0
0
VERTEX
8
44.8
10
152.285720
20
276.745976
70
0
0
VERTEX
8
44.8
10
152.285720
20
277.969157
70
0
0
SEQEND
8
44.8
0
POLYLINE
8
44.8
62
170
70
0
10
0.000000
20
0.000000
66
1
0
VERTEX
8
44.8
10
152.234520
20
278.254411
70
0
0
VERTEX
8
44.8
10
152.597290
20
278.254411
70
0
0
VERTEX
8
44.8
10
152.597290
20
276.745976
70
0
0
VERTEX
8
44.8
10
152.905800
20
276.745976
70
0
0
VERTEX
8
44.8
10
152.905800
20
276.491728
70
0
0
VERTEX
8
44.8
10
152.597290
20
276.491728
70
0
0
VERTEX
8
44.8
10
152.597290
20
275.939824
70
0
0
VERTEX
8
44.8
10
152.285680
20
275.939824
70
0
0
VERTEX
8
44.8
10
152.285680
20
276.491728
70
0
0
VERTEX
8
44.8
10
151.304350
20
276.491728
70
0
0
VERTEX
8
44.8
10
151.304350
20
276.787834
70
0
0
VERTEX
8
44.8
10
152.234520
20
278.254411
70
0
0
SEQEND
8
44.8
0
POLYLINE
8
44.8
62
170
70
0
10
0.000000
20
0.000000
66
1
0
VERTEX
8
44.8
10
154.197190
20
277.969157
70
0
0
VERTEX
8
44.8
10
153.467000
20
276.745976
70
0
0
VERTEX
8
44.8
10
154.197190
20
276.745976
70
0
0
VERTEX
8
44.8
10
154.197190
20
277.969157
70
0
0
SEQEND
8
44.8
0
POLYLINE
8
44.8
62
170
70
0
10
0.000000
20
0.000000
66
1
0
VERTEX
8
44.8
10
154.145990
20
278.254411
70
0
0
VERTEX
8
44.8
10
154.508760
20
278.254411
70
0
0
VERTEX
8
44.8
10
154.508760
20
276.745976
70
0
0
VERTEX
8
44.8
10
154.817270
20
276.745976
70
0
0
VERTEX
8
44.8
10
154.817270
20
276.491728
70
0
0
VERTEX
8
44.8
10
154.508760
20
276.491728
70
0
0
VERTEX
8
44.8
10
154.508760
20
275.939824
70
0
0
VERTEX
8
44.8
10
154.197150
20
275.939824
70
0
0
VERTEX
8
44.8
10
154.197150
20
276.491728
70
0
0
VERTEX
8
44.8
10
153.215820
20
276.491728
70
0
0
VERTEX
8
44.8
10
153.215820
20
276.787834
70
0
0
VERTEX
8
44.8
10
154.145990
20
278.254411
70
0
0
SEQEND
8
44.8
0
POLYLINE
8
44.8
62
170
70
0
10
0.000000
20
0.000000
66
1
0
VERTEX
8
44.8
10
155.727290
20
276.412663
70
0
0
VERTEX
8
44.8
10
156.117960
20
276.412663
70
0
0
VERTEX
8
44.8
10
156.117960
20
275.939824
70
0
0
VERTEX
8
44.8
10
155.727290
20
275.939824
70
0
0
VERTEX
8
44.8
10
155.727290
20
276.412663
70
0
0
SEQEND
8
44.8
0
POLYLINE
8
44.8
62
170
70
0
10
0.000000
20
0.000000
66
1
0
VERTEX
8
44.8
10
157.835690
20
277.038982
70
0
0
VERTEX
8
44.8
10
157.511680
20
276.921159
70
0
0
VERTEX
8
44.8
10
157.398510
20
276.590947
70
0
0
VERTEX
8
44.8
10
157.513230
20
276.257634
70
0
0
VERTEX
8
44.8
10
157.835690
20
276.139812
70
0
0
VERTEX
8
44.8
10
158.159700
20
276.256084
70
0
0
VERTEX
8
44.8
10
158.274420
20
276.590947
70
0
0
VERTEX
8
44.8
10
158.158150
20
276.921159
70
0
0
VERTEX
8
44.8
10
157.835690
20
277.038982
70
0
0
VERTEX
8
44.8
10
157.835690
20
277.038982
70
0
0
SEQEND
8
44.8
0
POLYLINE
8
44.8
62
170
70
0
10
0.000000
20
0.000000
66
1
0
VERTEX
8
44.8
10
157.562840
20
277.169206
70
0
0
VERTEX
8
44.8
10
157.249680
20
277.359892
70
0
0
VERTEX
8
44.8
10
157.138060
20
277.696306
70
0
0
VERTEX
8
44.8
10
157.325640
20
278.133488
70
0
0
VERTEX
8
44.8
10
157.835690
20
278.296269
70
0
0
VERTEX
8
44.8
10
158.347290
20
278.133488
70
0
0
VERTEX
8
44.8
10
158.534870
20
277.696306
70
0
0
VERTEX
8
44.8
10
158.421700
20
277.359892
70
0
0
VERTEX
8
44.8
10
158.110090
20
277.169206
70
0
0
VERTEX
8
44.8
10
158.465110
20
276.963017
70
0
0
VERTEX
8
44.8
10
158.589130
20
276.561491
70
0
0
VERTEX
8
44.8
10
158.389140
20
276.071599
70
0
0
VERTEX
8
44.8
10
157.835690
20
275.894865
70
0
0
VERTEX
8
44.8
10
157.282230
20
276.070049
70
0
0
VERTEX
8
44.8
10
157.083800
20
276.558391
70
0
0
VERTEX
8
44.8
10
157.206270
20
276.961467
70
0
0
VERTEX
8
44.8
10
157.562840
20
277.169206
70
0
0
VERTEX
8
44.8
10
157.562840
20
277.169206
70
0
0
SEQEND
8
44.8
0
POLYLINE
8
44.8
62
170
70
0
10
0.000000
20
0.000000
66
1
0
VERTEX
8
44.8
10
157.449670
20
277.666850
70
0
0
VERTEX
8
44.8
10
157.548870
20
277.383147
70
0
0
VERTEX
8
44.8
10
157.835670
20
277.285477
70
0
0
VERTEX
8
44.8
10
158.124020
20
277.383147
70
0
0
VERTEX
8
44.8
10
158.223220
20
277.666850
70
0
0
VERTEX
8
44.8
10
158.124020
20
277.955205
70
0
0
VERTEX
8
44.8
10
157.835670
20
278.054425
70
0
0
VERTEX
8
44.8
10
157.548870
20
277.953656
70
0
0
VERTEX
8
44.8
10
157.449670
20
277.666852
70
0
0
VERTEX
8
44.8
10
157.449670
20
277.666850
70
0
0
SEQEND
8
44.8
0
POLYLINE
8
Sketch
62
7
70
0
10
0.000000
20
0.000000
66
1
0
VERTEX
8
Sketch
10
122.523641
20
15.682662
70
0
0
VERTEX
8
Sketch
10
122.406483
20
15.965505
70
0
0
VERTEX
8
Sketch
10
122.123640
20
16.082663
70
0
0
VERTEX
8
Sketch
10
121.840797
20
15.965505
70
0
0
VERTEX
8
Sketch
10
121.723640
20
15.682662
70
0
0
VERTEX
8
Sketch
10
121.923640
20
15.336252
70
0
0
VERTEX
8
Sketch
10
122.323641
20
15.336252
70
0
0
VERTEX
8
Sketch
10
122.523641
20
15.682662
70
0
0
VERTEX
8
Sketch
10
122.523641
20
15.682662
70
0
0
SEQEND
8
Sketch
0
POLYLINE
8
Sketch
62
7
70
0
10
0.000000
20
0.000000
66
1
0
VERTEX
8
Sketch
10
125.025048
20
15.241602
70
0
0
VERTEX
8
Sketch
10
124.907729
20
15.524147
70
0
0
VERTEX
8
Sketch
10
124.625049
20
15.641142
70
0
0
VERTEX
8
Sketch
10
124.342369
20
15.524147
70
0
0
VERTEX
8
Sketch
10
124.225050
20
15.241602
70
0
0
VERTEX
8
Sketch
10
124.342369
20
14.959057
70
0
0
VERTEX
8
Sketch
10
124.625049
20
14.842063
70
0
0
VERTEX
8
Sketch
10
124.907729
20
14.959057
70
0
0
VERTEX
8
Sketch
10
125.025048
20
15.241602
70
0
0
VERTEX
8
Sketch
10
125.025048
20
15.241602
70
0
0
SEQEND
8
Sketch
0
POLYLINE
8
Sketch
62
7
70
0
10
0.000000
20
0.000000
66
1
0
VERTEX
8
Sketch
10
127.526458
20
14.800543
70
0
0
VERTEX
8
Sketch
10
127.409301
20
15.083386
70
0
0
VERTEX
8
Sketch
10
127.126458
20
15.200543
70
0
0
VERTEX
8
Sketch
10
126.843615
20
15.083386
70
0
0
VERTEX
8
Sketch
10
126.726457
20
14.800543
70
0
0
VERTEX
8
Sketch
10
126.843615
20
14.517699
70
0
0
VERTEX
8
Sketch
10
127.126458
20
14.400542
70
0
0
VERTEX
8
Sketch
10
127.409301
20
14.517699
70
0
0
VERTEX
8
Sketch
10
127.526458
20
14.800543
70
0
0
VERTEX
8
Sketch
10
127.526458
20
14.800543
70
0
0
SEQEND
8
Sketch
0
POLYLINE
8
Sketch
62
7
70
0
10
0.000000
20
0.000000
66
1
0
VERTEX
8
Sketch
10
130.027866
20
14.359456
70
0
0
VERTEX
8
Sketch
10
129.910546
20
14.642001
70
0
0
VERTEX
8
Sketch
10
129.627866
20
14.758996
70
0
0
VERTEX
8
Sketch
10
129.345187
20
14.642001
70
0
0
VERTEX
8
Sketch
10
129.227867
20
14.359456
70
0
0
VERTEX
8
Sketch
10
129.345187
20
14.076911
70
0
0
VERTEX
8
Sketch
10
129.627866
20
13.959917
70
0
0
VERTEX
8
Sketch
10
129.910546
20
14.076911
70
0
0
VERTEX
8
Sketch
10
130.027866
20
14.359456
70
0
0
VERTEX
8
Sketch
10
130.027866
20
14.359456
70
0
0
SEQEND
8
Sketch
0
POLYLINE
8
Sketch
62
7
70
0
10
0.000000
20
0.000000
66
1
0
VERTEX
8
Sketch
10
132.529273
20
13.918396
70
0
0
VERTEX
8
Sketch
10
132.411953
20
14.200941
70
0
0
VERTEX
8
Sketch
10
132.129274
20
14.317936
70
0
0
VERTEX
8
Sketch
10
131.846594
20
14.200941
70
0
0
VERTEX
8
Sketch
10
131.729274
20
13.918396
70
0
0
VERTEX
8
Sketch
10
131.846594
20
13.635851
70
0
0
VERTEX
8
Sketch
10
132.129274
20
13.518857
70
0
0
VERTEX
8
Sketch
10
132.411953
20
13.635851
70
0
0
VERTEX
8
Sketch
10
132.529273
20
13.918396
70
0
0
VERTEX
8
Sketch
10
132.529273
20
13.918396
70
0
0
SEQEND
8
Sketch
0
POLYLINE
8
Sketch
62
7
70
0
10
0.000000
20
0.000000
66
1
0
VERTEX
8
Sketch
10
153.338236
20
10.249212
70
0
0
VERTEX
8
Sketch
10
153.138236
20
10.595622
70
0
0
VERTEX
8
Sketch
10
152.738236
20
10.595622
70
0
0
VERTEX
8
Sketch
10
152.538236
20
10.249212
70
0
0
VERTEX
8
Sketch
10
152.738236
20
9.902802
70
0
0
VERTEX
8
Sketch
10
153.138236
20
9.902802
70
0
0
VERTEX
8
Sketch
10
153.338236
20
10.249212
70
0
0
VERTEX
8
Sketch
10
153.338236
20
10.249212
70
0
0
SEQEND
8
Sketch
0
POLYLINE
8
Sketch
62
7
70
0
10
0.000000
20
0.000000
66
1
0
VERTEX
8
Sketch
10
155.839644
20
9.808152
70
0
0
VERTEX
8
Sketch
10
155.639644
20
10.154562
70
0
0
VERTEX
8
Sketch
10
155.239645
20
10.154562
70
0
0
VERTEX
8
Sketch
10
155.039645
20
9.808152
70
0
0
VERTEX
8
Sketch
10
155.239645
20
9.461743
70
0
0
VERTEX
8
Sketch
10
155.639644
20
9.461743
70
0
0
VERTEX
8
Sketch
10
155.839644
20
9.808152
70
0
0
VERTEX
8
Sketch
10
155.839644
20
9.808152
70
0
0
SEQEND
8
Sketch
0
POLYLINE
8
Sketch
62
7
70
0
10
0.000000
20
0.000000
66
1
0
VERTEX
8
Sketch
10
160.842461
20
8.926033
70
0
0
VERTEX
8
Sketch
10
160.725304
20
9.208875
70
0
0
VERTEX
8
Sketch
10
160.442462
20
9.326032
70
0
0
VERTEX
8
Sketch
10
160.159619
20
9.208875
70
0
0
VERTEX
8
Sketch
10
160.042462
20
8.926033
70
0
0
VERTEX
8
Sketch
10
160.159619
20
8.643190
70
0
0
VERTEX
8
Sketch
10
160.442462
20
8.526033
70
0
0
VERTEX
8
Sketch
10
160.725304
20
8.643190
70
0
0
VERTEX
8
Sketch
10
160.842461
20
8.926033
70
0
0
VERTEX
8
Sketch
10
160.842461
20
8.926033
70
0
0
SEQEND
8
Sketch
0
POLYLINE
8
Sketch
62
7
70
0
10
0.000000
20
0.000000
66
1
0
VERTEX
8
Sketch
10
158.341052
20
9.367092
70
0
0
VERTEX
8
Sketch
10
158.141053
20
9.713502
70
0
0
VERTEX
8
Sketch
10
157.741053
20
9.713502
70
0
0
VERTEX
8
Sketch
10
157.541053
20
9.367092
70
0
0
VERTEX
8
Sketch
10
157.741053
20
9.020683
70
0
0
VERTEX
8
Sketch
10
158.141053
20
9.020683
70
0
0
VERTEX
8
Sketch
10
158.341052
20
9.367092
70
0
0
VERTEX
8
Sketch
10
158.341052
20
9.367092
70
0
0
SEQEND
8
Sketch
0
POLYLINE
8
Sketch
62
7
70
0
10
0.000000
20
0.000000
66
1
0
VERTEX
8
Sketch
10
163.343870
20
8.484946
70
0
0
VERTEX
8
Sketch
10
163.143870
20
8.831356
70
0
0
VERTEX
8
Sketch
10
162.743870
20
8.831356
70
0
0
VERTEX
8
Sketch
10
162.543871
20
8.484946
70
0
0
VERTEX
8
Sketch
10
162.743870
20
8.138537
70
0
0
VERTEX
8
Sketch
10
163.143870
20
8.138537
70
0
0
VERTEX
8
Sketch
10
163.343870
20
8.484946
70
0
0
VERTEX
8
Sketch
10
163.343870
20
8.484946
70
0
0
SEQEND
8
Sketch
0
POLYLINE
8
Sketch
62
7
70
0
10
0.000000
20
0.000000
66
1
0
VERTEX
8
Sketch
10
82.736745
20
37.971372
70
0
0
VERTEX
8
Sketch
10
82.536744
20
38.317783
70
0
0
VERTEX
8
Sketch
10
82.136744
20
38.317783
70
0
0
VERTEX
8
Sketch
10
81.936744
20
37.971372
70
0
0
VERTEX
8
Sketch
10
82.136744
20
37.624962
70
0
0
VERTEX
8
Sketch
10
82.536744
20
37.624962
70
0
0
VERTEX
8
Sketch
10
82.736745
20
37.971372
70
0
0
VERTEX
8
Sketch
10
82.736745
20
37.971372
70
0
0
SEQEND
8
Sketch
0
POLYLINE
8
Sketch
62
7
70
0
10
0.000000
20
0.000000
66
1
0
VERTEX
8
Sketch
10
84.936445
20
36.701374
70
0
0
VERTEX
8
Sketch
10
84.819126
20
36.983919
70
0
0
VERTEX
8
Sketch
10
84.536446
20
37.100913
70
0
0
VERTEX
8
Sketch
10
84.253766
20
36.983919
70
0
0
VERTEX
8
Sketch
10
84.136447
20
36.701374
70
0
0
VERTEX
8
Sketch
10
84.253766
20
36.418829
70
0
0
VERTEX
8
Sketch
10
84.536446
20
36.301834
70
0
0
VERTEX
8
Sketch
10
84.819126
20
36.418829
70
0
0
VERTEX
8
Sketch
10
84.936445
20
36.701374
70
0
0
VERTEX
8
Sketch
10
84.936445
20
36.701374
70
0
0
SEQEND
8
Sketch
0
POLYLINE
8
Sketch
62
7
70
0
10
0.000000
20
0.000000
66
1
0
VERTEX
8
Sketch
10
87.136146
20
35.431375
70
0
0
VERTEX
8
Sketch
10
87.018826
20
35.713920
70
0
0
VERTEX
8
Sketch
10
86.736147
20
35.830915
70
0
0
VERTEX
8
Sketch
10
86.453467
20
35.713920
70
0
0
VERTEX
8
Sketch
10
86.336148
20
35.431375
70
0
0
VERTEX
8
Sketch
10
86.453467
20
35.148831
70
0
0
VERTEX
8
Sketch
10
86.736147
20
35.031836
70
0
0
VERTEX
8
Sketch
10
87.018826
20
35.148831
70
0
0
VERTEX
8
Sketch
10
87.136146
20
35.431375
70
0
0
VERTEX
8
Sketch
10
87.136146
20
35.431375
70
0
0
SEQEND
8
Sketch
0
POLYLINE
8
Sketch
62
7
70
0
10
0.000000
20
0.000000
66
1
0
VERTEX
8
Sketch
10
89.335849
20
34.161377
70
0
0
VERTEX
8
Sketch
10
89.135849
20
34.507788
70
0
0
VERTEX
8
Sketch
10
88.735849
20
34.507788
70
0
0
VERTEX
8
Sketch
10
88.535848
20
34.161377
70
0
0
VERTEX
8
Sketch
10
88.735849
20
33.814966
70
0
0
VERTEX
8
Sketch
10
89.135849
20
33.814966
70
0
0
VERTEX
8
Sketch
10
89.335849
20
34.161377
70
0
0
VERTEX
8
Sketch
10
89.335849
20
34.161377
70
0
0
SEQEND
8
Sketch
0
POLYLINE
8
Sketch
62
7
70
0
10
0.000000
20
0.000000
66
1
0
VERTEX
8
Sketch
10
91.535550
20
32.891379
70
0
0
VERTEX
8
Sketch
10
91.418231
20
33.173924
70
0
0
VERTEX
8
Sketch
10
91.135551
20
33.290918
70
0
0
VERTEX
8
Sketch
10
90.852871
20
33.173924
70
0
0
VERTEX
8
Sketch
10
90.735552
20
32.891379
70
0
0
VERTEX
8
Sketch
10
90.852871
20
32.608834
70
0
0
VERTEX
8
Sketch
10
91.135551
20
32.491839
70
0
0
VERTEX
8
Sketch
10
91.418231
20
32.608834
70
0
0
VERTEX
8
Sketch
10
91.535550
20
32.891379
70
0
0
VERTEX
8
Sketch
10
91.535550
20
32.891379
70
0
0
SEQEND
8
Sketch
0
POLYLINE
8
Sketch
62
7
70
0
10
0.000000
20
0.000000
66
1
0
VERTEX
8
Sketch
10
109.834645
20
22.326394
70
0
0
VERTEX
8
Sketch
10
109.717325
20
22.608939
70
0
0
VERTEX
8
Sketch
10
109.434646
20
22.725934
70
0
0
VERTEX
8
Sketch
10
109.151966
20
22.608939
70
0
0
VERTEX
8
Sketch
10
109.034646
20
22.326394
70
0
0
VERTEX
8
Sketch
10
109.151966
20
22.043849
70
0
0
VERTEX
8
Sketch
10
109.434646
20
21.926855
70
0
0
VERTEX
8
Sketch
10
109.717325
20
22.043849
70
0
0
VERTEX
8
Sketch
10
109.834645
20
22.326394
70
0
0
VERTEX
8
Sketch
10
109.834645
20
22.326394
70
0
0
SEQEND
8
Sketch
0
POLYLINE
8
Sketch
62
7
70
0
10
0.000000
20
0.000000
66
1
0
VERTEX
8
Sketch
10
112.034346
20
21.056396
70
0
0
VERTEX
8
Sketch
10
111.917026
20
21.338941
70
0
0
VERTEX
8
Sketch
10
111.634346
20
21.455935
70
0
0
VERTEX
8
Sketch
10
111.351667
20
21.338941
70
0
0
VERTEX
8
Sketch
10
111.234347
20
21.056396
70
0
0
VERTEX
8
Sketch
10
111.351667
20
20.773851
70
0
0
VERTEX
8
Sketch
10
111.634346
20
20.656856
70
0
0
VERTEX
8
Sketch
10
111.917026
20
20.773851
70
0
0
VERTEX
8
Sketch
10
112.034346
20
21.056396
70
0
0
VERTEX
8
Sketch
10
112.034346
20
21.056396
70
0
0
SEQEND
8
Sketch
0
POLYLINE
8
Sketch
62
7
70
0
10
0.000000
20
0.000000
66
1
0
VERTEX
8
Sketch
10
116.433750
20
18.516399
70
0
0
VERTEX
8
Sketch
10
116.316430
20
18.798944
70
0
0
VERTEX
8
Sketch
10
116.033751
20
18.915938
70
0
0
VERTEX
8
Sketch
10
115.751071
20
18.798944
70
0
0
VERTEX
8
Sketch
10
115.633751
20
18.516399
70
0
0
VERTEX
8
Sketch
10
115.751071
20
18.233854
70
0
0
VERTEX
8
Sketch
10
116.033751
20
18.116860
70
0
0
VERTEX
8
Sketch
10
116.316430
20
18.233854
70
0
0
VERTEX
8
Sketch
10
116.433750
20
18.516399
70
0
0
VERTEX
8
Sketch
10
116.433750
20
18.516399
70
0
0
SEQEND
8
Sketch
0
POLYLINE
8
Sketch
62
7
70
0
10
0.000000
20
0.000000
66
1
0
VERTEX
8
Sketch
10
114.234049
20
19.786397
70
0
0
VERTEX
8
Sketch
10
114.034049
20
20.132808
70
0
0
VERTEX
8
Sketch
10
113.634048
20
20.132808
70
0
0
VERTEX
8
Sketch
10
113.434048
20
19.786397
70
0
0
VERTEX
8
Sketch
10
113.634048
20
19.439987
70
0
0
VERTEX
8
Sketch
10
114.034049
20
19.439987
70
0
0
VERTEX
8
Sketch
10
114.234049
20
19.786397
70
0
0
VERTEX
8
Sketch
10
114.234049
20
19.786397
70
0
0
SEQEND
8
Sketch
0
POLYLINE
8
Sketch
62
7
70
0
10
0.000000
20
0.000000
66
1
0
VERTEX
8
Sketch
10
118.633450
20
17.246401
70
0
0
VERTEX
8
Sketch
10
118.516131
20
17.528946
70
0
0
VERTEX
8
Sketch
10
118.233451
20
17.645940
70
0
0
VERTEX
8
Sketch
10
117.950772
20
17.528946
70
0
0
VERTEX
8
Sketch
10
117.833452
20
17.246401
70
0
0
VERTEX
8
Sketch
10
117.950772
20
16.963856
70
0
0
VERTEX
8
Sketch
10
118.233451
20
16.846861
70
0
0
VERTEX
8
Sketch
10
118.516131
20
16.963856
70
0
0
VERTEX
8
Sketch
10
118.633450
20
17.246401
70
0
0
VERTEX
8
Sketch
10
118.633450
20
17.246401
70
0
0
SEQEND
8
Sketch
0
POLYLINE
8
Sketch
62
7
70
0
10
0.000000
20
0.000000
66
1
0
VERTEX
8
Sketch
10
52.972483
20
72.523848
70
0
0
VERTEX
8
Sketch
10
52.772482
20
72.870259
70
0
0
VERTEX
8
Sketch
10
52.372482
20
72.870259
70
0
0
VERTEX
8
Sketch
10
52.172482
20
72.523848
70
0
0
VERTEX
8
Sketch
10
52.372482
20
72.177438
70
0
0
VERTEX
8
Sketch
10
52.772482
20
72.177438
70
0
0
VERTEX
8
Sketch
10
52.972483
20
72.523848
70
0
0
VERTEX
8
Sketch
10
52.972483
20
72.523848
70
0
0
SEQEND
8
Sketch
0
POLYLINE
8
Sketch
62
7
70
0
10
0.000000
20
0.000000
66
1
0
VERTEX
8
Sketch
10
54.605161
20
70.578105
70
0
0
VERTEX
8
Sketch
10
54.487841
20
70.860650
70
0
0
VERTEX
8
Sketch
10
54.205162
20
70.977644
70
0
0
VERTEX
8
Sketch
10
53.922482
20
70.860650
70
0
0
VERTEX
8
Sketch
10
53.805162
20
70.578105
70
0
0
VERTEX
8
Sketch
10
53.922482
20
70.295560
70
0
0
VERTEX
8
Sketch
10
54.205162
20
70.178566
70
0
0
VERTEX
8
Sketch
10
54.487841
20
70.295560
70
0
0
VERTEX
8
Sketch
10
54.605161
20
70.578105
70
0
0
VERTEX
8
Sketch
10
54.605161
20
70.578105
70
0
0
SEQEND
8
Sketch
0
POLYLINE
8
Sketch
62
7
70
0
10
0.000000
20
0.000000
66
1
0
VERTEX
8
Sketch
10
56.237839
20
68.632335
70
0
0
VERTEX
8
Sketch
10
56.120519
20
68.914880
70
0
0
VERTEX
8
Sketch
10
55.837840
20
69.031875
70
0
0
VERTEX
8
Sketch
10
55.555160
20
68.914880
70
0
0
VERTEX
8
Sketch
10
55.437841
20
68.632335
70
0
0
VERTEX
8
Sketch
10
55.555160
20
68.349790
70
0
0
VERTEX
8
Sketch
10
55.837840
20
68.232796
70
0
0
VERTEX
8
Sketch
10
56.120519
20
68.349790
70
0
0
VERTEX
8
Sketch
10
56.237839
20
68.632335
70
0
0
VERTEX
8
Sketch
10
56.237839
20
68.632335
70
0
0
SEQEND
8
Sketch
0
POLYLINE
8
Sketch
62
7
70
0
10
0.000000
20
0.000000
66
1
0
VERTEX
8
Sketch
10
57.870517
20
66.686592
70
0
0
VERTEX
8
Sketch
10
57.753198
20
66.969137
70
0
0
VERTEX
8
Sketch
10
57.470518
20
67.086131
70
0
0
VERTEX
8
Sketch
10
57.187838
20
66.969137
70
0
0
VERTEX
8
Sketch
10
57.070519
20
66.686592
70
0
0
VERTEX
8
Sketch
10
57.187838
20
66.404047
70
0
0
VERTEX
8
Sketch
10
57.470518
20
66.287052
70
0
0
VERTEX
8
Sketch
10
57.753198
20
66.404047
70
0
0
VERTEX
8
Sketch
10
57.870517
20
66.686592
70
0
0
VERTEX
8
Sketch
10
57.870517
20
66.686592
70
0
0
SEQEND
8
Sketch
0
POLYLINE
8
Sketch
62
7
70
0
10
0.000000
20
0.000000
66
1
0
VERTEX
8
Sketch
10
59.503195
20
64.740848
70
0
0
VERTEX
8
Sketch
10
59.385876
20
65.023393
70
0
0
VERTEX
8
Sketch
10
59.103196
20
65.140388
70
0
0
VERTEX
8
Sketch
10
58.820517
20
65.023393
70
0
0
VERTEX
8
Sketch
10
58.703197
20
64.740848
70
0
0
VERTEX
8
Sketch
10
58.820517
20
64.458303
70
0
0
VERTEX
8
Sketch
10
59.103196
20
64.341309
70
0
0
VERTEX
8
Sketch
10
59.385876
20
64.458303
70
0
0
VERTEX
8
Sketch
10
59.503195
20
64.740848
70
0
0
VERTEX
8
Sketch
10
59.503195
20
64.740848
70
0
0
SEQEND
8
Sketch
0
POLYLINE
8
Sketch
62
7
70
0
10
0.000000
20
0.000000
66
1
0
VERTEX
8
Sketch
10
73.085281
20
48.554348
70
0
0
VERTEX
8
Sketch
10
72.967961
20
48.836893
70
0
0
VERTEX
8
Sketch
10
72.685281
20
48.953888
70
0
0
VERTEX
8
Sketch
10
72.402602
20
48.836893
70
0
0
VERTEX
8
Sketch
10
72.285282
20
48.554348
70
0
0
VERTEX
8
Sketch
10
72.402602
20
48.271803
70
0
0
VERTEX
8
Sketch
10
72.685281
20
48.154809
70
0
0
VERTEX
8
Sketch
10
72.967961
20
48.271803
70
0
0
VERTEX
8
Sketch
10
73.085281
20
48.554348
70
0
0
VERTEX
8
Sketch
10
73.085281
20
48.554348
70
0
0
SEQEND
8
Sketch
0
POLYLINE
8
Sketch
62
7
70
0
10
0.000000
20
0.000000
66
1
0
VERTEX
8
Sketch
10
74.717959
20
46.608605
70
0
0
VERTEX
8
Sketch
10
74.600639
20
46.891150
70
0
0
VERTEX
8
Sketch
10
74.317960
20
47.008144
70
0
0
VERTEX
8
Sketch
10
74.035280
20
46.891150
70
0
0
VERTEX
8
Sketch
10
73.917960
20
46.608605
70
0
0
VERTEX
8
Sketch
10
74.035280
20
46.326060
70
0
0
VERTEX
8
Sketch
10
74.317960
20
46.209066
70
0
0
VERTEX
8
Sketch
10
74.600639
20
46.326060
70
0
0
VERTEX
8
Sketch
10
74.717959
20
46.608605
70
0
0
VERTEX
8
Sketch
10
74.717959
20
46.608605
70
0
0
SEQEND
8
Sketch
0
POLYLINE
8
Sketch
62
7
70
0
10
0.000000
20
0.000000
66
1
0
VERTEX
8
Sketch
10
77.983315
20
42.717092
70
0
0
VERTEX
8
Sketch
10
77.865959
20
42.999570
70
0
0
VERTEX
8
Sketch
10
77.583316
20
43.116528
70
0
0
VERTEX
8
Sketch
10
77.300673
20
42.999570
70
0
0
VERTEX
8
Sketch
10
77.183317
20
42.717092
70
0
0
VERTEX
8
Sketch
10
77.300673
20
42.434614
70
0
0
VERTEX
8
Sketch
10
77.583316
20
42.317656
70
0
0
VERTEX
8
Sketch
10
77.865959
20
42.434614
70
0
0
VERTEX
8
Sketch
10
77.983315
20
42.717092
70
0
0
VERTEX
8
Sketch
10
77.983315
20
42.717092
70
0
0
SEQEND
8
Sketch
0
POLYLINE
8
Sketch
62
7
70
0
10
0.000000
20
0.000000
66
1
0
VERTEX
8
Sketch
10
76.350637
20
44.662835
70
0
0
VERTEX
8
Sketch
10
76.233317
20
44.945380
70
0
0
VERTEX
8
Sketch
10
75.950638
20
45.062375
70
0
0
VERTEX
8
Sketch
10
75.667958
20
44.945380
70
0
0
VERTEX
8
Sketch
10
75.550639
20
44.662835
70
0
0
VERTEX
8
Sketch
10
75.667958
20
44.380290
70
0
0
VERTEX
8
Sketch
10
75.950638
20
44.263296
70
0
0
VERTEX
8
Sketch
10
76.233317
20
44.380290
70
0
0
VERTEX
8
Sketch
10
76.350637
20
44.662835
70
0
0
VERTEX
8
Sketch
10
76.350637
20
44.662835
70
0
0
SEQEND
8
Sketch
0
POLYLINE
8
Sketch
62
7
70
0
10
0.000000
20
0.000000
66
1
0
VERTEX
8
Sketch
10
79.615993
20
40.771348
70
0
0
VERTEX
8
Sketch
10
79.498674
20
41.053893
70
0
0
VERTEX
8
Sketch
10
79.215994
20
41.170888
70
0
0
VERTEX
8
Sketch
10
78.933315
20
41.053893
70
0
0
VERTEX
8
Sketch
10
78.815995
20
40.771348
70
0
0
VERTEX
8
Sketch
10
78.933315
20
40.488803
70
0
0
VERTEX
8
Sketch
10
79.215994
20
40.371809
70
0
0
VERTEX
8
Sketch
10
79.498674
20
40.488803
70
0
0
VERTEX
8
Sketch
10
79.615993
20
40.771348
70
0
0
VERTEX
8
Sketch
10
79.615993
20
40.771348
70
0
0
SEQEND
8
Sketch
0
POLYLINE
8
Sketch
62
7
70
0
10
0.000000
20
0.000000
66
1
0
VERTEX
8
Sketch
10
36.820865
20
115.172511
70
0
0
VERTEX
8
Sketch
10
36.620865
20
115.518922
70
0
0
VERTEX
8
Sketch
10
36.220864
20
115.518922
70
0
0
VERTEX
8
Sketch
10
36.020864
20
115.172511
70
0
0
VERTEX
8
Sketch
10
36.220864
20
114.826101
70
0
0
VERTEX
8
Sketch
10
36.620865
20
114.826101
70
0
0
VERTEX
8
Sketch
10
36.820865
20
115.172511
70
0
0
VERTEX
8
Sketch
10
36.820865
20
115.172511
70
0
0
SEQEND
8
Sketch
0
POLYLINE
8
Sketch
62
7
70
0
10
0.000000
20
0.000000
66
1
0
VERTEX
8
Sketch
10
37.689594
20
112.785708
70
0
0
VERTEX
8
Sketch
10
37.572275
20
113.068253
70
0
0
VERTEX
8
Sketch
10
37.289595
20
113.185247
70
0
0
VERTEX
8
Sketch
10
37.006916
20
113.068253
70
0
0
VERTEX
8
Sketch
10
36.889596
20
112.785708
70
0
0
VERTEX
8
Sketch
10
37.006916
20
112.503163
70
0
0
VERTEX
8
Sketch
10
37.289595
20
112.386169
70
0
0
VERTEX
8
Sketch
10
37.572275
20
112.503163
70
0
0
VERTEX
8
Sketch
10
37.689594
20
112.785708
70
0
0
VERTEX
8
Sketch
10
37.689594
20
112.785708
70
0
0
SEQEND
8
Sketch
0
POLYLINE
8
Sketch
62
7
70
0
10
0.000000
20
0.000000
66
1
0
VERTEX
8
Sketch
10
38.558324
20
110.398878
70
0
0
VERTEX
8
Sketch
10
38.441004
20
110.681423
70
0
0
VERTEX
8
Sketch
10
38.158324
20
110.798418
70
0
0
VERTEX
8
Sketch
10
37.875645
20
110.681423
70
0
0
VERTEX
8
Sketch
10
37.758325
20
110.398878
70
0
0
VERTEX
8
Sketch
10
37.875645
20
110.116333
70
0
0
VERTEX
8
Sketch
10
38.158324
20
109.999339
70
0
0
VERTEX
8
Sketch
10
38.441004
20
110.116333
70
0
0
VERTEX
8
Sketch
10
38.558324
20
110.398878
70
0
0
VERTEX
8
Sketch
10
38.558324
20
110.398878
70
0
0
SEQEND
8
Sketch
0
POLYLINE
8
Sketch
62
7
70
0
10
0.000000
20
0.000000
66
1
0
VERTEX
8
Sketch
10
39.427055
20
108.012075
70
0
0
VERTEX
8
Sketch
10
39.309736
20
108.294620
70
0
0
VERTEX
8
Sketch
10
39.027056
20
108.411614
70
0
0
VERTEX
8
Sketch
10
38.744377
20
108.294620
70
0
0
VERTEX
8
Sketch
10
38.627057
20
108.012075
70
0
0
VERTEX
8
Sketch
10
38.744377
20
107.729530
70
0
0
VERTEX
8
Sketch
10
39.027056
20
107.612536
70
0
0
VERTEX
8
Sketch
10
39.309736
20
107.729530
70
0
0
VERTEX
8
Sketch
10
39.427055
20
108.012075
70
0
0
VERTEX
8
Sketch
10
39.427055
20
108.012075
70
0
0
SEQEND
8
Sketch
0
POLYLINE
8
Sketch
62
7
70
0
10
0.000000
20
0.000000
66
1
0
VERTEX
8
Sketch
10
40.295785
20
105.625272
70
0
0
VERTEX
8
Sketch
10
40.178465
20
105.907817
70
0
0
VERTEX
8
Sketch
10
39.895785
20
106.024811
70
0
0
VERTEX
8
Sketch
10
39.613106
20
105.907817
70
0
0
VERTEX
8
Sketch
10
39.495786
20
105.625272
70
0
0
VERTEX
8
Sketch
10
39.613106
20
105.342727
70
0
0
VERTEX
8
Sketch
10
39.895785
20
105.225732
70
0
0
VERTEX
8
Sketch
10
40.178465
20
105.342727
70
0
0
VERTEX
8
Sketch
10
40.295785
20
105.625272
70
0
0
VERTEX
8
Sketch
10
40.295785
20
105.625272
70
0
0
SEQEND
8
Sketch
0
POLYLINE
8
Sketch
62
7
70
0
10
0.000000
20
0.000000
66
1
0
VERTEX
8
Sketch
10
47.522660
20
85.769588
70
0
0
VERTEX
8
Sketch
10
47.405341
20
86.052133
70
0
0
VERTEX
8
Sketch
10
47.122661
20
86.169127
70
0
0
VERTEX
8
Sketch
10
46.839981
20
86.052133
70
0
0
VERTEX
8
Sketch
10
46.722662
20
85.769588
70
0
0
VERTEX
8
Sketch
10
46.839981
20
85.487043
70
0
0
VERTEX
8
Sketch
10
47.122661
20
85.370048
70
0
0
VERTEX
8
Sketch
10
47.405341
20
85.487043
70
0
0
VERTEX
8
Sketch
10
47.522660
20
85.769588
70
0
0
VERTEX
8
Sketch
10
47.522660
20
85.769588
70
0
0
SEQEND
8
Sketch
0
POLYLINE
8
Sketch
62
7
70
0
10
0.000000
20
0.000000
66
1
0
VERTEX
8
Sketch
10
48.391392
20
83.382758
70
0
0
VERTEX
8
Sketch
10
48.274072
20
83.665303
70
0
0
VERTEX
8
Sketch
10
47.991393
20
83.782297
70
0
0
VERTEX
8
Sketch
10
47.708713
20
83.665303
70
0
0
VERTEX
8
Sketch
10
47.591394
20
83.382758
70
0
0
VERTEX
8
Sketch
10
47.708713
20
83.100213
70
0
0
VERTEX
8
Sketch
10
47.991393
20
82.983219
70
0
0
VERTEX
8
Sketch
10
48.274072
20
83.100213
70
0
0
VERTEX
8
Sketch
10
48.391392
20
83.382758
70
0
0
VERTEX
8
Sketch
10
48.391392
20
83.382758
70
0
0
SEQEND
8
Sketch
0
POLYLINE
8
Sketch
62
7
70
0
10
0.000000
20
0.000000
66
1
0
VERTEX
8
Sketch
10
50.128850
20
78.609125
70
0
0
VERTEX
8
Sketch
10
50.011531
20
78.891670
70
0
0
VERTEX
8
Sketch
10
49.728851
20
79.008664
70
0
0
VERTEX
8
Sketch
10
49.446172
20
78.891670
70
0
0
VERTEX
8
Sketch
10
49.328852
20
78.609125
70
0
0
VERTEX
8
Sketch
10
49.446172
20
78.326580
70
0
0
VERTEX
8
Sketch
10
49.728851
20
78.209586
70
0
0
VERTEX
8
Sketch
10
50.011531
20
78.326580
70
0
0
VERTEX
8
Sketch
10
50.128850
20
78.609125
70
0
0
VERTEX
8
Sketch
10
50.128850
20
78.609125
70
0
0
SEQEND
8
Sketch
0
POLYLINE
8
Sketch
62
7
70
0
10
0.000000
20
0.000000
66
1
0
VERTEX
8
Sketch
10
49.260121
20
80.995955
70
0
0
VERTEX
8
Sketch
10
49.142802
20
81.278500
70
0
0
VERTEX
8
Sketch
10
48.860122
20
81.395494
70
0
0
VERTEX
8
Sketch
10
48.577442
20
81.278500
70
0
0
VERTEX
8
Sketch
10
48.460123
20
80.995955
70
0
0
VERTEX
8
Sketch
10
48.577442
20
80.713410
70
0
0
VERTEX
8
Sketch
10
48.860122
20
80.596415
70
0
0
VERTEX
8
Sketch
10
49.142802
20
80.713410
70
0
0
VERTEX
8
Sketch
10
49.260121
20
80.995955
70
0
0
VERTEX
8
Sketch
10
49.260121
20
80.995955
70
0
0
SEQEND
8
Sketch
0
POLYLINE
8
Sketch
62
7
70
0
10
0.000000
20
0.000000
66
1
0
VERTEX
8
Sketch
10
50.997582
20
76.222322
70
0
0
VERTEX
8
Sketch
10
50.797582
20
76.568732
70
0
0
VERTEX
8
Sketch
10
50.397581
20
76.568732
70
0
0
VERTEX
8
Sketch
10
50.197581
20
76.222322
70
0
0
VERTEX
8
Sketch
10
50.397581
20
75.875911
70
0
0
VERTEX
8
Sketch
10
50.797582
20
75.875911
70
0
0
VERTEX
8
Sketch
10
50.997582
20
76.222322
70
0
0
VERTEX
8
Sketch
10
50.997582
20
76.222322
70
0
0
SEQEND
8
Sketch
0
POLYLINE
8
Sketch
62
7
70
0
10
0.000000
20
0.000000
66
1
0
VERTEX
8
Sketch
10
36.230014
20
160.773338
70
0
0
VERTEX
8
Sketch
10
36.112695
20
161.055883
70
0
0
VERTEX
8
Sketch
10
35.830015
20
161.172878
70
0
0
VERTEX
8
Sketch
10
35.547336
20
161.055883
70
0
0
VERTEX
8
Sketch
10
35.430016
20
160.773338
70
0
0
VERTEX
8
Sketch
10
35.547336
20
160.490793
70
0
0
VERTEX
8
Sketch
10
35.830015
20
160.373799
70
0
0
VERTEX
8
Sketch
10
36.112695
20
160.490793
70
0
0
VERTEX
8
Sketch
10
36.230014
20
160.773338
70
0
0
VERTEX
8
Sketch
10
36.230014
20
160.773338
70
0
0
SEQEND
8
Sketch
0
POLYLINE
8
Sketch
62
7
70
0
10
0.000000
20
0.000000
66
1
0
VERTEX
8
Sketch
10
36.230014
20
158.233342
70
0
0
VERTEX
8
Sketch
10
36.112695
20
158.515886
70
0
0
VERTEX
8
Sketch
10
35.830015
20
158.632881
70
0
0
VERTEX
8
Sketch
10
35.547336
20
158.515886
70
0
0
VERTEX
8
Sketch
10
35.430016
20
158.233342
70
0
0
VERTEX
8
Sketch
10
35.547336
20
157.950797
70
0
0
VERTEX
8
Sketch
10
35.830015
20
157.833802
70
0
0
VERTEX
8
Sketch
10
36.112695
20
157.950797
70
0
0
VERTEX
8
Sketch
10
36.230014
20
158.233342
70
0
0
VERTEX
8
Sketch
10
36.230014
20
158.233342
70
0
0
SEQEND
8
Sketch
0
POLYLINE
8
Sketch
62
7
70
0
10
0.000000
20
0.000000
66
1
0
VERTEX
8
Sketch
10
36.230014
20
155.693345
70
0
0
VERTEX
8
Sketch
10
36.112695
20
155.975890
70
0
0
VERTEX
8
Sketch
10
35.830015
20
156.092884
70
0
0
VERTEX
8
Sketch
10
35.547336
20
155.975890
70
0
0
VERTEX
8
Sketch
10
35.430016
20
155.693345
70
0
0
VERTEX
8
Sketch
10
35.547336
20
155.410800
70
0
0
VERTEX
8
Sketch
10
35.830015
20
155.293805
70
0
0
VERTEX
8
Sketch
10
36.112695
20
155.410800
70
0
0
VERTEX
8
Sketch
10
36.230014
20
155.693345
70
0
0
VERTEX
8
Sketch
10
36.230014
20
155.693345
70
0
0
SEQEND
8
Sketch
0
POLYLINE
8
Sketch
62
7
70
0
10
0.000000
20
0.000000
66
1
0
VERTEX
8
Sketch
10
36.230014
20
153.153348
70
0
0
VERTEX
8
Sketch
10
36.112695
20
153.435893
70
0
0
VERTEX
8
Sketch
10
35.830015
20
153.552887
70
0
0
VERTEX
8
Sketch
10
35.547336
20
153.435893
70
0
0
VERTEX
8
Sketch
10
35.430016
20
153.153348
70
0
0
VERTEX
8
Sketch
10
35.547336
20
152.870803
70
0
0
VERTEX
8
Sketch
10
35.830015
20
152.753809
70
0
0
VERTEX
8
Sketch
10
36.112695
20
152.870803
70
0
0
VERTEX
8
Sketch
10
36.230014
20
153.153348
70
0
0
VERTEX
8
Sketch
10
36.230014
20
153.153348
70
0
0
SEQEND
8
Sketch
0
POLYLINE
8
Sketch
62
7
70
0
10
0.000000
20
0.000000
66
1
0
VERTEX
8
Sketch
10
36.230014
20
150.613351
70
0
0
VERTEX
8
Sketch
10
36.112695
20
150.895896
70
0
0
VERTEX
8
Sketch
10
35.830015
20
151.012891
70
0
0
VERTEX
8
Sketch
10
35.547336
20
150.895896
70
0
0
VERTEX
8
Sketch
10
35.430016
20
150.613351
70
0
0
VERTEX
8
Sketch
10
35.547336
20
150.330806
70
0
0
VERTEX
8
Sketch
10
35.830015
20
150.213812
70
0
0
VERTEX
8
Sketch
10
36.112695
20
150.330806
70
0
0
VERTEX
8
Sketch
10
36.230014
20
150.613351
70
0
0
VERTEX
8
Sketch
10
36.230014
20
150.613351
70
0
0
SEQEND
8
Sketch
0
POLYLINE
8
Sketch
62
7
70
0
10
0.000000
20
0.000000
66
1
0
VERTEX
8
Sketch
10
36.230014
20
129.483382
70
0
0
VERTEX
8
Sketch
10
36.112695
20
129.765927
70
0
0
VERTEX
8
Sketch
10
35.830015
20
129.882922
70
0
0
VERTEX
8
Sketch
10
35.547336
20
129.765927
70
0
0
VERTEX
8
Sketch
10
35.430016
20
129.483382
70
0
0
VERTEX
8
Sketch
10
35.547336
20
129.200838
70
0
0
VERTEX
8
Sketch
10
35.830015
20
129.083843
70
0
0
VERTEX
8
Sketch
10
36.112695
20
129.200838
70
0
0
VERTEX
8
Sketch
10
36.230014
20
129.483382
70
0
0
VERTEX
8
Sketch
10
36.230014
20
129.483382
70
0
0
SEQEND
8
Sketch
0
POLYLINE
8
Sketch
62
7
70
0
10
0.000000
20
0.000000
66
1
0
VERTEX
8
Sketch
10
36.230014
20
126.943386
70
0
0
VERTEX
8
Sketch
10
36.112695
20
127.225930
70
0
0
VERTEX
8
Sketch
10
35.830015
20
127.342925
70
0
0
VERTEX
8
Sketch
10
35.547336
20
127.225930
70
0
0
VERTEX
8
Sketch
10
35.430016
20
126.943386
70
0
0
VERTEX
8
Sketch
10
35.547336
20
126.660841
70
0
0
VERTEX
8
Sketch
10
35.830015
20
126.543846
70
0
0
VERTEX
8
Sketch
10
36.112695
20
126.660841
70
0
0
VERTEX
8
Sketch
10
36.230014
20
126.943386
70
0
0
VERTEX
8
Sketch
10
36.230014
20
126.943386
70
0
0
SEQEND
8
Sketch
0
POLYLINE
8
Sketch
62
7
70
0
10
0.000000
20
0.000000
66
1
0
VERTEX
8
Sketch
10
36.230014
20
121.863392
70
0
0
VERTEX
8
Sketch
10
36.112695
20
122.145937
70
0
0
VERTEX
8
Sketch
10
35.830015
20
122.262931
70
0
0
VERTEX
8
Sketch
10
35.547336
20
122.145937
70
0
0
VERTEX
8
Sketch
10
35.430016
20
121.863392
70
0
0
VERTEX
8
Sketch
10
35.547336
20
121.580847
70
0
0
VERTEX
8
Sketch
10
35.830015
20
121.463853
70
0
0
VERTEX
8
Sketch
10
36.112695
20
121.580847
70
0
0
VERTEX
8
Sketch
10
36.230014
20
121.863392
70
0
0
VERTEX
8
Sketch
10
36.230014
20
121.863392
70
0
0
SEQEND
8
Sketch
0
POLYLINE
8
Sketch
62
7
70
0
10
0.000000
20
0.000000
66
1
0
VERTEX
8
Sketch
10
36.230014
20
124.403389
70
0
0
VERTEX
8
Sketch
10
36.112695
20
124.685934
70
0
0
VERTEX
8
Sketch
10
35.830015
20
124.802928
70
0
0
VERTEX
8
Sketch
10
35.547336
20
124.685934
70
0
0
VERTEX
8
Sketch
10
35.430016
20
124.403389
70
0
0
VERTEX
8
Sketch
10
35.547336
20
124.120844
70
0
0
VERTEX
8
Sketch
10
35.830015
20
124.003849
70
0
0
VERTEX
8
Sketch
10
36.112695
20
124.120844
70
0
0
VERTEX
8
Sketch
10
36.230014
20
124.403389
70
0
0
VERTEX
8
Sketch
10
36.230014
20
124.403389
70
0
0
SEQEND
8
Sketch
0
POLYLINE
8
Sketch
62
7
70
0
10
0.000000
20
0.000000
66
1
0
VERTEX
8
Sketch
10
36.230014
20
119.323395
70
0
0
VERTEX
8
Sketch
10
36.112695
20
119.605940
70
0
0
VERTEX
8
Sketch
10
35.830015
20
119.722935
70
0
0
VERTEX
8
Sketch
10
35.547336
20
119.605940
70
0
0
VERTEX
8
Sketch
10
35.430016
20
119.323395
70
0
0
VERTEX
8
Sketch
10
35.547336
20
119.040850
70
0
0
VERTEX
8
Sketch
10
35.830015
20
118.923856
70
0
0
VERTEX
8
Sketch
10
36.112695
20
119.040850
70
0
0
VERTEX
8
Sketch
10
36.230014
20
119.323395
70
0
0
VERTEX
8
Sketch
10
36.230014
20
119.323395
70
0
0
SEQEND
8
Sketch
0
POLYLINE
8
Sketch
62
7
70
0
10
0.000000
20
0.000000
66
1
0
VERTEX
8
Sketch
10
51.271198
20
203.826186
70
0
0
VERTEX
8
Sketch
10
51.071198
20
204.172597
70
0
0
VERTEX
8
Sketch
10
50.671197
20
204.172597
70
0
0
VERTEX
8
Sketch
10
50.471197
20
203.826186
70
0
0
VERTEX
8
Sketch
10
50.671197
20
203.479776
70
0
0
VERTEX
8
Sketch
10
51.071198
20
203.479776
70
0
0
VERTEX
8
Sketch
10
51.271198
20
203.826186
70
0
0
VERTEX
8
Sketch
10
51.271198
20
203.826186
70
0
0
SEQEND
8
Sketch
0
POLYLINE
8
Sketch
62
7
70
0
10
0.000000
20
0.000000
66
1
0
VERTEX
8
Sketch
10
50.402466
20
201.439370
70
0
0
VERTEX
8
Sketch
10
50.285147
20
201.721915
70
0
0
VERTEX
8
Sketch
10
50.002467
20
201.838909
70
0
0
VERTEX
8
Sketch
10
49.719787
20
201.721915
70
0
0
VERTEX
8
Sketch
10
49.602468
20
201.439370
70
0
0
VERTEX
8
Sketch
10
49.719787
20
201.156825
70
0
0
VERTEX
8
Sketch
10
50.002467
20
201.039830
70
0
0
VERTEX
8
Sketch
10
50.285147
20
201.156825
70
0
0
VERTEX
8
Sketch
10
50.402466
20
201.439370
70
0
0
VERTEX
8
Sketch
10
50.402466
20
201.439370
70
0
0
SEQEND
8
Sketch
0
POLYLINE
8
Sketch
62
7
70
0
10
0.000000
20
0.000000
66
1
0
VERTEX
8
Sketch
10
49.533737
20
199.052553
70
0
0
VERTEX
8
Sketch
10
49.416418
20
199.335098
70
0
0
VERTEX
8
Sketch
10
49.133738
20
199.452093
70
0
0
VERTEX
8
Sketch
10
48.851058
20
199.335098
70
0
0
VERTEX
8
Sketch
10
48.733739
20
199.052553
70
0
0
VERTEX
8
Sketch
10
48.851058
20
198.770008
70
0
0
VERTEX
8
Sketch
10
49.133738
20
198.653014
70
0
0
VERTEX
8
Sketch
10
49.416418
20
198.770008
70
0
0
VERTEX
8
Sketch
10
49.533737
20
199.052553
70
0
0
VERTEX
8
Sketch
10
49.533737
20
199.052553
70
0
0
SEQEND
8
Sketch
0
POLYLINE
8
Sketch
62
7
70
0
10
0.000000
20
0.000000
66
1
0
VERTEX
8
Sketch
10
48.665005
20
196.665739
70
0
0
VERTEX
8
Sketch
10
48.547686
20
196.948284
70
0
0
VERTEX
8
Sketch
10
48.265006
20
197.065279
70
0
0
VERTEX
8
Sketch
10
47.982326
20
196.948284
70
0
0
VERTEX
8
Sketch
10
47.865007
20
196.665739
70
0
0
VERTEX
8
Sketch
10
47.982326
20
196.383195
70
0
0
VERTEX
8
Sketch
10
48.265006
20
196.266200
70
0
0
VERTEX
8
Sketch
10
48.547686
20
196.383195
70
0
0
VERTEX
8
Sketch
10
48.665005
20
196.665739
70
0
0
VERTEX
8
Sketch
10
48.665005
20
196.665739
70
0
0
SEQEND
8
Sketch
0
POLYLINE
8
Sketch
62
7
70
0
10
0.000000
20
0.000000
66
1
0
VERTEX
8
Sketch
10
47.796276
20
194.278923
70
0
0
VERTEX
8
Sketch
10
47.678957
20
194.561468
70
0
0
VERTEX
8
Sketch
10
47.396277
20
194.678462
70
0
0
VERTEX
8
Sketch
10
47.113597
20
194.561468
70
0
0
VERTEX
8
Sketch
10
46.996278
20
194.278923
70
0
0
VERTEX
8
Sketch
10
47.113597
20
193.996378
70
0
0
VERTEX
8
Sketch
10
47.396277
20
193.879384
70
0
0
VERTEX
8
Sketch
10
47.678957
20
193.996378
70
0
0
VERTEX
8
Sketch
10
47.796276
20
194.278923
70
0
0
VERTEX
8
Sketch
10
47.796276
20
194.278923
70
0
0
SEQEND
8
Sketch
0
POLYLINE
8
Sketch
62
7
70
0
10
0.000000
20
0.000000
66
1
0
VERTEX
8
Sketch
10
40.569400
20
174.423242
70
0
0
VERTEX
8
Sketch
10
40.452081
20
174.705786
70
0
0
VERTEX
8
Sketch
10
40.169401
20
174.822781
70
0
0
VERTEX
8
Sketch
10
39.886722
20
174.705786
70
0
0
VERTEX
8
Sketch
10
39.769402
20
174.423242
70
0
0
VERTEX
8
Sketch
10
39.886722
20
174.140697
70
0
0
VERTEX
8
Sketch
10
40.169401
20
174.023702
70
0
0
VERTEX
8
Sketch
10
40.452081
20
174.140697
70
0
0
VERTEX
8
Sketch
10
40.569400
20
174.423242
70
0
0
VERTEX
8
Sketch
10
40.569400
20
174.423242
70
0
0
SEQEND
8
Sketch
0
POLYLINE
8
Sketch
62
7
70
0
10
0.000000
20
0.000000
66
1
0
VERTEX
8
Sketch
10
39.700671
20
172.036425
70
0
0
VERTEX
8
Sketch
10
39.500671
20
172.382836
70
0
0
VERTEX
8
Sketch
10
39.100670
20
172.382836
70
0
0
VERTEX
8
Sketch
10
38.900670
20
172.036425
70
0
0
VERTEX
8
Sketch
10
39.100670
20
171.690014
70
0
0
VERTEX
8
Sketch
10
39.500671
20
171.690014
70
0
0
VERTEX
8
Sketch
10
39.700671
20
172.036425
70
0
0
VERTEX
8
Sketch
10
39.700671
20
172.036425
70
0
0
SEQEND
8
Sketch
0
POLYLINE
8
Sketch
62
7
70
0
10
0.000000
20
0.000000
66
1
0
VERTEX
8
Sketch
10
37.963210
20
167.262792
70
0
0
VERTEX
8
Sketch
10
37.763210
20
167.609203
70
0
0
VERTEX
8
Sketch
10
37.363209
20
167.609203
70
0
0
VERTEX
8
Sketch
10
37.163209
20
167.262792
70
0
0
VERTEX
8
Sketch
10
37.363209
20
166.916381
70
0
0
VERTEX
8
Sketch
10
37.763210
20
166.916381
70
0
0
VERTEX
8
Sketch
10
37.963210
20
167.262792
70
0
0
VERTEX
8
Sketch
10
37.963210
20
167.262792
70
0
0
SEQEND
8
Sketch
0
POLYLINE
8
Sketch
62
7
70
0
10
0.000000
20
0.000000
66
1
0
VERTEX
8
Sketch
10
38.831939
20
169.649622
70
0
0
VERTEX
8
Sketch
10
38.714620
20
169.932167
70
0
0
VERTEX
8
Sketch
10
38.431940
20
170.049161
70
0
0
VERTEX
8
Sketch
10
38.149261
20
169.932167
70
0
0
VERTEX
8
Sketch
10
38.031941
20
169.649622
70
0
0
VERTEX
8
Sketch
10
38.149261
20
169.367077
70
0
0
VERTEX
8
Sketch
10
38.431940
20
169.250082
70
0
0
VERTEX
8
Sketch
10
38.714620
20
169.367077
70
0
0
VERTEX
8
Sketch
10
38.831939
20
169.649622
70
0
0
VERTEX
8
Sketch
10
38.831939
20
169.649622
70
0
0
SEQEND
8
Sketch
0
POLYLINE
8
Sketch
62
7
70
0
10
0.000000
20
0.000000
66
1
0
VERTEX
8
Sketch
10
37.094478
20
164.875989
70
0
0
VERTEX
8
Sketch
10
36.977159
20
165.158534
70
0
0
VERTEX
8
Sketch
10
36.694479
20
165.275528
70
0
0
VERTEX
8
Sketch
10
36.411800
20
165.158534
70
0
0
VERTEX
8
Sketch
10
36.294480
20
164.875989
70
0
0
VERTEX
8
Sketch
10
36.411800
20
164.593444
70
0
0
VERTEX
8
Sketch
10
36.694479
20
164.476449
70
0
0
VERTEX
8
Sketch
10
36.977159
20
164.593444
70
0
0
VERTEX
8
Sketch
10
37.094478
20
164.875989
70
0
0
VERTEX
8
Sketch
10
37.094478
20
164.875989
70
0
0
SEQEND
8
Sketch
0
POLYLINE
8
Sketch
62
7
70
0
10
0.000000
20
0.000000
66
1
0
VERTEX
8
Sketch
10
80.130224
20
239.138235
70
0
0
VERTEX
8
Sketch
10
80.012904
20
239.420780
70
0
0
VERTEX
8
Sketch
10
79.730224
20
239.537775
70
0
0
VERTEX
8
Sketch
10
79.447545
20
239.420780
70
0
0
VERTEX
8
Sketch
10
79.330225
20
239.138235
70
0
0
VERTEX
8
Sketch
10
79.447545
20
238.855690
70
0
0
VERTEX
8
Sketch
10
79.730224
20
238.738696
70
0
0
VERTEX
8
Sketch
10
80.012904
20
238.855690
70
0
0
VERTEX
8
Sketch
10
80.130224
20
239.138235
70
0
0
VERTEX
8
Sketch
10
80.130224
20
239.138235
70
0
0
SEQEND
8
Sketch
0
POLYLINE
8
Sketch
62
7
70
0
10
0.000000
20
0.000000
66
1
0
VERTEX
8
Sketch
10
78.497546
20
237.192486
70
0
0
VERTEX
8
Sketch
10
78.297545
20
237.538897
70
0
0
VERTEX
8
Sketch
10
77.897545
20
237.538897
70
0
0
VERTEX
8
Sketch
10
77.697544
20
237.192486
70
0
0
VERTEX
8
Sketch
10
77.897545
20
236.846076
70
0
0
VERTEX
8
Sketch
10
78.297545
20
236.846076
70
0
0
VERTEX
8
Sketch
10
78.497546
20
237.192486
70
0
0
VERTEX
8
Sketch
10
78.497546
20
237.192486
70
0
0
SEQEND
8
Sketch
0
POLYLINE
8
Sketch
62
7
70
0
10
0.000000
20
0.000000
66
1
0
VERTEX
8
Sketch
10
76.864867
20
235.246735
70
0
0
VERTEX
8
Sketch
10
76.747548
20
235.529280
70
0
0
VERTEX
8
Sketch
10
76.464868
20
235.646275
70
0
0
VERTEX
8
Sketch
10
76.182188
20
235.529280
70
0
0
VERTEX
8
Sketch
10
76.064869
20
235.246735
70
0
0
VERTEX
8
Sketch
10
76.182188
20
234.964190
70
0
0
VERTEX
8
Sketch
10
76.464868
20
234.847196
70
0
0
VERTEX
8
Sketch
10
76.747548
20
234.964190
70
0
0
VERTEX
8
Sketch
10
76.864867
20
235.246735
70
0
0
VERTEX
8
Sketch
10
76.864867
20
235.246735
70
0
0
SEQEND
8
Sketch
0
POLYLINE
8
Sketch
62
7
70
0
10
0.000000
20
0.000000
66
1
0
VERTEX
8
Sketch
10
75.232186
20
233.300984
70
0
0
VERTEX
8
Sketch
10
75.114867
20
233.583529
70
0
0
VERTEX
8
Sketch
10
74.832187
20
233.700523
70
0
0
VERTEX
8
Sketch
10
74.549508
20
233.583529
70
0
0
VERTEX
8
Sketch
10
74.432188
20
233.300984
70
0
0
VERTEX
8
Sketch
10
74.549508
20
233.018439
70
0
0
VERTEX
8
Sketch
10
74.832187
20
232.901444
70
0
0
VERTEX
8
Sketch
10
75.114867
20
233.018439
70
0
0
VERTEX
8
Sketch
10
75.232186
20
233.300984
70
0
0
VERTEX
8
Sketch
10
75.232186
20
233.300984
70
0
0
SEQEND
8
Sketch
0
POLYLINE
8
Sketch
62
7
70
0
10
0.000000
20
0.000000
66
1
0
VERTEX
8
Sketch
10
73.599511
20
231.355232
70
0
0
VERTEX
8
Sketch
10
73.399511
20
231.701643
70
0
0
VERTEX
8
Sketch
10
72.999510
20
231.701643
70
0
0
VERTEX
8
Sketch
10
72.799510
20
231.355232
70
0
0
VERTEX
8
Sketch
10
72.999510
20
231.008822
70
0
0
VERTEX
8
Sketch
10
73.399511
20
231.008822
70
0
0
VERTEX
8
Sketch
10
73.599511
20
231.355232
70
0
0
VERTEX
8
Sketch
10
73.599511
20
231.355232
70
0
0
SEQEND
8
Sketch
0
POLYLINE
8
Sketch
62
7
70
0
10
0.000000
20
0.000000
66
1
0
VERTEX
8
Sketch
10
60.017426
20
215.168735
70
0
0
VERTEX
8
Sketch
10
59.817425
20
215.515146
70
0
0
VERTEX
8
Sketch
10
59.417425
20
215.515146
70
0
0
VERTEX
8
Sketch
10
59.217425
20
215.168735
70
0
0
VERTEX
8
Sketch
10
59.417425
20
214.822324
70
0
0
VERTEX
8
Sketch
10
59.817425
20
214.822324
70
0
0
VERTEX
8
Sketch
10
60.017426
20
215.168735
70
0
0
VERTEX
8
Sketch
10
60.017426
20
215.168735
70
0
0
SEQEND
8
Sketch
0
POLYLINE
8
Sketch
62
7
70
0
10
0.000000
20
0.000000
66
1
0
VERTEX
8
Sketch
10
58.384745
20
213.222984
70
0
0
VERTEX
8
Sketch
10
58.267425
20
213.505529
70
0
0
VERTEX
8
Sketch
10
57.984746
20
213.622523
70
0
0
VERTEX
8
Sketch
10
57.702066
20
213.505529
70
0
0
VERTEX
8
Sketch
10
57.584746
20
213.222984
70
0
0
VERTEX
8
Sketch
10
57.702066
20
212.940439
70
0
0
VERTEX
8
Sketch
10
57.984746
20
212.823444
70
0
0
VERTEX
8
Sketch
10
58.267425
20
212.940439
70
0
0
VERTEX
8
Sketch
10
58.384745
20
213.222984
70
0
0
VERTEX
8
Sketch
10
58.384745
20
213.222984
70
0
0
SEQEND
8
Sketch
0
POLYLINE
8
Sketch
62
7
70
0
10
0.000000
20
0.000000
66
1
0
VERTEX
8
Sketch
10
55.119389
20
209.331484
70
0
0
VERTEX
8
Sketch
10
55.002069
20
209.614029
70
0
0
VERTEX
8
Sketch
10
54.719389
20
209.731023
70
0
0
VERTEX
8
Sketch
10
54.436710
20
209.614029
70
0
0
VERTEX
8
Sketch
10
54.319390
20
209.331484
70
0
0
VERTEX
8
Sketch
10
54.436710
20
209.048939
70
0
0
VERTEX
8
Sketch
10
54.719389
20
208.931944
70
0
0
VERTEX
8
Sketch
10
55.002069
20
209.048939
70
0
0
VERTEX
8
Sketch
10
55.119389
20
209.331484
70
0
0
VERTEX
8
Sketch
10
55.119389
20
209.331484
70
0
0
SEQEND
8
Sketch
0
POLYLINE
8
Sketch
62
7
70
0
10
0.000000
20
0.000000
66
1
0
VERTEX
8
Sketch
10
56.752067
20
211.277232
70
0
0
VERTEX
8
Sketch
10
56.634747
20
211.559777
70
0
0
VERTEX
8
Sketch
10
56.352067
20
211.676772
70
0
0
VERTEX
8
Sketch
10
56.069388
20
211.559777
70
0
0
VERTEX
8
Sketch
10
55.952068
20
211.277232
70
0
0
VERTEX
8
Sketch
10
56.069388
20
210.994688
70
0
0
VERTEX
8
Sketch
10
56.352067
20
210.877693
70
0
0
VERTEX
8
Sketch
10
56.634747
20
210.994688
70
0
0
VERTEX
8
Sketch
10
56.752067
20
211.277232
70
0
0
VERTEX
8
Sketch
10
56.752067
20
211.277232
70
0
0
SEQEND
8
Sketch
0
POLYLINE
8
Sketch
62
7
70
0
10
0.000000
20
0.000000
66
1
0
VERTEX
8
Sketch
10
53.486710
20
207.385732
70
0
0
VERTEX
8
Sketch
10
53.369391
20
207.668277
70
0
0
VERTEX
8
Sketch
10
53.086711
20
207.785272
70
0
0
VERTEX
8
Sketch
10
52.804031
20
207.668277
70
0
0
VERTEX
8
Sketch
10
52.686712
20
207.385732
70
0
0
VERTEX
8
Sketch
10
52.804031
20
207.103188
70
0
0
VERTEX
8
Sketch
10
53.086711
20
206.986193
70
0
0
VERTEX
8
Sketch
10
53.369391
20
207.103188
70
0
0
VERTEX
8
Sketch
10
53.486710
20
207.385732
70
0
0
VERTEX
8
Sketch
10
53.486710
20
207.385732
70
0
0
SEQEND
8
Sketch
0
POLYLINE
8
Sketch
62
7
70
0
10
0.000000
20
0.000000
66
1
0
VERTEX
8
Sketch
10
119.326269
20
262.450339
70
0
0
VERTEX
8
Sketch
10
119.208949
20
262.732884
70
0
0
VERTEX
8
Sketch
10
118.926270
20
262.849878
70
0
0
VERTEX
8
Sketch
10
118.643590
20
262.732884
70
0
0
VERTEX
8
Sketch
10
118.526271
20
262.450339
70
0
0
VERTEX
8
Sketch
10
118.643590
20
262.167794
70
0
0
VERTEX
8
Sketch
10
118.926270
20
262.050800
70
0
0
VERTEX
8
Sketch
10
119.208949
20
262.167794
70
0
0
VERTEX
8
Sketch
10
119.326269
20
262.450339
70
0
0
VERTEX
8
Sketch
10
119.326269
20
262.450339
70
0
0
SEQEND
8
Sketch
0
POLYLINE
8
Sketch
62
7
70
0
10
0.000000
20
0.000000
66
1
0
VERTEX
8
Sketch
10
117.126568
20
261.180341
70
0
0
VERTEX
8
Sketch
10
117.009249
20
261.462885
70
0
0
VERTEX
8
Sketch
10
116.726569
20
261.579880
70
0
0
VERTEX
8
Sketch
10
116.443889
20
261.462885
70
0
0
VERTEX
8
Sketch
10
116.326570
20
261.180341
70
0
0
VERTEX
8
Sketch
10
116.443889
20
260.897796
70
0
0
VERTEX
8
Sketch
10
116.726569
20
260.780801
70
0
0
VERTEX
8
Sketch
10
117.009249
20
260.897796
70
0
0
VERTEX
8
Sketch
10
117.126568
20
261.180341
70
0
0
VERTEX
8
Sketch
10
117.126568
20
261.180341
70
0
0
SEQEND
8
Sketch
0
POLYLINE
8
Sketch
62
7
70
0
10
0.000000
20
0.000000
66
1
0
VERTEX
8
Sketch
10
114.926868
20
259.910342
70
0
0
VERTEX
8
Sketch
10
114.809710
20
260.193185
70
0
0
VERTEX
8
Sketch
10
114.526867
20
260.310343
70
0
0
VERTEX
8
Sketch
10
114.244024
20
260.193185
70
0
0
VERTEX
8
Sketch
10
114.126866
20
259.910342
70
0
0
VERTEX
8
Sketch
10
114.326867
20
259.563932
70
0
0
VERTEX
8
Sketch
10
114.726867
20
259.563932
70
0
0
VERTEX
8
Sketch
10
114.926868
20
259.910342
70
0
0
VERTEX
8
Sketch
10
114.926868
20
259.910342
70
0
0
SEQEND
8
Sketch
0
POLYLINE
8
Sketch
62
7
70
0
10
0.000000
20
0.000000
66
1
0
VERTEX
8
Sketch
10
112.727164
20
258.640344
70
0
0
VERTEX
8
Sketch
10
112.609845
20
258.922889
70
0
0
VERTEX
8
Sketch
10
112.327165
20
259.039883
70
0
0
VERTEX
8
Sketch
10
112.044485
20
258.922889
70
0
0
VERTEX
8
Sketch
10
111.927166
20
258.640344
70
0
0
VERTEX
8
Sketch
10
112.044485
20
258.357799
70
0
0
VERTEX
8
Sketch
10
112.327165
20
258.240804
70
0
0
VERTEX
8
Sketch
10
112.609845
20
258.357799
70
0
0
VERTEX
8
Sketch
10
112.727164
20
258.640344
70
0
0
VERTEX
8
Sketch
10
112.727164
20
258.640344
70
0
0
SEQEND
8
Sketch
0
POLYLINE
8
Sketch
62
7
70
0
10
0.000000
20
0.000000
66
1
0
VERTEX
8
Sketch
10
110.527463
20
257.370345
70
0
0
VERTEX
8
Sketch
10
110.410144
20
257.652890
70
0
0
VERTEX
8
Sketch
10
110.127464
20
257.769885
70
0
0
VERTEX
8
Sketch
10
109.844785
20
257.652890
70
0
0
VERTEX
8
Sketch
10
109.727465
20
257.370345
70
0
0
VERTEX
8
Sketch
10
109.844785
20
257.087800
70
0
0
VERTEX
8
Sketch
10
110.127464
20
256.970806
70
0
0
VERTEX
8
Sketch
10
110.410144
20
257.087800
70
0
0
VERTEX
8
Sketch
10
110.527463
20
257.370345
70
0
0
VERTEX
8
Sketch
10
110.527463
20
257.370345
70
0
0
SEQEND
8
Sketch
0
POLYLINE
8
Sketch
62
7
70
0
10
0.000000
20
0.000000
66
1
0
VERTEX
8
Sketch
10
92.228369
20
246.805358
70
0
0
VERTEX
8
Sketch
10
92.111049
20
247.087903
70
0
0
VERTEX
8
Sketch
10
91.828369
20
247.204898
70
0
0
VERTEX
8
Sketch
10
91.545690
20
247.087903
70
0
0
VERTEX
8
Sketch
10
91.428370
20
246.805358
70
0
0
VERTEX
8
Sketch
10
91.545690
20
246.522813
70
0
0
VERTEX
8
Sketch
10
91.828369
20
246.405819
70
0
0
VERTEX
8
Sketch
10
92.111049
20
246.522813
70
0
0
VERTEX
8
Sketch
10
92.228369
20
246.805358
70
0
0
VERTEX
8
Sketch
10
92.228369
20
246.805358
70
0
0
SEQEND
8
Sketch
0
POLYLINE
8
Sketch
62
7
70
0
10
0.000000
20
0.000000
66
1
0
VERTEX
8
Sketch
10
90.028668
20
245.535360
70
0
0
VERTEX
8
Sketch
10
89.828668
20
245.881771
70
0
0
VERTEX
8
Sketch
10
89.428667
20
245.881771
70
0
0
VERTEX
8
Sketch
10
89.228667
20
245.535360
70
0
0
VERTEX
8
Sketch
10
89.428667
20
245.188949
70
0
0
VERTEX
8
Sketch
10
89.828668
20
245.188949
70
0
0
VERTEX
8
Sketch
10
90.028668
20
245.535360
70
0
0
VERTEX
8
Sketch
10
90.028668
20
245.535360
70
0
0
SEQEND
8
Sketch
0
POLYLINE
8
Sketch
62
7
70
0
10
0.000000
20
0.000000
66
1
0
VERTEX
8
Sketch
10
85.629264
20
242.995363
70
0
0
VERTEX
8
Sketch
10
85.511944
20
243.277908
70
0
0
VERTEX
8
Sketch
10
85.229265
20
243.394903
70
0
0
VERTEX
8
Sketch
10
84.946585
20
243.277908
70
0
0
VERTEX
8
Sketch
10
84.829265
20
242.995363
70
0
0
VERTEX
8
Sketch
10
84.946585
20
242.712818
70
0
0
VERTEX
8
Sketch
10
85.229265
20
242.595824
70
0
0
VERTEX
8
Sketch
10
85.511944
20
242.712818
70
0
0
VERTEX
8
Sketch
10
85.629264
20
242.995363
70
0
0
VERTEX
8
Sketch
10
85.629264
20
242.995363
70
0
0
SEQEND
8
Sketch
0
POLYLINE
8
Sketch
62
7
70
0
10
0.000000
20
0.000000
66
1
0
VERTEX
8
Sketch
10
87.828965
20
244.265362
70
0
0
VERTEX
8
Sketch
10
87.711645
20
244.547906
70
0
0
VERTEX
8
Sketch
10
87.428965
20
244.664901
70
0
0
VERTEX
8
Sketch
10
87.146286
20
244.547906
70
0
0
VERTEX
8
Sketch
10
87.028966
20
244.265362
70
0
0
VERTEX
8
Sketch
10
87.146286
20
243.982817
70
0
0
VERTEX
8
Sketch
10
87.428965
20
243.865822
70
0
0
VERTEX
8
Sketch
10
87.711645
20
243.982817
70
0
0
VERTEX
8
Sketch
10
87.828965
20
244.265362
70
0
0
VERTEX
8
Sketch
10
87.828965
20
244.265362
70
0
0
SEQEND
8
Sketch
0
POLYLINE
8
Sketch
62
7
70
0
10
0.000000
20
0.000000
66
1
0
VERTEX
8
Sketch
10
83.429563
20
241.725365
70
0
0
VERTEX
8
Sketch
10
83.229563
20
242.071775
70
0
0
VERTEX
8
Sketch
10
82.829562
20
242.071775
70
0
0
VERTEX
8
Sketch
10
82.629562
20
241.725365
70
0
0
VERTEX
8
Sketch
10
82.829562
20
241.378954
70
0
0
VERTEX
8
Sketch
10
83.229563
20
241.378954
70
0
0
VERTEX
8
Sketch
10
83.429563
20
241.725365
70
0
0
VERTEX
8
Sketch
10
83.429563
20
241.725365
70
0
0
SEQEND
8
Sketch
0
POLYLINE
8
Sketch
62
7
70
0
10
0.000000
20
0.000000
66
1
0
VERTEX
8
Sketch
10
164.131714
20
270.950711
70
0
0
VERTEX
8
Sketch
10
163.931715
20
271.297121
70
0
0
VERTEX
8
Sketch
10
163.531715
20
271.297121
70
0
0
VERTEX
8
Sketch
10
163.331715
20
270.950711
70
0
0
VERTEX
8
Sketch
10
163.531715
20
270.604301
70
0
0
VERTEX
8
Sketch
10
163.931715
20
270.604301
70
0
0
VERTEX
8
Sketch
10
164.131714
20
270.950711
70
0
0
VERTEX
8
Sketch
10
164.131714
20
270.950711
70
0
0
SEQEND
8
Sketch
0
POLYLINE
8
Sketch
62
7
70
0
10
0.000000
20
0.000000
66
1
0
VERTEX
8
Sketch
10
161.630306
20
270.509646
70
0
0
VERTEX
8
Sketch
10
161.430306
20
270.856055
70
0
0
VERTEX
8
Sketch
10
161.030306
20
270.856055
70
0
0
VERTEX
8
Sketch
10
160.830307
20
270.509646
70
0
0
VERTEX
8
Sketch
10
161.030306
20
270.163236
70
0
0
VERTEX
8
Sketch
10
161.430306
20
270.163236
70
0
0
VERTEX
8
Sketch
10
161.630306
20
270.509646
70
0
0
VERTEX
8
Sketch
10
161.630306
20
270.509646
70
0
0
SEQEND
8
Sketch
0
POLYLINE
8
Sketch
62
7
70
0
10
0.000000
20
0.000000
66
1
0
VERTEX
8
Sketch
10
159.128897
20
270.068580
70
0
0
VERTEX
8
Sketch
10
159.011740
20
270.351423
70
0
0
VERTEX
8
Sketch
10
158.728898
20
270.468580
70
0
0
VERTEX
8
Sketch
10
158.446055
20
270.351423
70
0
0
VERTEX
8
Sketch
10
158.328898
20
270.068580
70
0
0
VERTEX
8
Sketch
10
158.446055
20
269.785738
70
0
0
VERTEX
8
Sketch
10
158.728898
20
269.668581
70
0
0
VERTEX
8
Sketch
10
159.011740
20
269.785738
70
0
0
VERTEX
8
Sketch
10
159.128897
20
270.068580
70
0
0
VERTEX
8
Sketch
10
159.128897
20
270.068580
70
0
0
SEQEND
8
Sketch
0
POLYLINE
8
Sketch
62
7
70
0
10
0.000000
20
0.000000
66
1
0
VERTEX
8
Sketch
10
156.627489
20
269.627515
70
0
0
VERTEX
8
Sketch
10
156.427489
20
269.973925
70
0
0
VERTEX
8
Sketch
10
156.027490
20
269.973925
70
0
0
VERTEX
8
Sketch
10
155.827490
20
269.627515
70
0
0
VERTEX
8
Sketch
10
156.027490
20
269.281106
70
0
0
VERTEX
8
Sketch
10
156.427489
20
269.281106
70
0
0
VERTEX
8
Sketch
10
156.627489
20
269.627515
70
0
0
VERTEX
8
Sketch
10
156.627489
20
269.627515
70
0
0
SEQEND
8
Sketch
0
POLYLINE
8
Sketch
62
7
70
0
10
0.000000
20
0.000000
66
1
0
VERTEX
8
Sketch
10
154.126080
20
269.186450
70
0
0
VERTEX
8
Sketch
10
153.926080
20
269.532860
70
0
0
VERTEX
8
Sketch
10
153.526081
20
269.532860
70
0
0
VERTEX
8
Sketch
10
153.326081
20
269.186450
70
0
0
VERTEX
8
Sketch
10
153.526081
20
268.840040
70
0
0
VERTEX
8
Sketch
10
153.926080
20
268.840040
70
0
0
VERTEX
8
Sketch
10
154.126080
20
269.186450
70
0
0
VERTEX
8
Sketch
10
154.126080
20
269.186450
70
0
0
SEQEND
8
Sketch
0
POLYLINE
8
Sketch
62
7
70
0
10
0.000000
20
0.000000
66
1
0
VERTEX
8
Sketch
10
133.317116
20
265.517269
70
0
0
VERTEX
8
Sketch
10
133.199797
20
265.799814
70
0
0
VERTEX
8
Sketch
10
132.917117
20
265.916808
70
0
0
VERTEX
8
Sketch
10
132.634438
20
265.799814
70
0
0
VERTEX
8
Sketch
10
132.517118
20
265.517269
70
0
0
VERTEX
8
Sketch
10
132.634438
20
265.234724
70
0
0
VERTEX
8
Sketch
10
132.917117
20
265.117729
70
0
0
VERTEX
8
Sketch
10
133.199797
20
265.234724
70
0
0
VERTEX
8
Sketch
10
133.317116
20
265.517269
70
0
0
VERTEX
8
Sketch
10
133.317116
20
265.517269
70
0
0
SEQEND
8
Sketch
0
POLYLINE
8
Sketch
62
7
70
0
10
0.000000
20
0.000000
66
1
0
VERTEX
8
Sketch
10
130.815709
20
265.076201
70
0
0
VERTEX
8
Sketch
10
130.698389
20
265.358746
70
0
0
VERTEX
8
Sketch
10
130.415710
20
265.475740
70
0
0
VERTEX
8
Sketch
10
130.133030
20
265.358746
70
0
0
VERTEX
8
Sketch
10
130.015711
20
265.076201
70
0
0
VERTEX
8
Sketch
10
130.133030
20
264.793656
70
0
0
VERTEX
8
Sketch
10
130.415710
20
264.676661
70
0
0
VERTEX
8
Sketch
10
130.698389
20
264.793656
70
0
0
VERTEX
8
Sketch
10
130.815709
20
265.076201
70
0
0
VERTEX
8
Sketch
10
130.815709
20
265.076201
70
0
0
SEQEND
8
Sketch
0
POLYLINE
8
Sketch
62
7
70
0
10
0.000000
20
0.000000
66
1
0
VERTEX
8
Sketch
10
125.812892
20
264.194071
70
0
0
VERTEX
8
Sketch
10
125.695572
20
264.476615
70
0
0
VERTEX
8
Sketch
10
125.412892
20
264.593610
70
0
0
VERTEX
8
Sketch
10
125.130213
20
264.476615
70
0
0
VERTEX
8
Sketch
10
125.012893
20
264.194071
70
0
0
VERTEX
8
Sketch
10
125.130213
20
263.911526
70
0
0
VERTEX
8
Sketch
10
125.412892
20
263.794531
70
0
0
VERTEX
8
Sketch
10
125.695572
20
263.911526
70
0
0
VERTEX
8
Sketch
10
125.812892
20
264.194071
70
0
0
VERTEX
8
Sketch
10
125.812892
20
264.194071
70
0
0
SEQEND
8
Sketch
0
POLYLINE
8
Sketch
62
7
70
0
10
0.000000
20
0.000000
66
1
0
VERTEX
8
Sketch
10
128.314302
20
264.635136
70
0
0
VERTEX
8
Sketch
10
128.114301
20
264.981546
70
0
0
VERTEX
8
Sketch
10
127.714301
20
264.981546
70
0
0
VERTEX
8
Sketch
10
127.514301
20
264.635136
70
0
0
VERTEX
8
Sketch
10
127.714301
20
264.288725
70
0
0
VERTEX
8
Sketch
10
128.114301
20
264.288725
70
0
0
VERTEX
8
Sketch
10
128.314302
20
264.635136
70
0
0
VERTEX
8
Sketch
10
128.314302
20
264.635136
70
0
0
SEQEND
8
Sketch
0
POLYLINE
8
Sketch
62
7
70
0
10
0.000000
20
0.000000
66
1
0
VERTEX
8
Sketch
10
123.311484
20
263.753003
70
0
0
VERTEX
8
Sketch
10
123.194165
20
264.035548
70
0
0
VERTEX
8
Sketch
10
122.911485
20
264.152542
70
0
0
VERTEX
8
Sketch
10
122.628805
20
264.035548
70
0
0
VERTEX
8
Sketch
10
122.511486
20
263.753003
70
0
0
VERTEX
8
Sketch
10
122.628805
20
263.470458
70
0
0
VERTEX
8
Sketch
10
122.911485
20
263.353463
70
0
0
VERTEX
8
Sketch
10
123.194165
20
263.470458
70
0
0
VERTEX
8
Sketch
10
123.311484
20
263.753003
70
0
0
VERTEX
8
Sketch
10
123.311484
20
263.753003
70
0
0
SEQEND
8
Sketch
0
POLYLINE
8
Sketch
62
7
70
0
10
0.000000
20
0.000000
66
1
0
VERTEX
8
Sketch
10
209.142358
20
263.614086
70
0
0
VERTEX
8
Sketch
10
209.025038
20
263.896631
70
0
0
VERTEX
8
Sketch
10
208.742358
20
264.013626
70
0
0
VERTEX
8
Sketch
10
208.459679
20
263.896631
70
0
0
VERTEX
8
Sketch
10
208.342359
20
263.614086
70
0
0
VERTEX
8
Sketch
10
208.459679
20
263.331541
70
0
0
VERTEX
8
Sketch
10
208.742358
20
263.214547
70
0
0
VERTEX
8
Sketch
10
209.025038
20
263.331541
70
0
0
VERTEX
8
Sketch
10
209.142358
20
263.614086
70
0
0
VERTEX
8
Sketch
10
209.142358
20
263.614086
70
0
0
SEQEND
8
Sketch
0
POLYLINE
8
Sketch
62
7
70
0
10
0.000000
20
0.000000
66
1
0
VERTEX
8
Sketch
10
206.640950
20
264.055151
70
0
0
VERTEX
8
Sketch
10
206.523631
20
264.337696
70
0
0
VERTEX
8
Sketch
10
206.240951
20
264.454691
70
0
0
VERTEX
8
Sketch
10
205.958271
20
264.337696
70
0
0
VERTEX
8
Sketch
10
205.840952
20
264.055151
70
0
0
VERTEX
8
Sketch
10
205.958271
20
263.772606
70
0
0
VERTEX
8
Sketch
10
206.240951
20
263.655612
70
0
0
VERTEX
8
Sketch
10
206.523631
20
263.772606
70
0
0
VERTEX
8
Sketch
10
206.640950
20
264.055151
70
0
0
VERTEX
8
Sketch
10
206.640950
20
264.055151
70
0
0
SEQEND
8
Sketch
0
POLYLINE
8
Sketch
62
7
70
0
10
0.000000
20
0.000000
66
1
0
VERTEX
8
Sketch
10
204.139540
20
264.496216
70
0
0
VERTEX
8
Sketch
10
204.022221
20
264.778761
70
0
0
VERTEX
8
Sketch
10
203.739541
20
264.895756
70
0
0
VERTEX
8
Sketch
10
203.456861
20
264.778761
70
0
0
VERTEX
8
Sketch
10
203.339542
20
264.496216
70
0
0
VERTEX
8
Sketch
10
203.456861
20
264.213672
70
0
0
VERTEX
8
Sketch
10
203.739541
20
264.096677
70
0
0
VERTEX
8
Sketch
10
204.022221
20
264.213672
70
0
0
VERTEX
8
Sketch
10
204.139540
20
264.496216
70
0
0
VERTEX
8
Sketch
10
204.139540
20
264.496216
70
0
0
SEQEND
8
Sketch
0
POLYLINE
8
Sketch
62
7
70
0
10
0.000000
20
0.000000
66
1
0
VERTEX
8
Sketch
10
201.638133
20
264.937284
70
0
0
VERTEX
8
Sketch
10
201.520813
20
265.219829
70
0
0
VERTEX
8
Sketch
10
201.238134
20
265.336824
70
0
0
VERTEX
8
Sketch
10
200.955454
20
265.219829
70
0
0
VERTEX
8
Sketch
10
200.838134
20
264.937284
70
0
0
VERTEX
8
Sketch
10
200.955454
20
264.654739
70
0
0
VERTEX
8
Sketch
10
201.238134
20
264.537745
70
0
0
VERTEX
8
Sketch
10
201.520813
20
264.654739
70
0
0
VERTEX
8
Sketch
10
201.638133
20
264.937284
70
0
0
VERTEX
8
Sketch
10
201.638133
20
264.937284
70
0
0
SEQEND
8
Sketch
0
POLYLINE
8
Sketch
62
7
70
0
10
0.000000
20
0.000000
66
1
0
VERTEX
8
Sketch
10
199.136726
20
265.378349
70
0
0
VERTEX
8
Sketch
10
198.936725
20
265.724760
70
0
0
VERTEX
8
Sketch
10
198.536725
20
265.724760
70
0
0
VERTEX
8
Sketch
10
198.336724
20
265.378349
70
0
0
VERTEX
8
Sketch
10
198.536725
20
265.031939
70
0
0
VERTEX
8
Sketch
10
198.936725
20
265.031939
70
0
0
VERTEX
8
Sketch
10
199.136726
20
265.378349
70
0
0
VERTEX
8
Sketch
10
199.136726
20
265.378349
70
0
0
SEQEND
8
Sketch
0
POLYLINE
8
Sketch
62
7
70
0
10
0.000000
20
0.000000
66
1
0
VERTEX
8
Sketch
10
178.327762
20
269.047531
70
0
0
VERTEX
8
Sketch
10
178.210605
20
269.330373
70
0
0
VERTEX
8
Sketch
10
177.927763
20
269.447530
70
0
0
VERTEX
8
Sketch
10
177.644921
20
269.330373
70
0
0
VERTEX
8
Sketch
10
177.527763
20
269.047531
70
0
0
VERTEX
8
Sketch
10
177.644921
20
268.764689
70
0
0
VERTEX
8
Sketch
10
177.927763
20
268.647531
70
0
0
VERTEX
8
Sketch
10
178.210605
20
268.764689
70
0
0
VERTEX
8
Sketch
10
178.327762
20
269.047531
70
0
0
VERTEX
8
Sketch
10
178.327762
20
269.047531
70
0
0
SEQEND
8
Sketch
0
POLYLINE
8
Sketch
62
7
70
0
10
0.000000
20
0.000000
66
1
0
VERTEX
8
Sketch
10
175.826354
20
269.488596
70
0
0
VERTEX
8
Sketch
10
175.626354
20
269.835006
70
0
0
VERTEX
8
Sketch
10
175.226355
20
269.835006
70
0
0
VERTEX
8
Sketch
10
175.026355
20
269.488596
70
0
0
VERTEX
8
Sketch
10
175.226355
20
269.142186
70
0
0
VERTEX
8
Sketch
10
175.626354
20
269.142186
70
0
0
VERTEX
8
Sketch
10
175.826354
20
269.488596
70
0
0
VERTEX
8
Sketch
10
175.826354
20
269.488596
70
0
0
SEQEND
8
Sketch
0
POLYLINE
8
Sketch
62
7
70
0
10
0.000000
20
0.000000
66
1
0
VERTEX
8
Sketch
10
170.823537
20
270.370726
70
0
0
VERTEX
8
Sketch
10
170.623537
20
270.717136
70
0
0
VERTEX
8
Sketch
10
170.223538
20
270.717136
70
0
0
VERTEX
8
Sketch
10
170.023538
20
270.370726
70
0
0
VERTEX
8
Sketch
10
170.223538
20
270.024317
70
0
0
VERTEX
8
Sketch
10
170.623537
20
270.024317
70
0
0
VERTEX
8
Sketch
10
170.823537
20
270.370726
70
0
0
VERTEX
8
Sketch
10
170.823537
20
270.370726
70
0
0
SEQEND
8
Sketch
0
POLYLINE
8
Sketch
62
7
70
0
10
0.000000
20
0.000000
66
1
0
VERTEX
8
Sketch
10
173.324945
20
269.929661
70
0
0
VERTEX
8
Sketch
10
173.124945
20
270.276071
70
0
0
VERTEX
8
Sketch
10
172.724946
20
270.276071
70
0
0
VERTEX
8
Sketch
10
172.524946
20
269.929661
70
0
0
VERTEX
8
Sketch
10
172.724946
20
269.583251
70
0
0
VERTEX
8
Sketch
10
173.124945
20
269.583251
70
0
0
VERTEX
8
Sketch
10
173.324945
20
269.929661
70
0
0
VERTEX
8
Sketch
10
173.324945
20
269.929661
70
0
0
SEQEND
8
Sketch
0
POLYLINE
8
Sketch
62
7
70
0
10
0.000000
20
0.000000
66
1
0
VERTEX
8
Sketch
10
168.322128
20
270.811794
70
0
0
VERTEX
8
Sketch
10
168.204971
20
271.094636
70
0
0
VERTEX
8
Sketch
10
167.922129
20
271.211794
70
0
0
VERTEX
8
Sketch
10
167.639287
20
271.094636
70
0
0
VERTEX
8
Sketch
10
167.522129
20
270.811794
70
0
0
VERTEX
8
Sketch
10
167.639287
20
270.528952
70
0
0
VERTEX
8
Sketch
10
167.922129
20
270.411795
70
0
0
VERTEX
8
Sketch
10
168.204971
20
270.528952
70
0
0
VERTEX
8
Sketch
10
168.322128
20
270.811794
70
0
0
VERTEX
8
Sketch
10
168.322128
20
270.811794
70
0
0
SEQEND
8
Sketch
0
POLYLINE
8
Sketch
62
7
70
0
10
0.000000
20
0.000000
66
1
0
VERTEX
8
Sketch
10
248.929256
20
241.325366
70
0
0
VERTEX
8
Sketch
10
248.729256
20
241.671776
70
0
0
VERTEX
8
Sketch
10
248.329256
20
241.671776
70
0
0
VERTEX
8
Sketch
10
248.129255
20
241.325366
70
0
0
VERTEX
8
Sketch
10
248.329256
20
240.978955
70
0
0
VERTEX
8
Sketch
10
248.729256
20
240.978955
70
0
0
VERTEX
8
Sketch
10
248.929256
20
241.325366
70
0
0
VERTEX
8
Sketch
10
248.929256
20
241.325366
70
0
0
SEQEND
8
Sketch
0
POLYLINE
8
Sketch
62
7
70
0
10
0.000000
20
0.000000
66
1
0
VERTEX
8
Sketch
10
246.729553
20
242.595364
70
0
0
VERTEX
8
Sketch
10
246.612234
20
242.877909
70
0
0
VERTEX
8
Sketch
10
246.329554
20
242.994903
70
0
0
VERTEX
8
Sketch
10
246.046874
20
242.877909
70
0
0
VERTEX
8
Sketch
10
245.929555
20
242.595364
70
0
0
VERTEX
8
Sketch
10
246.046874
20
242.312819
70
0
0
VERTEX
8
Sketch
10
246.329554
20
242.195824
70
0
0
VERTEX
8
Sketch
10
246.612234
20
242.312819
70
0
0
VERTEX
8
Sketch
10
246.729553
20
242.595364
70
0
0
VERTEX
8
Sketch
10
246.729553
20
242.595364
70
0
0
SEQEND
8
Sketch
0
POLYLINE
8
Sketch
62
7
70
0
10
0.000000
20
0.000000
66
1
0
VERTEX
8
Sketch
10
244.529852
20
243.865362
70
0
0
VERTEX
8
Sketch
10
244.412533
20
244.147907
70
0
0
VERTEX
8
Sketch
10
244.129853
20
244.264902
70
0
0
VERTEX
8
Sketch
10
243.847174
20
244.147907
70
0
0
VERTEX
8
Sketch
10
243.729854
20
243.865362
70
0
0
VERTEX
8
Sketch
10
243.847174
20
243.582817
70
0
0
VERTEX
8
Sketch
10
244.129853
20
243.465823
70
0
0
VERTEX
8
Sketch
10
244.412533
20
243.582817
70
0
0
VERTEX
8
Sketch
10
244.529852
20
243.865362
70
0
0
VERTEX
8
Sketch
10
244.529852
20
243.865362
70
0
0
SEQEND
8
Sketch
0
POLYLINE
8
Sketch
62
7
70
0
10
0.000000
20
0.000000
66
1
0
VERTEX
8
Sketch
10
242.330149
20
245.135361
70
0
0
VERTEX
8
Sketch
10
242.212829
20
245.417906
70
0
0
VERTEX
8
Sketch
10
241.930150
20
245.534900
70
0
0
VERTEX
8
Sketch
10
241.647470
20
245.417906
70
0
0
VERTEX
8
Sketch
10
241.530151
20
245.135361
70
0
0
VERTEX
8
Sketch
10
241.647470
20
244.852816
70
0
0
VERTEX
8
Sketch
10
241.930150
20
244.735821
70
0
0
VERTEX
8
Sketch
10
242.212829
20
244.852816
70
0
0
VERTEX
8
Sketch
10
242.330149
20
245.135361
70
0
0
VERTEX
8
Sketch
10
242.330149
20
245.135361
70
0
0
SEQEND
8
Sketch
0
POLYLINE
8
Sketch
62
7
70
0
10
0.000000
20
0.000000
66
1
0
VERTEX
8
Sketch
10
240.130448
20
246.405359
70
0
0
VERTEX
8
Sketch
10
240.013129
20
246.687904
70
0
0
VERTEX
8
Sketch
10
239.730449
20
246.804899
70
0
0
VERTEX
8
Sketch
10
239.447769
20
246.687904
70
0
0
VERTEX
8
Sketch
10
239.330450
20
246.405359
70
0
0
VERTEX
8
Sketch
10
239.447769
20
246.122814
70
0
0
VERTEX
8
Sketch
10
239.730449
20
246.005820
70
0
0
VERTEX
8
Sketch
10
240.013129
20
246.122814
70
0
0
VERTEX
8
Sketch
10
240.130448
20
246.405359
70
0
0
VERTEX
8
Sketch
10
240.130448
20
246.405359
70
0
0
SEQEND
8
Sketch
0
POLYLINE
8
Sketch
62
7
70
0
10
0.000000
20
0.000000
66
1
0
VERTEX
8
Sketch
10
221.831354
20
256.970346
70
0
0
VERTEX
8
Sketch
10
221.714034
20
257.252891
70
0
0
VERTEX
8
Sketch
10
221.431354
20
257.369886
70
0
0
VERTEX
8
Sketch
10
221.148675
20
257.252891
70
0
0
VERTEX
8
Sketch
10
221.031355
20
256.970346
70
0
0
VERTEX
8
Sketch
10
221.148675
20
256.687801
70
0
0
VERTEX
8
Sketch
10
221.431354
20
256.570807
70
0
0
VERTEX
8
Sketch
10
221.714034
20
256.687801
70
0
0
VERTEX
8
Sketch
10
221.831354
20
256.970346
70
0
0
VERTEX
8
Sketch
10
221.831354
20
256.970346
70
0
0
SEQEND
8
Sketch
0
POLYLINE
8
Sketch
62
7
70
0
10
0.000000
20
0.000000
66
1
0
VERTEX
8
Sketch
10
219.631653
20
258.240345
70
0
0
VERTEX
8
Sketch
10
219.514333
20
258.522889
70
0
0
VERTEX
8
Sketch
10
219.231654
20
258.639884
70
0
0
VERTEX
8
Sketch
10
218.948974
20
258.522889
70
0
0
VERTEX
8
Sketch
10
218.831654
20
258.240345
70
0
0
VERTEX
8
Sketch
10
218.948974
20
257.957800
70
0
0
VERTEX
8
Sketch
10
219.231654
20
257.840805
70
0
0
VERTEX
8
Sketch
10
219.514333
20
257.957800
70
0
0
VERTEX
8
Sketch
10
219.631653
20
258.240345
70
0
0
VERTEX
8
Sketch
10
219.631653
20
258.240345
70
0
0
SEQEND
8
Sketch
0
POLYLINE
8
Sketch
62
7
70
0
10
0.000000
20
0.000000
66
1
0
VERTEX
8
Sketch
10
215.232249
20
260.780341
70
0
0
VERTEX
8
Sketch
10
215.114929
20
261.062886
70
0
0
VERTEX
8
Sketch
10
214.832249
20
261.179881
70
0
0
VERTEX
8
Sketch
10
214.549570
20
261.062886
70
0
0
VERTEX
8
Sketch
10
214.432250
20
260.780341
70
0
0
VERTEX
8
Sketch
10
214.549570
20
260.497796
70
0
0
VERTEX
8
Sketch
10
214.832249
20
260.380802
70
0
0
VERTEX
8
Sketch
10
215.114929
20
260.497796
70
0
0
VERTEX
8
Sketch
10
215.232249
20
260.780341
70
0
0
VERTEX
8
Sketch
10
215.232249
20
260.780341
70
0
0
SEQEND
8
Sketch
0
POLYLINE
8
Sketch
62
7
70
0
10
0.000000
20
0.000000
66
1
0
VERTEX
8
Sketch
10
217.431949
20
259.510343
70
0
0
VERTEX
8
Sketch
10
217.314630
20
259.792888
70
0
0
VERTEX
8
Sketch
10
217.031950
20
259.909882
70
0
0
VERTEX
8
Sketch
10
216.749271
20
259.792888
70
0
0
VERTEX
8
Sketch
10
216.631951
20
259.510343
70
0
0
VERTEX
8
Sketch
10
216.749271
20
259.227798
70
0
0
VERTEX
8
Sketch
10
217.031950
20
259.110804
70
0
0
VERTEX
8
Sketch
10
217.314630
20
259.227798
70
0
0
VERTEX
8
Sketch
10
217.431949
20
259.510343
70
0
0
VERTEX
8
Sketch
10
217.431949
20
259.510343
70
0
0
SEQEND
8
Sketch
0
POLYLINE
8
Sketch
62
7
70
0
10
0.000000
20
0.000000
66
1
0
VERTEX
8
Sketch
10
213.032545
20
262.050340
70
0
0
VERTEX
8
Sketch
10
212.915226
20
262.332885
70
0
0
VERTEX
8
Sketch
10
212.632546
20
262.449879
70
0
0
VERTEX
8
Sketch
10
212.349866
20
262.332885
70
0
0
VERTEX
8
Sketch
10
212.232547
20
262.050340
70
0
0
VERTEX
8
Sketch
10
212.349866
20
261.767795
70
0
0
VERTEX
8
Sketch
10
212.632546
20
261.650800
70
0
0
VERTEX
8
Sketch
10
212.915226
20
261.767795
70
0
0
VERTEX
8
Sketch
10
213.032545
20
262.050340
70
0
0
VERTEX
8
Sketch
10
213.032545
20
262.050340
70
0
0
SEQEND
8
Sketch
0
POLYLINE
8
Sketch
62
7
70
0
10
0.000000
20
0.000000
66
1
0
VERTEX
8
Sketch
10
278.693518
20
206.772900
70
0
0
VERTEX
8
Sketch
10
278.493518
20
207.119311
70
0
0
VERTEX
8
Sketch
10
278.093518
20
207.119311
70
0
0
VERTEX
8
Sketch
10
277.893517
20
206.772900
70
0
0
VERTEX
8
Sketch
10
278.093518
20
206.426489
70
0
0
VERTEX
8
Sketch
10
278.493518
20
206.426489
70
0
0
VERTEX
8
Sketch
10
278.693518
20
206.772900
70
0
0
VERTEX
8
Sketch
10
278.693518
20
206.772900
70
0
0
SEQEND
8
Sketch
0
POLYLINE
8
Sketch
62
7
70
0
10
0.000000
20
0.000000
66
1
0
VERTEX
8
Sketch
10
277.060838
20
208.718649
70
0
0
VERTEX
8
Sketch
10
276.943518
20
209.001194
70
0
0
VERTEX
8
Sketch
10
276.660838
20
209.118188
70
0
0
VERTEX
8
Sketch
10
276.378159
20
209.001194
70
0
0
VERTEX
8
Sketch
10
276.260839
20
208.718649
70
0
0
VERTEX
8
Sketch
10
276.378159
20
208.436104
70
0
0
VERTEX
8
Sketch
10
276.660838
20
208.319109
70
0
0
VERTEX
8
Sketch
10
276.943518
20
208.436104
70
0
0
VERTEX
8
Sketch
10
277.060838
20
208.718649
70
0
0
VERTEX
8
Sketch
10
277.060838
20
208.718649
70
0
0
SEQEND
8
Sketch
0
POLYLINE
8
Sketch
62
7
70
0
10
0.000000
20
0.000000
66
1
0
VERTEX
8
Sketch
10
275.428159
20
210.664400
70
0
0
VERTEX
8
Sketch
10
275.310840
20
210.946945
70
0
0
VERTEX
8
Sketch
10
275.028160
20
211.063939
70
0
0
VERTEX
8
Sketch
10
274.745481
20
210.946945
70
0
0
VERTEX
8
Sketch
10
274.628161
20
210.664400
70
0
0
VERTEX
8
Sketch
10
274.745481
20
210.381855
70
0
0
VERTEX
8
Sketch
10
275.028160
20
210.264861
70
0
0
VERTEX
8
Sketch
10
275.310840
20
210.381855
70
0
0
VERTEX
8
Sketch
10
275.428159
20
210.664400
70
0
0
VERTEX
8
Sketch
10
275.428159
20
210.664400
70
0
0
SEQEND
8
Sketch
0
POLYLINE
8
Sketch
62
7
70
0
10
0.000000
20
0.000000
66
1
0
VERTEX
8
Sketch
10
273.795481
20
212.610151
70
0
0
VERTEX
8
Sketch
10
273.678162
20
212.892696
70
0
0
VERTEX
8
Sketch
10
273.395482
20
213.009691
70
0
0
VERTEX
8
Sketch
10
273.112802
20
212.892696
70
0
0
VERTEX
8
Sketch
10
272.995483
20
212.610151
70
0
0
VERTEX
8
Sketch
10
273.112802
20
212.327606
70
0
0
VERTEX
8
Sketch
10
273.395482
20
212.210612
70
0
0
VERTEX
8
Sketch
10
273.678162
20
212.327606
70
0
0
VERTEX
8
Sketch
10
273.795481
20
212.610151
70
0
0
VERTEX
8
Sketch
10
273.795481
20
212.610151
70
0
0
SEQEND
8
Sketch
0
POLYLINE
8
Sketch
62
7
70
0
10
0.000000
20
0.000000
66
1
0
VERTEX
8
Sketch
10
272.162803
20
214.555900
70
0
0
VERTEX
8
Sketch
10
272.045483
20
214.838445
70
0
0
VERTEX
8
Sketch
10
271.762804
20
214.955439
70
0
0
VERTEX
8
Sketch
10
271.480124
20
214.838445
70
0
0
VERTEX
8
Sketch
10
271.362805
20
214.555900
70
0
0
VERTEX
8
Sketch
10
271.480124
20
214.273355
70
0
0
VERTEX
8
Sketch
10
271.762804
20
214.156361
70
0
0
VERTEX
8
Sketch
10
272.045483
20
214.273355
70
0
0
VERTEX
8
Sketch
10
272.162803
20
214.555900
70
0
0
VERTEX
8
Sketch
10
272.162803
20
214.555900
70
0
0
SEQEND
8
Sketch
0
POLYLINE
8
Sketch
62
7
70
0
10
0.000000
20
0.000000
66
1
0
VERTEX
8
Sketch
10
258.580718
20
230.742400
70
0
0
VERTEX
8
Sketch
10
258.463398
20
231.024945
70
0
0
VERTEX
8
Sketch
10
258.180719
20
231.141939
70
0
0
VERTEX
8
Sketch
10
257.898039
20
231.024945
70
0
0
VERTEX
8
Sketch
10
257.780719
20
230.742400
70
0
0
VERTEX
8
Sketch
10
257.898039
20
230.459855
70
0
0
VERTEX
8
Sketch
10
258.180719
20
230.342861
70
0
0
VERTEX
8
Sketch
10
258.463398
20
230.459855
70
0
0
VERTEX
8
Sketch
10
258.580718
20
230.742400
70
0
0
VERTEX
8
Sketch
10
258.580718
20
230.742400
70
0
0
SEQEND
8
Sketch
0
POLYLINE
8
Sketch
62
7
70
0
10
0.000000
20
0.000000
66
1
0
VERTEX
8
Sketch
10
256.948040
20
232.688151
70
0
0
VERTEX
8
Sketch
10
256.830720
20
232.970696
70
0
0
VERTEX
8
Sketch
10
256.548040
20
233.087691
70
0
0
VERTEX
8
Sketch
10
256.265361
20
232.970696
70
0
0
VERTEX
8
Sketch
10
256.148041
20
232.688151
70
0
0
VERTEX
8
Sketch
10
256.265361
20
232.405606
70
0
0
VERTEX
8
Sketch
10
256.548040
20
232.288612
70
0
0
VERTEX
8
Sketch
10
256.830720
20
232.405606
70
0
0
VERTEX
8
Sketch
10
256.948040
20
232.688151
70
0
0
VERTEX
8
Sketch
10
256.948040
20
232.688151
70
0
0
SEQEND
8
Sketch
0
POLYLINE
8
Sketch
62
7
70
0
10
0.000000
20
0.000000
66
1
0
VERTEX
8
Sketch
10
253.682681
20
236.579651
70
0
0
VERTEX
8
Sketch
10
253.565361
20
236.862196
70
0
0
VERTEX
8
Sketch
10
253.282681
20
236.979191
70
0
0
VERTEX
8
Sketch
10
253.000002
20
236.862196
70
0
0
VERTEX
8
Sketch
10
252.882682
20
236.579651
70
0
0
VERTEX
8
Sketch
10
253.000002
20
236.297106
70
0
0
VERTEX
8
Sketch
10
253.282681
20
236.180112
70
0
0
VERTEX
8
Sketch
10
253.565361
20
236.297106
70
0
0
VERTEX
8
Sketch
10
253.682681
20
236.579651
70
0
0
VERTEX
8
Sketch
10
253.682681
20
236.579651
70
0
0
SEQEND
8
Sketch
0
POLYLINE
8
Sketch
62
7
70
0
10
0.000000
20
0.000000
66
1
0
VERTEX
8
Sketch
10
255.315361
20
234.633900
70
0
0
VERTEX
8
Sketch
10
255.198042
20
234.916445
70
0
0
VERTEX
8
Sketch
10
254.915362
20
235.033439
70
0
0
VERTEX
8
Sketch
10
254.632683
20
234.916445
70
0
0
VERTEX
8
Sketch
10
254.515363
20
234.633900
70
0
0
VERTEX
8
Sketch
10
254.632683
20
234.351355
70
0
0
VERTEX
8
Sketch
10
254.915362
20
234.234361
70
0
0
VERTEX
8
Sketch
10
255.198042
20
234.351355
70
0
0
VERTEX
8
Sketch
10
255.315361
20
234.633900
70
0
0
VERTEX
8
Sketch
10
255.315361
20
234.633900
70
0
0
SEQEND
8
Sketch
0
POLYLINE
8
Sketch
62
7
70
0
10
0.000000
20
0.000000
66
1
0
VERTEX
8
Sketch
10
252.050005
20
238.525403
70
0
0
VERTEX
8
Sketch
10
251.850005
20
238.871813
70
0
0
VERTEX
8
Sketch
10
251.450004
20
238.871813
70
0
0
VERTEX
8
Sketch
10
251.250004
20
238.525403
70
0
0
VERTEX
8
Sketch
10
251.450004
20
238.178992
70
0
0
VERTEX
8
Sketch
10
251.850005
20
238.178992
70
0
0
VERTEX
8
Sketch
10
252.050005
20
238.525403
70
0
0
VERTEX
8
Sketch
10
252.050005
20
238.525403
70
0
0
SEQEND
8
Sketch
0
POLYLINE
8
Sketch
62
7
70
0
10
0.000000
20
0.000000
66
1
0
VERTEX
8
Sketch
10
294.845136
20
164.124229
70
0
0
VERTEX
8
Sketch
10
294.727978
20
164.407072
70
0
0
VERTEX
8
Sketch
10
294.445135
20
164.524230
70
0
0
VERTEX
8
Sketch
10
294.162292
20
164.407072
70
0
0
VERTEX
8
Sketch
10
294.045135
20
164.124229
70
0
0
VERTEX
8
Sketch
10
294.162292
20
163.841386
70
0
0
VERTEX
8
Sketch
10
294.445135
20
163.724229
70
0
0
VERTEX
8
Sketch
10
294.727978
20
163.841386
70
0
0
VERTEX
8
Sketch
10
294.845136
20
164.124229
70
0
0
VERTEX
8
Sketch
10
294.845136
20
164.124229
70
0
0
SEQEND
8
Sketch
0
POLYLINE
8
Sketch
62
7
70
0
10
0.000000
20
0.000000
66
1
0
VERTEX
8
Sketch
10
293.976404
20
166.511032
70
0
0
VERTEX
8
Sketch
10
293.859084
20
166.793577
70
0
0
VERTEX
8
Sketch
10
293.576405
20
166.910572
70
0
0
VERTEX
8
Sketch
10
293.293725
20
166.793577
70
0
0
VERTEX
8
Sketch
10
293.176406
20
166.511032
70
0
0
VERTEX
8
Sketch
10
293.293725
20
166.228488
70
0
0
VERTEX
8
Sketch
10
293.576405
20
166.111493
70
0
0
VERTEX
8
Sketch
10
293.859084
20
166.228488
70
0
0
VERTEX
8
Sketch
10
293.976404
20
166.511032
70
0
0
VERTEX
8
Sketch
10
293.976404
20
166.511032
70
0
0
SEQEND
8
Sketch
0
POLYLINE
8
Sketch
62
7
70
0
10
0.000000
20
0.000000
66
1
0
VERTEX
8
Sketch
10
293.107675
20
168.897862
70
0
0
VERTEX
8
Sketch
10
292.990517
20
169.180705
70
0
0
VERTEX
8
Sketch
10
292.707674
20
169.297863
70
0
0
VERTEX
8
Sketch
10
292.424831
20
169.180705
70
0
0
VERTEX
8
Sketch
10
292.307674
20
168.897862
70
0
0
VERTEX
8
Sketch
10
292.424831
20
168.615019
70
0
0
VERTEX
8
Sketch
10
292.707674
20
168.497862
70
0
0
VERTEX
8
Sketch
10
292.990517
20
168.615019
70
0
0
VERTEX
8
Sketch
10
293.107675
20
168.897862
70
0
0
VERTEX
8
Sketch
10
293.107675
20
168.897862
70
0
0
SEQEND
8
Sketch
0
POLYLINE
8
Sketch
62
7
70
0
10
0.000000
20
0.000000
66
1
0
VERTEX
8
Sketch
10
292.238943
20
171.284665
70
0
0
VERTEX
8
Sketch
10
292.121623
20
171.567210
70
0
0
VERTEX
8
Sketch
10
291.838944
20
171.684205
70
0
0
VERTEX
8
Sketch
10
291.556264
20
171.567210
70
0
0
VERTEX
8
Sketch
10
291.438945
20
171.284665
70
0
0
VERTEX
8
Sketch
10
291.556264
20
171.002120
70
0
0
VERTEX
8
Sketch
10
291.838944
20
170.885126
70
0
0
VERTEX
8
Sketch
10
292.121623
20
171.002120
70
0
0
VERTEX
8
Sketch
10
292.238943
20
171.284665
70
0
0
VERTEX
8
Sketch
10
292.238943
20
171.284665
70
0
0
SEQEND
8
Sketch
0
POLYLINE
8
Sketch
62
7
70
0
10
0.000000
20
0.000000
66
1
0
VERTEX
8
Sketch
10
291.370214
20
173.671490
70
0
0
VERTEX
8
Sketch
10
291.252894
20
173.954035
70
0
0
VERTEX
8
Sketch
10
290.970215
20
174.071029
70
0
0
VERTEX
8
Sketch
10
290.687535
20
173.954035
70
0
0
VERTEX
8
Sketch
10
290.570215
20
173.671490
70
0
0
VERTEX
8
Sketch
10
290.687535
20
173.388945
70
0
0
VERTEX
8
Sketch
10
290.970215
20
173.271950
70
0
0
VERTEX
8
Sketch
10
291.252894
20
173.388945
70
0
0
VERTEX
8
Sketch
10
291.370214
20
173.671490
70
0
0
VERTEX
8
Sketch
10
291.370214
20
173.671490
70
0
0
SEQEND
8
Sketch
0
POLYLINE
8
Sketch
62
7
70
0
10
0.000000
20
0.000000
66
1
0
VERTEX
8
Sketch
10
284.143338
20
193.527171
70
0
0
VERTEX
8
Sketch
10
284.026181
20
193.810014
70
0
0
VERTEX
8
Sketch
10
283.743338
20
193.927172
70
0
0
VERTEX
8
Sketch
10
283.460495
20
193.810014
70
0
0
VERTEX
8
Sketch
10
283.343337
20
193.527171
70
0
0
VERTEX
8
Sketch
10
283.460495
20
193.244328
70
0
0
VERTEX
8
Sketch
10
283.743338
20
193.127171
70
0
0
VERTEX
8
Sketch
10
284.026181
20
193.244328
70
0
0
VERTEX
8
Sketch
10
284.143338
20
193.527171
70
0
0
VERTEX
8
Sketch
10
284.143338
20
193.527171
70
0
0
SEQEND
8
Sketch
0
POLYLINE
8
Sketch
62
7
70
0
10
0.000000
20
0.000000
66
1
0
VERTEX
8
Sketch
10
283.274606
20
195.913988
70
0
0
VERTEX
8
Sketch
10
283.157287
20
196.196533
70
0
0
VERTEX
8
Sketch
10
282.874607
20
196.313527
70
0
0
VERTEX
8
Sketch
10
282.591928
20
196.196533
70
0
0
VERTEX
8
Sketch
10
282.474608
20
195.913988
70
0
0
VERTEX
8
Sketch
10
282.591928
20
195.631443
70
0
0
VERTEX
8
Sketch
10
282.874607
20
195.514448
70
0
0
VERTEX
8
Sketch
10
283.157287
20
195.631443
70
0
0
VERTEX
8
Sketch
10
283.274606
20
195.913988
70
0
0
VERTEX
8
Sketch
10
283.274606
20
195.913988
70
0
0
SEQEND
8
Sketch
0
POLYLINE
8
Sketch
62
7
70
0
10
0.000000
20
0.000000
66
1
0
VERTEX
8
Sketch
10
281.537148
20
200.687618
70
0
0
VERTEX
8
Sketch
10
281.419828
20
200.970163
70
0
0
VERTEX
8
Sketch
10
281.137149
20
201.087157
70
0
0
VERTEX
8
Sketch
10
280.854469
20
200.970163
70
0
0
VERTEX
8
Sketch
10
280.737150
20
200.687618
70
0
0
VERTEX
8
Sketch
10
280.854469
20
200.405073
70
0
0
VERTEX
8
Sketch
10
281.137149
20
200.288079
70
0
0
VERTEX
8
Sketch
10
281.419828
20
200.405073
70
0
0
VERTEX
8
Sketch
10
281.537148
20
200.687618
70
0
0
VERTEX
8
Sketch
10
281.537148
20
200.687618
70
0
0
SEQEND
8
Sketch
0
POLYLINE
8
Sketch
62
7
70
0
10
0.000000
20
0.000000
66
1
0
VERTEX
8
Sketch
10
282.405877
20
198.300804
70
0
0
VERTEX
8
Sketch
10
282.288558
20
198.583349
70
0
0
VERTEX
8
Sketch
10
282.005878
20
198.700344
70
0
0
VERTEX
8
Sketch
10
281.723198
20
198.583349
70
0
0
VERTEX
8
Sketch
10
281.605879
20
198.300804
70
0
0
VERTEX
8
Sketch
10
281.723198
20
198.018259
70
0
0
VERTEX
8
Sketch
10
282.005878
20
197.901265
70
0
0
VERTEX
8
Sketch
10
282.288558
20
198.018259
70
0
0
VERTEX
8
Sketch
10
282.405877
20
198.300804
70
0
0
VERTEX
8
Sketch
10
282.405877
20
198.300804
70
0
0
SEQEND
8
Sketch
0
POLYLINE
8
Sketch
62
7
70
0
10
0.000000
20
0.000000
66
1
0
VERTEX
8
Sketch
10
280.668416
20
203.074435
70
0
0
VERTEX
8
Sketch
10
280.551097
20
203.356979
70
0
0
VERTEX
8
Sketch
10
280.268417
20
203.473974
70
0
0
VERTEX
8
Sketch
10
279.985737
20
203.356979
70
0
0
VERTEX
8
Sketch
10
279.868418
20
203.074435
70
0
0
VERTEX
8
Sketch
10
279.985737
20
202.791890
70
0
0
VERTEX
8
Sketch
10
280.268417
20
202.674895
70
0
0
VERTEX
8
Sketch
10
280.551097
20
202.791890
70
0
0
VERTEX
8
Sketch
10
280.668416
20
203.074435
70
0
0
VERTEX
8
Sketch
10
280.668416
20
203.074435
70
0
0
SEQEND
8
Sketch
0
POLYLINE
8
Sketch
62
7
70
0
10
0.000000
20
0.000000
66
1
0
VERTEX
8
Sketch
10
295.435984
20
118.523402
70
0
0
VERTEX
8
Sketch
10
295.318664
20
118.805947
70
0
0
VERTEX
8
Sketch
10
295.035985
20
118.922941
70
0
0
VERTEX
8
Sketch
10
294.753305
20
118.805947
70
0
0
VERTEX
8
Sketch
10
294.635986
20
118.523402
70
0
0
VERTEX
8
Sketch
10
294.753305
20
118.240857
70
0
0
VERTEX
8
Sketch
10
295.035985
20
118.123863
70
0
0
VERTEX
8
Sketch
10
295.318664
20
118.240857
70
0
0
VERTEX
8
Sketch
10
295.435984
20
118.523402
70
0
0
VERTEX
8
Sketch
10
295.435984
20
118.523402
70
0
0
SEQEND
8
Sketch
0
POLYLINE
8
Sketch
62
7
70
0
10
0.000000
20
0.000000
66
1
0
VERTEX
8
Sketch
10
295.435984
20
121.063399
70
0
0
VERTEX
8
Sketch
10
295.318664
20
121.345944
70
0
0
VERTEX
8
Sketch
10
295.035985
20
121.462938
70
0
0
VERTEX
8
Sketch
10
294.753305
20
121.345944
70
0
0
VERTEX
8
Sketch
10
294.635986
20
121.063399
70
0
0
VERTEX
8
Sketch
10
294.753305
20
120.780854
70
0
0
VERTEX
8
Sketch
10
295.035985
20
120.663859
70
0
0
VERTEX
8
Sketch
10
295.318664
20
120.780854
70
0
0
VERTEX
8
Sketch
10
295.435984
20
121.063399
70
0
0
VERTEX
8
Sketch
10
295.435984
20
121.063399
70
0
0
SEQEND
8
Sketch
0
POLYLINE
8
Sketch
62
7
70
0
10
0.000000
20
0.000000
66
1
0
VERTEX
8
Sketch
10
295.435984
20
123.603396
70
0
0
VERTEX
8
Sketch
10
295.318664
20
123.885941
70
0
0
VERTEX
8
Sketch
10
295.035985
20
124.002935
70
0
0
VERTEX
8
Sketch
10
294.753305
20
123.885941
70
0
0
VERTEX
8
Sketch
10
294.635986
20
123.603396
70
0
0
VERTEX
8
Sketch
10
294.753305
20
123.320851
70
0
0
VERTEX
8
Sketch
10
295.035985
20
123.203856
70
0
0
VERTEX
8
Sketch
10
295.318664
20
123.320851
70
0
0
VERTEX
8
Sketch
10
295.435984
20
123.603396
70
0
0
VERTEX
8
Sketch
10
295.435984
20
123.603396
70
0
0
SEQEND
8
Sketch
0
POLYLINE
8
Sketch
62
7
70
0
10
0.000000
20
0.000000
66
1
0
VERTEX
8
Sketch
10
295.435984
20
126.143392
70
0
0
VERTEX
8
Sketch
10
295.318664
20
126.425937
70
0
0
VERTEX
8
Sketch
10
295.035985
20
126.542932
70
0
0
VERTEX
8
Sketch
10
294.753305
20
126.425937
70
0
0
VERTEX
8
Sketch
10
294.635986
20
126.143392
70
0
0
VERTEX
8
Sketch
10
294.753305
20
125.860848
70
0
0
VERTEX
8
Sketch
10
295.035985
20
125.743853
70
0
0
VERTEX
8
Sketch
10
295.318664
20
125.860848
70
0
0
VERTEX
8
Sketch
10
295.435984
20
126.143392
70
0
0
VERTEX
8
Sketch
10
295.435984
20
126.143392
70
0
0
SEQEND
8
Sketch
0
POLYLINE
8
Sketch
62
7
70
0
10
0.000000
20
0.000000
66
1
0
VERTEX
8
Sketch
10
295.435984
20
128.683389
70
0
0
VERTEX
8
Sketch
10
295.318664
20
128.965934
70
0
0
VERTEX
8
Sketch
10
295.035985
20
129.082929
70
0
0
VERTEX
8
Sketch
10
294.753305
20
128.965934
70
0
0
VERTEX
8
Sketch
10
294.635986
20
128.683389
70
0
0
VERTEX
8
Sketch
10
294.753305
20
128.400844
70
0
0
VERTEX
8
Sketch
10
295.035985
20
128.283850
70
0
0
VERTEX
8
Sketch
10
295.318664
20
128.400844
70
0
0
VERTEX
8
Sketch
10
295.435984
20
128.683389
70
0
0
VERTEX
8
Sketch
10
295.435984
20
128.683389
70
0
0
SEQEND
8
Sketch
0
POLYLINE
8
Sketch
62
7
70
0
10
0.000000
20
0.000000
66
1
0
VERTEX
8
Sketch
10
295.435984
20
149.813358
70
0
0
VERTEX
8
Sketch
10
295.318664
20
150.095903
70
0
0
VERTEX
8
Sketch
10
295.035985
20
150.212897
70
0
0
VERTEX
8
Sketch
10
294.753305
20
150.095903
70
0
0
VERTEX
8
Sketch
10
294.635986
20
149.813358
70
0
0
VERTEX
8
Sketch
10
294.753305
20
149.530813
70
0
0
VERTEX
8
Sketch
10
295.035985
20
149.413819
70
0
0
VERTEX
8
Sketch
10
295.318664
20
149.530813
70
0
0
VERTEX
8
Sketch
10
295.435984
20
149.813358
70
0
0
VERTEX
8
Sketch
10
295.435984
20
149.813358
70
0
0
SEQEND
8
Sketch
0
POLYLINE
8
Sketch
62
7
70
0
10
0.000000
20
0.000000
66
1
0
VERTEX
8
Sketch
10
295.435984
20
152.353355
70
0
0
VERTEX
8
Sketch
10
295.318664
20
152.635900
70
0
0
VERTEX
8
Sketch
10
295.035985
20
152.752894
70
0
0
VERTEX
8
Sketch
10
294.753305
20
152.635900
70
0
0
VERTEX
8
Sketch
10
294.635986
20
152.353355
70
0
0
VERTEX
8
Sketch
10
294.753305
20
152.070810
70
0
0
VERTEX
8
Sketch
10
295.035985
20
151.953815
70
0
0
VERTEX
8
Sketch
10
295.318664
20
152.070810
70
0
0
VERTEX
8
Sketch
10
295.435984
20
152.353355
70
0
0
VERTEX
8
Sketch
10
295.435984
20
152.353355
70
0
0
SEQEND
8
Sketch
0
POLYLINE
8
Sketch
62
7
70
0
10
0.000000
20
0.000000
66
1
0
VERTEX
8
Sketch
10
295.435984
20
157.433348
70
0
0
VERTEX
8
Sketch
10
295.318664
20
157.715893
70
0
0
VERTEX
8
Sketch
10
295.035985
20
157.832888
70
0
0
VERTEX
8
Sketch
10
294.753305
20
157.715893
70
0
0
VERTEX
8
Sketch
10
294.635986
20
157.433348
70
0
0
VERTEX
8
Sketch
10
294.753305
20
157.150804
70
0
0
VERTEX
8
Sketch
10
295.035985
20
157.033809
70
0
0
VERTEX
8
Sketch
10
295.318664
20
157.150804
70
0
0
VERTEX
8
Sketch
10
295.435984
20
157.433348
70
0
0
VERTEX
8
Sketch
10
295.435984
20
157.433348
70
0
0
SEQEND
8
Sketch
0
POLYLINE
8
Sketch
62
7
70
0
10
0.000000
20
0.000000
66
1
0
VERTEX
8
Sketch
10
295.435984
20
154.893352
70
0
0
VERTEX
8
Sketch
10
295.318664
20
155.175897
70
0
0
VERTEX
8
Sketch
10
295.035985
20
155.292891
70
0
0
VERTEX
8
Sketch
10
294.753305
20
155.175897
70
0
0
VERTEX
8
Sketch
10
294.635986
20
154.893352
70
0
0
VERTEX
8
Sketch
10
294.753305
20
154.610807
70
0
0
VERTEX
8
Sketch
10
295.035985
20
154.493812
70
0
0
VERTEX
8
Sketch
10
295.318664
20
154.610807
70
0
0
VERTEX
8
Sketch
10
295.435984
20
154.893352
70
0
0
VERTEX
8
Sketch
10
295.435984
20
154.893352
70
0
0
SEQEND
8
Sketch
0
POLYLINE
8
Sketch
62
7
70
0
10
0.000000
20
0.000000
66
1
0
VERTEX
8
Sketch
10
295.435984
20
159.973345
70
0
0
VERTEX
8
Sketch
10
295.318664
20
160.255890
70
0
0
VERTEX
8
Sketch
10
295.035985
20
160.372885
70
0
0
VERTEX
8
Sketch
10
294.753305
20
160.255890
70
0
0
VERTEX
8
Sketch
10
294.635986
20
159.973345
70
0
0
VERTEX
8
Sketch
10
294.753305
20
159.690800
70
0
0
VERTEX
8
Sketch
10
295.035985
20
159.573806
70
0
0
VERTEX
8
Sketch
10
295.318664
20
159.690800
70
0
0
VERTEX
8
Sketch
10
295.435984
20
159.973345
70
0
0
VERTEX
8
Sketch
10
295.435984
20
159.973345
70
0
0
SEQEND
8
Sketch
0
POLYLINE
8
Sketch
62
7
70
0
10
0.000000
20
0.000000
66
1
0
VERTEX
8
Sketch
10
280.394803
20
75.470562
70
0
0
VERTEX
8
Sketch
10
280.277483
20
75.753107
70
0
0
VERTEX
8
Sketch
10
279.994804
20
75.870102
70
0
0
VERTEX
8
Sketch
10
279.712124
20
75.753107
70
0
0
VERTEX
8
Sketch
10
279.594805
20
75.470562
70
0
0
VERTEX
8
Sketch
10
279.712124
20
75.188017
70
0
0
VERTEX
8
Sketch
10
279.994804
20
75.071023
70
0
0
VERTEX
8
Sketch
10
280.277483
20
75.188017
70
0
0
VERTEX
8
Sketch
10
280.394803
20
75.470562
70
0
0
VERTEX
8
Sketch
10
280.394803
20
75.470562
70
0
0
SEQEND
8
Sketch
0
POLYLINE
8
Sketch
62
7
70
0
10
0.000000
20
0.000000
66
1
0
VERTEX
8
Sketch
10
281.263532
20
77.857365
70
0
0
VERTEX
8
Sketch
10
281.146213
20
78.139910
70
0
0
VERTEX
8
Sketch
10
280.863533
20
78.256905
70
0
0
VERTEX
8
Sketch
10
280.580853
20
78.139910
70
0
0
VERTEX
8
Sketch
10
280.463534
20
77.857365
70
0
0
VERTEX
8
Sketch
10
280.580853
20
77.574820
70
0
0
VERTEX
8
Sketch
10
280.863533
20
77.457826
70
0
0
VERTEX
8
Sketch
10
281.146213
20
77.574820
70
0
0
VERTEX
8
Sketch
10
281.263532
20
77.857365
70
0
0
VERTEX
8
Sketch
10
281.263532
20
77.857365
70
0
0
SEQEND
8
Sketch
0
POLYLINE
8
Sketch
62
7
70
0
10
0.000000
20
0.000000
66
1
0
VERTEX
8
Sketch
10
282.132264
20
80.244195
70
0
0
VERTEX
8
Sketch
10
281.932264
20
80.590606
70
0
0
VERTEX
8
Sketch
10
281.532263
20
80.590606
70
0
0
VERTEX
8
Sketch
10
281.332263
20
80.244195
70
0
0
VERTEX
8
Sketch
10
281.532263
20
79.897784
70
0
0
VERTEX
8
Sketch
10
281.932264
20
79.897784
70
0
0
VERTEX
8
Sketch
10
282.132264
20
80.244195
70
0
0
VERTEX
8
Sketch
10
282.132264
20
80.244195
70
0
0
SEQEND
8
Sketch
0
POLYLINE
8
Sketch
62
7
70
0
10
0.000000
20
0.000000
66
1
0
VERTEX
8
Sketch
10
283.000993
20
82.630998
70
0
0
VERTEX
8
Sketch
10
282.883674
20
82.913543
70
0
0
VERTEX
8
Sketch
10
282.600994
20
83.030538
70
0
0
VERTEX
8
Sketch
10
282.318314
20
82.913543
70
0
0
VERTEX
8
Sketch
10
282.200995
20
82.630998
70
0
0
VERTEX
8
Sketch
10
282.318314
20
82.348453
70
0
0
VERTEX
8
Sketch
10
282.600994
20
82.231459
70
0
0
VERTEX
8
Sketch
10
282.883674
20
82.348453
70
0
0
VERTEX
8
Sketch
10
283.000993
20
82.630998
70
0
0
VERTEX
8
Sketch
10
283.000993
20
82.630998
70
0
0
SEQEND
8
Sketch
0
POLYLINE
8
Sketch
62
7
70
0
10
0.000000
20
0.000000
66
1
0
VERTEX
8
Sketch
10
283.869722
20
85.017828
70
0
0
VERTEX
8
Sketch
10
283.752403
20
85.300373
70
0
0
VERTEX
8
Sketch
10
283.469723
20
85.417367
70
0
0
VERTEX
8
Sketch
10
283.187043
20
85.300373
70
0
0
VERTEX
8
Sketch
10
283.069724
20
85.017828
70
0
0
VERTEX
8
Sketch
10
283.187043
20
84.735283
70
0
0
VERTEX
8
Sketch
10
283.469723
20
84.618289
70
0
0
VERTEX
8
Sketch
10
283.752403
20
84.735283
70
0
0
VERTEX
8
Sketch
10
283.869722
20
85.017828
70
0
0
VERTEX
8
Sketch
10
283.869722
20
85.017828
70
0
0
SEQEND
8
Sketch
0
POLYLINE
8
Sketch
62
7
70
0
10
0.000000
20
0.000000
66
1
0
VERTEX
8
Sketch
10
291.096601
20
104.873512
70
0
0
VERTEX
8
Sketch
10
290.979443
20
105.156355
70
0
0
VERTEX
8
Sketch
10
290.696600
20
105.273513
70
0
0
VERTEX
8
Sketch
10
290.413757
20
105.156355
70
0
0
VERTEX
8
Sketch
10
290.296600
20
104.873512
70
0
0
VERTEX
8
Sketch
10
290.413757
20
104.590669
70
0
0
VERTEX
8
Sketch
10
290.696600
20
104.473512
70
0
0
VERTEX
8
Sketch
10
290.979443
20
104.590669
70
0
0
VERTEX
8
Sketch
10
291.096601
20
104.873512
70
0
0
VERTEX
8
Sketch
10
291.096601
20
104.873512
70
0
0
SEQEND
8
Sketch
0
POLYLINE
8
Sketch
62
7
70
0
10
0.000000
20
0.000000
66
1
0
VERTEX
8
Sketch
10
291.965330
20
107.260315
70
0
0
VERTEX
8
Sketch
10
291.848010
20
107.542860
70
0
0
VERTEX
8
Sketch
10
291.565331
20
107.659855
70
0
0
VERTEX
8
Sketch
10
291.282651
20
107.542860
70
0
0
VERTEX
8
Sketch
10
291.165331
20
107.260315
70
0
0
VERTEX
8
Sketch
10
291.282651
20
106.977771
70
0
0
VERTEX
8
Sketch
10
291.565331
20
106.860776
70
0
0
VERTEX
8
Sketch
10
291.848010
20
106.977771
70
0
0
VERTEX
8
Sketch
10
291.965330
20
107.260315
70
0
0
VERTEX
8
Sketch
10
291.965330
20
107.260315
70
0
0
SEQEND
8
Sketch
0
POLYLINE
8
Sketch
62
7
70
0
10
0.000000
20
0.000000
66
1
0
VERTEX
8
Sketch
10
293.702791
20
112.033948
70
0
0
VERTEX
8
Sketch
10
293.502791
20
112.380359
70
0
0
VERTEX
8
Sketch
10
293.102790
20
112.380359
70
0
0
VERTEX
8
Sketch
10
292.902790
20
112.033948
70
0
0
VERTEX
8
Sketch
10
293.102790
20
111.687538
70
0
0
VERTEX
8
Sketch
10
293.502791
20
111.687538
70
0
0
VERTEX
8
Sketch
10
293.702791
20
112.033948
70
0
0
VERTEX
8
Sketch
10
293.702791
20
112.033948
70
0
0
SEQEND
8
Sketch
0
POLYLINE
8
Sketch
62
7
70
0
10
0.000000
20
0.000000
66
1
0
VERTEX
8
Sketch
10
292.834059
20
109.647145
70
0
0
VERTEX
8
Sketch
10
292.716739
20
109.929690
70
0
0
VERTEX
8
Sketch
10
292.434060
20
110.046685
70
0
0
VERTEX
8
Sketch
10
292.151380
20
109.929690
70
0
0
VERTEX
8
Sketch
10
292.034061
20
109.647145
70
0
0
VERTEX
8
Sketch
10
292.151380
20
109.364600
70
0
0
VERTEX
8
Sketch
10
292.434060
20
109.247606
70
0
0
VERTEX
8
Sketch
10
292.716739
20
109.364600
70
0
0
VERTEX
8
Sketch
10
292.834059
20
109.647145
70
0
0
VERTEX
8
Sketch
10
292.834059
20
109.647145
70
0
0
SEQEND
8
Sketch
0
POLYLINE
8
Sketch
62
7
70
0
10
0.000000
20
0.000000
66
1
0
VERTEX
8
Sketch
10
294.571520
20
114.420778
70
0
0
VERTEX
8
Sketch
10
294.454200
20
114.703323
70
0
0
VERTEX
8
Sketch
10
294.171521
20
114.820317
70
0
0
VERTEX
8
Sketch
10
293.888841
20
114.703323
70
0
0
VERTEX
8
Sketch
10
293.771522
20
114.420778
70
0
0
VERTEX
8
Sketch
10
293.888841
20
114.138233
70
0
0
VERTEX
8
Sketch
10
294.171521
20
114.021239
70
0
0
VERTEX
8
Sketch
10
294.454200
20
114.138233
70
0
0
VERTEX
8
Sketch
10
294.571520
20
114.420778
70
0
0
VERTEX
8
Sketch
10
294.571520
20
114.420778
70
0
0
SEQEND
8
Sketch
0
POLYLINE
8
Sketch
62
7
70
0
10
0.000000
20
0.000000
66
1
0
VERTEX
8
Sketch
10
251.535777
20
40.158521
70
0
0
VERTEX
8
Sketch
10
251.335777
20
40.504932
70
0
0
VERTEX
8
Sketch
10
250.935777
20
40.504932
70
0
0
VERTEX
8
Sketch
10
250.735776
20
40.158521
70
0
0
VERTEX
8
Sketch
10
250.935777
20
39.812111
70
0
0
VERTEX
8
Sketch
10
251.335777
20
39.812111
70
0
0
VERTEX
8
Sketch
10
251.535777
20
40.158521
70
0
0
VERTEX
8
Sketch
10
251.535777
20
40.158521
70
0
0
SEQEND
8
Sketch
0
POLYLINE
8
Sketch
62
7
70
0
10
0.000000
20
0.000000
66
1
0
VERTEX
8
Sketch
10
253.168456
20
42.104265
70
0
0
VERTEX
8
Sketch
10
252.968455
20
42.450675
70
0
0
VERTEX
8
Sketch
10
252.568455
20
42.450675
70
0
0
VERTEX
8
Sketch
10
252.368454
20
42.104265
70
0
0
VERTEX
8
Sketch
10
252.568455
20
41.757854
70
0
0
VERTEX
8
Sketch
10
252.968455
20
41.757854
70
0
0
VERTEX
8
Sketch
10
253.168456
20
42.104265
70
0
0
VERTEX
8
Sketch
10
253.168456
20
42.104265
70
0
0
SEQEND
8
Sketch
0
POLYLINE
8
Sketch
62
7
70
0
10
0.000000
20
0.000000
66
1
0
VERTEX
8
Sketch
10
254.801134
20
44.050008
70
0
0
VERTEX
8
Sketch
10
254.683814
20
44.332553
70
0
0
VERTEX
8
Sketch
10
254.401135
20
44.449547
70
0
0
VERTEX
8
Sketch
10
254.118455
20
44.332553
70
0
0
VERTEX
8
Sketch
10
254.001135
20
44.050008
70
0
0
VERTEX
8
Sketch
10
254.118455
20
43.767463
70
0
0
VERTEX
8
Sketch
10
254.401135
20
43.650469
70
0
0
VERTEX
8
Sketch
10
254.683814
20
43.767463
70
0
0
VERTEX
8
Sketch
10
254.801134
20
44.050008
70
0
0
VERTEX
8
Sketch
10
254.801134
20
44.050008
70
0
0
SEQEND
8
Sketch
0
POLYLINE
8
Sketch
62
7
70
0
10
0.000000
20
0.000000
66
1
0
VERTEX
8
Sketch
10
256.433812
20
45.995778
70
0
0
VERTEX
8
Sketch
10
256.316492
20
46.278323
70
0
0
VERTEX
8
Sketch
10
256.033813
20
46.395317
70
0
0
VERTEX
8
Sketch
10
255.751133
20
46.278323
70
0
0
VERTEX
8
Sketch
10
255.633814
20
45.995778
70
0
0
VERTEX
8
Sketch
10
255.751133
20
45.713233
70
0
0
VERTEX
8
Sketch
10
256.033813
20
45.596238
70
0
0
VERTEX
8
Sketch
10
256.316492
20
45.713233
70
0
0
VERTEX
8
Sketch
10
256.433812
20
45.995778
70
0
0
VERTEX
8
Sketch
10
256.433812
20
45.995778
70
0
0
SEQEND
8
Sketch
0
POLYLINE
8
Sketch
62
7
70
0
10
0.000000
20
0.000000
66
1
0
VERTEX
8
Sketch
10
258.066490
20
47.941521
70
0
0
VERTEX
8
Sketch
10
257.949171
20
48.224066
70
0
0
VERTEX
8
Sketch
10
257.666491
20
48.341061
70
0
0
VERTEX
8
Sketch
10
257.383811
20
48.224066
70
0
0
VERTEX
8
Sketch
10
257.266492
20
47.941521
70
0
0
VERTEX
8
Sketch
10
257.383811
20
47.658976
70
0
0
VERTEX
8
Sketch
10
257.666491
20
47.541982
70
0
0
VERTEX
8
Sketch
10
257.949171
20
47.658976
70
0
0
VERTEX
8
Sketch
10
258.066490
20
47.941521
70
0
0
VERTEX
8
Sketch
10
258.066490
20
47.941521
70
0
0
SEQEND
8
Sketch
0
POLYLINE
8
Sketch
62
7
70
0
10
0.000000
20
0.000000
66
1
0
VERTEX
8
Sketch
10
271.648575
20
64.128021
70
0
0
VERTEX
8
Sketch
10
271.531256
20
64.410566
70
0
0
VERTEX
8
Sketch
10
271.248576
20
64.527561
70
0
0
VERTEX
8
Sketch
10
270.965896
20
64.410566
70
0
0
VERTEX
8
Sketch
10
270.848577
20
64.128021
70
0
0
VERTEX
8
Sketch
10
270.965896
20
63.845476
70
0
0
VERTEX
8
Sketch
10
271.248576
20
63.728482
70
0
0
VERTEX
8
Sketch
10
271.531256
20
63.845476
70
0
0
VERTEX
8
Sketch
10
271.648575
20
64.128021
70
0
0
VERTEX
8
Sketch
10
271.648575
20
64.128021
70
0
0
SEQEND
8
Sketch
0
POLYLINE
8
Sketch
62
7
70
0
10
0.000000
20
0.000000
66
1
0
VERTEX
8
Sketch
10
273.281254
20
66.073765
70
0
0
VERTEX
8
Sketch
10
273.163934
20
66.356309
70
0
0
VERTEX
8
Sketch
10
272.881254
20
66.473304
70
0
0
VERTEX
8
Sketch
10
272.598575
20
66.356309
70
0
0
VERTEX
8
Sketch
10
272.481255
20
66.073765
70
0
0
VERTEX
8
Sketch
10
272.598575
20
65.791220
70
0
0
VERTEX
8
Sketch
10
272.881254
20
65.674225
70
0
0
VERTEX
8
Sketch
10
273.163934
20
65.791220
70
0
0
VERTEX
8
Sketch
10
273.281254
20
66.073765
70
0
0
VERTEX
8
Sketch
10
273.281254
20
66.073765
70
0
0
SEQEND
8
Sketch
0
POLYLINE
8
Sketch
62
7
70
0
10
0.000000
20
0.000000
66
1
0
VERTEX
8
Sketch
10
276.546610
20
69.965278
70
0
0
VERTEX
8
Sketch
10
276.429290
20
70.247823
70
0
0
VERTEX
8
Sketch
10
276.146611
20
70.364817
70
0
0
VERTEX
8
Sketch
10
275.863931
20
70.247823
70
0
0
VERTEX
8
Sketch
10
275.746611
20
69.965278
70
0
0
VERTEX
8
Sketch
10
275.863931
20
69.682733
70
0
0
VERTEX
8
Sketch
10
276.146611
20
69.565738
70
0
0
VERTEX
8
Sketch
10
276.429290
20
69.682733
70
0
0
VERTEX
8
Sketch
10
276.546610
20
69.965278
70
0
0
VERTEX
8
Sketch
10
276.546610
20
69.965278
70
0
0
SEQEND
8
Sketch
0
POLYLINE
8
Sketch
62
7
70
0
10
0.000000
20
0.000000
66
1
0
VERTEX
8
Sketch
10
274.913932
20
68.019508
70
0
0
VERTEX
8
Sketch
10
274.796612
20
68.302053
70
0
0
VERTEX
8
Sketch
10
274.513933
20
68.419047
70
0
0
VERTEX
8
Sketch
10
274.231253
20
68.302053
70
0
0
VERTEX
8
Sketch
10
274.113933
20
68.019508
70
0
0
VERTEX
8
Sketch
10
274.231253
20
67.736963
70
0
0
VERTEX
8
Sketch
10
274.513933
20
67.619969
70
0
0
VERTEX
8
Sketch
10
274.796612
20
67.736963
70
0
0
VERTEX
8
Sketch
10
274.913932
20
68.019508
70
0
0
VERTEX
8
Sketch
10
274.913932
20
68.019508
70
0
0
SEQEND
8
Sketch
0
POLYLINE
8
Sketch
62
7
70
0
10
0.000000
20
0.000000
66
1
0
VERTEX
8
Sketch
10
278.179288
20
71.911021
70
0
0
VERTEX
8
Sketch
10
278.061969
20
72.193566
70
0
0
VERTEX
8
Sketch
10
277.779289
20
72.310561
70
0
0
VERTEX
8
Sketch
10
277.496609
20
72.193566
70
0
0
VERTEX
8
Sketch
10
277.379290
20
71.911021
70
0
0
VERTEX
8
Sketch
10
277.496609
20
71.628476
70
0
0
VERTEX
8
Sketch
10
277.779289
20
71.511482
70
0
0
VERTEX
8
Sketch
10
278.061969
20
71.628476
70
0
0
VERTEX
8
Sketch
10
278.179288
20
71.911021
70
0
0
VERTEX
8
Sketch
10
278.179288
20
71.911021
70
0
0
SEQEND
8
Sketch
0
POLYLINE
8
Sketch
62
7
70
0
10
0.000000
20
0.000000
66
1
0
VERTEX
8
Sketch
10
212.339729
20
16.846404
70
0
0
VERTEX
8
Sketch
10
212.222373
20
17.128882
70
0
0
VERTEX
8
Sketch
10
211.939730
20
17.245840
70
0
0
VERTEX
8
Sketch
10
211.657087
20
17.128882
70
0
0
VERTEX
8
Sketch
10
211.539731
20
16.846404
70
0
0
VERTEX
8
Sketch
10
211.657087
20
16.563926
70
0
0
VERTEX
8
Sketch
10
211.939730
20
16.446968
70
0
0
VERTEX
8
Sketch
10
212.222373
20
16.563926
70
0
0
VERTEX
8
Sketch
10
212.339729
20
16.846404
70
0
0
VERTEX
8
Sketch
10
212.339729
20
16.846404
70
0
0
SEQEND
8
Sketch
0
POLYLINE
8
Sketch
62
7
70
0
10
0.000000
20
0.000000
66
1
0
VERTEX
8
Sketch
10
214.539430
20
18.116402
70
0
0
VERTEX
8
Sketch
10
214.422111
20
18.398947
70
0
0
VERTEX
8
Sketch
10
214.139431
20
18.515942
70
0
0
VERTEX
8
Sketch
10
213.856751
20
18.398947
70
0
0
VERTEX
8
Sketch
10
213.739432
20
18.116402
70
0
0
VERTEX
8
Sketch
10
213.856751
20
17.833858
70
0
0
VERTEX
8
Sketch
10
214.139431
20
17.716863
70
0
0
VERTEX
8
Sketch
10
214.422111
20
17.833858
70
0
0
VERTEX
8
Sketch
10
214.539430
20
18.116402
70
0
0
VERTEX
8
Sketch
10
214.539430
20
18.116402
70
0
0
SEQEND
8
Sketch
0
POLYLINE
8
Sketch
62
7
70
0
10
0.000000
20
0.000000
66
1
0
VERTEX
8
Sketch
10
216.739134
20
19.386401
70
0
0
VERTEX
8
Sketch
10
216.621814
20
19.668946
70
0
0
VERTEX
8
Sketch
10
216.339134
20
19.785940
70
0
0
VERTEX
8
Sketch
10
216.056455
20
19.668946
70
0
0
VERTEX
8
Sketch
10
215.939135
20
19.386401
70
0
0
VERTEX
8
Sketch
10
216.056455
20
19.103856
70
0
0
VERTEX
8
Sketch
10
216.339134
20
18.986861
70
0
0
VERTEX
8
Sketch
10
216.621814
20
19.103856
70
0
0
VERTEX
8
Sketch
10
216.739134
20
19.386401
70
0
0
VERTEX
8
Sketch
10
216.739134
20
19.386401
70
0
0
SEQEND
8
Sketch
0
POLYLINE
8
Sketch
62
7
70
0
10
0.000000
20
0.000000
66
1
0
VERTEX
8
Sketch
10
218.938834
20
20.656399
70
0
0
VERTEX
8
Sketch
10
218.821515
20
20.938944
70
0
0
VERTEX
8
Sketch
10
218.538835
20
21.055939
70
0
0
VERTEX
8
Sketch
10
218.256155
20
20.938944
70
0
0
VERTEX
8
Sketch
10
218.138836
20
20.656399
70
0
0
VERTEX
8
Sketch
10
218.256155
20
20.373854
70
0
0
VERTEX
8
Sketch
10
218.538835
20
20.256860
70
0
0
VERTEX
8
Sketch
10
218.821515
20
20.373854
70
0
0
VERTEX
8
Sketch
10
218.938834
20
20.656399
70
0
0
VERTEX
8
Sketch
10
218.938834
20
20.656399
70
0
0
SEQEND
8
Sketch
0
POLYLINE
8
Sketch
62
7
70
0
10
0.000000
20
0.000000
66
1
0
VERTEX
8
Sketch
10
221.138538
20
21.926398
70
0
0
VERTEX
8
Sketch
10
221.021380
20
22.209241
70
0
0
VERTEX
8
Sketch
10
220.738537
20
22.326398
70
0
0
VERTEX
8
Sketch
10
220.455694
20
22.209241
70
0
0
VERTEX
8
Sketch
10
220.338537
20
21.926398
70
0
0
VERTEX
8
Sketch
10
220.538537
20
21.579987
70
0
0
VERTEX
8
Sketch
10
220.938537
20
21.579987
70
0
0
VERTEX
8
Sketch
10
221.138538
20
21.926398
70
0
0
VERTEX
8
Sketch
10
221.138538
20
21.926398
70
0
0
SEQEND
8
Sketch
0
POLYLINE
8
Sketch
62
7
70
0
10
0.000000
20
0.000000
66
1
0
VERTEX
8
Sketch
10
239.437630
20
32.491382
70
0
0
VERTEX
8
Sketch
10
239.320310
20
32.773927
70
0
0
VERTEX
8
Sketch
10
239.037631
20
32.890922
70
0
0
VERTEX
8
Sketch
10
238.754951
20
32.773927
70
0
0
VERTEX
8
Sketch
10
238.637631
20
32.491382
70
0
0
VERTEX
8
Sketch
10
238.754951
20
32.208837
70
0
0
VERTEX
8
Sketch
10
239.037631
20
32.091843
70
0
0
VERTEX
8
Sketch
10
239.320310
20
32.208837
70
0
0
VERTEX
8
Sketch
10
239.437630
20
32.491382
70
0
0
VERTEX
8
Sketch
10
239.437630
20
32.491382
70
0
0
SEQEND
8
Sketch
0
POLYLINE
8
Sketch
62
7
70
0
10
0.000000
20
0.000000
66
1
0
VERTEX
8
Sketch
10
241.637333
20
33.761380
70
0
0
VERTEX
8
Sketch
10
241.437333
20
34.107791
70
0
0
VERTEX
8
Sketch
10
241.037332
20
34.107791
70
0
0
VERTEX
8
Sketch
10
240.837332
20
33.761380
70
0
0
VERTEX
8
Sketch
10
241.037332
20
33.414970
70
0
0
VERTEX
8
Sketch
10
241.437333
20
33.414970
70
0
0
VERTEX
8
Sketch
10
241.637333
20
33.761380
70
0
0
VERTEX
8
Sketch
10
241.637333
20
33.761380
70
0
0
SEQEND
8
Sketch
0
POLYLINE
8
Sketch
62
7
70
0
10
0.000000
20
0.000000
66
1
0
VERTEX
8
Sketch
10
246.036735
20
36.301377
70
0
0
VERTEX
8
Sketch
10
245.919415
20
36.583922
70
0
0
VERTEX
8
Sketch
10
245.636735
20
36.700917
70
0
0
VERTEX
8
Sketch
10
245.354056
20
36.583922
70
0
0
VERTEX
8
Sketch
10
245.236736
20
36.301377
70
0
0
VERTEX
8
Sketch
10
245.354056
20
36.018832
70
0
0
VERTEX
8
Sketch
10
245.636735
20
35.901838
70
0
0
VERTEX
8
Sketch
10
245.919415
20
36.018832
70
0
0
VERTEX
8
Sketch
10
246.036735
20
36.301377
70
0
0
VERTEX
8
Sketch
10
246.036735
20
36.301377
70
0
0
SEQEND
8
Sketch
0
POLYLINE
8
Sketch
62
7
70
0
10
0.000000
20
0.000000
66
1
0
VERTEX
8
Sketch
10
243.837034
20
35.031379
70
0
0
VERTEX
8
Sketch
10
243.719714
20
35.313924
70
0
0
VERTEX
8
Sketch
10
243.437035
20
35.430918
70
0
0
VERTEX
8
Sketch
10
243.154355
20
35.313924
70
0
0
VERTEX
8
Sketch
10
243.037035
20
35.031379
70
0
0
VERTEX
8
Sketch
10
243.154355
20
34.748834
70
0
0
VERTEX
8
Sketch
10
243.437035
20
34.631839
70
0
0
VERTEX
8
Sketch
10
243.719714
20
34.748834
70
0
0
VERTEX
8
Sketch
10
243.837034
20
35.031379
70
0
0
VERTEX
8
Sketch
10
243.837034
20
35.031379
70
0
0
SEQEND
8
Sketch
0
POLYLINE
8
Sketch
62
7
70
0
10
0.000000
20
0.000000
66
1
0
VERTEX
8
Sketch
10
248.236438
20
37.571376
70
0
0
VERTEX
8
Sketch
10
248.119118
20
37.853921
70
0
0
VERTEX
8
Sketch
10
247.836439
20
37.970915
70
0
0
VERTEX
8
Sketch
10
247.553759
20
37.853921
70
0
0
VERTEX
8
Sketch
10
247.436440
20
37.571376
70
0
0
VERTEX
8
Sketch
10
247.553759
20
37.288831
70
0
0
VERTEX
8
Sketch
10
247.836439
20
37.171836
70
0
0
VERTEX
8
Sketch
10
248.119118
20
37.288831
70
0
0
VERTEX
8
Sketch
10
248.236438
20
37.571376
70
0
0
VERTEX
8
Sketch
10
248.236438
20
37.571376
70
0
0
SEQEND
8
Sketch
0
POLYLINE
8
Sketch
62
7
70
0
10
0.000000
20
0.000000
66
1
0
VERTEX
8
Sketch
10
167.534285
20
8.346040
70
0
0
VERTEX
8
Sketch
10
167.334286
20
8.692450
70
0
0
VERTEX
8
Sketch
10
166.934286
20
8.692450
70
0
0
VERTEX
8
Sketch
10
166.734286
20
8.346040
70
0
0
VERTEX
8
Sketch
10
166.934286
20
7.999630
70
0
0
VERTEX
8
Sketch
10
167.334286
20
7.999630
70
0
0
VERTEX
8
Sketch
10
167.534285
20
8.346040
70
0
0
VERTEX
8
Sketch
10
167.534285
20
8.346040
70
0
0
SEQEND
8
Sketch
0
POLYLINE
8
Sketch
62
7
70
0
10
0.000000
20
0.000000
66
1
0
VERTEX
8
Sketch
10
170.035694
20
8.787100
70
0
0
VERTEX
8
Sketch
10
169.835694
20
9.133510
70
0
0
VERTEX
8
Sketch
10
169.435695
20
9.133510
70
0
0
VERTEX
8
Sketch
10
169.235695
20
8.787100
70
0
0
VERTEX
8
Sketch
10
169.435695
20
8.440690
70
0
0
VERTEX
8
Sketch
10
169.835694
20
8.440690
70
0
0
VERTEX
8
Sketch
10
170.035694
20
8.787100
70
0
0
VERTEX
8
Sketch
10
170.035694
20
8.787100
70
0
0
SEQEND
8
Sketch
0
POLYLINE
8
Sketch
62
7
70
0
10
0.000000
20
0.000000
66
1
0
VERTEX
8
Sketch
10
172.537103
20
9.228160
70
0
0
VERTEX
8
Sketch
10
172.419946
20
9.511002
70
0
0
VERTEX
8
Sketch
10
172.137103
20
9.628159
70
0
0
VERTEX
8
Sketch
10
171.854261
20
9.511002
70
0
0
VERTEX
8
Sketch
10
171.737104
20
9.228160
70
0
0
VERTEX
8
Sketch
10
171.854261
20
8.945318
70
0
0
VERTEX
8
Sketch
10
172.137103
20
8.828161
70
0
0
VERTEX
8
Sketch
10
172.419946
20
8.945318
70
0
0
VERTEX
8
Sketch
10
172.537103
20
9.228160
70
0
0
VERTEX
8
Sketch
10
172.537103
20
9.228160
70
0
0
SEQEND
8
Sketch
0
POLYLINE
8
Sketch
62
7
70
0
10
0.000000
20
0.000000
66
1
0
VERTEX
8
Sketch
10
175.038511
20
9.669246
70
0
0
VERTEX
8
Sketch
10
174.838511
20
10.015656
70
0
0
VERTEX
8
Sketch
10
174.438512
20
10.015656
70
0
0
VERTEX
8
Sketch
10
174.238512
20
9.669246
70
0
0
VERTEX
8
Sketch
10
174.438512
20
9.322837
70
0
0
VERTEX
8
Sketch
10
174.838511
20
9.322837
70
0
0
VERTEX
8
Sketch
10
175.038511
20
9.669246
70
0
0
VERTEX
8
Sketch
10
175.038511
20
9.669246
70
0
0
SEQEND
8
Sketch
0
POLYLINE
8
Sketch
62
7
70
0
10
0.000000
20
0.000000
66
1
0
VERTEX
8
Sketch
10
177.539920
20
10.110306
70
0
0
VERTEX
8
Sketch
10
177.339920
20
10.456716
70
0
0
VERTEX
8
Sketch
10
176.939920
20
10.456716
70
0
0
VERTEX
8
Sketch
10
176.739921
20
10.110306
70
0
0
VERTEX
8
Sketch
10
176.939920
20
9.763896
70
0
0
VERTEX
8
Sketch
10
177.339920
20
9.763896
70
0
0
VERTEX
8
Sketch
10
177.539920
20
10.110306
70
0
0
VERTEX
8
Sketch
10
177.539920
20
10.110306
70
0
0
SEQEND
8
Sketch
0
POLYLINE
8
Sketch
62
7
70
0
10
0.000000
20
0.000000
66
1
0
VERTEX
8
Sketch
10
198.348882
20
13.779490
70
0
0
VERTEX
8
Sketch
10
198.231562
20
14.062035
70
0
0
VERTEX
8
Sketch
10
197.948883
20
14.179030
70
0
0
VERTEX
8
Sketch
10
197.666203
20
14.062035
70
0
0
VERTEX
8
Sketch
10
197.548884
20
13.779490
70
0
0
VERTEX
8
Sketch
10
197.666203
20
13.496945
70
0
0
VERTEX
8
Sketch
10
197.948883
20
13.379951
70
0
0
VERTEX
8
Sketch
10
198.231562
20
13.496945
70
0
0
VERTEX
8
Sketch
10
198.348882
20
13.779490
70
0
0
VERTEX
8
Sketch
10
198.348882
20
13.779490
70
0
0
SEQEND
8
Sketch
0
POLYLINE
8
Sketch
62
7
70
0
10
0.000000
20
0.000000
66
1
0
VERTEX
8
Sketch
10
200.850289
20
14.220550
70
0
0
VERTEX
8
Sketch
10
200.732970
20
14.503095
70
0
0
VERTEX
8
Sketch
10
200.450290
20
14.620090
70
0
0
VERTEX
8
Sketch
10
200.167611
20
14.503095
70
0
0
VERTEX
8
Sketch
10
200.050291
20
14.220550
70
0
0
VERTEX
8
Sketch
10
200.167611
20
13.938005
70
0
0
VERTEX
8
Sketch
10
200.450290
20
13.821011
70
0
0
VERTEX
8
Sketch
10
200.732970
20
13.938005
70
0
0
VERTEX
8
Sketch
10
200.850289
20
14.220550
70
0
0
VERTEX
8
Sketch
10
200.850289
20
14.220550
70
0
0
SEQEND
8
Sketch
0
POLYLINE
8
Sketch
62
7
70
0
10
0.000000
20
0.000000
66
1
0
VERTEX
8
Sketch
10
205.853107
20
15.102670
70
0
0
VERTEX
8
Sketch
10
205.735787
20
15.385215
70
0
0
VERTEX
8
Sketch
10
205.453108
20
15.502209
70
0
0
VERTEX
8
Sketch
10
205.170428
20
15.385215
70
0
0
VERTEX
8
Sketch
10
205.053108
20
15.102670
70
0
0
VERTEX
8
Sketch
10
205.170428
20
14.820125
70
0
0
VERTEX
8
Sketch
10
205.453108
20
14.703130
70
0
0
VERTEX
8
Sketch
10
205.735787
20
14.820125
70
0
0
VERTEX
8
Sketch
10
205.853107
20
15.102670
70
0
0
VERTEX
8
Sketch
10
205.853107
20
15.102670
70
0
0
SEQEND
8
Sketch
0
POLYLINE
8
Sketch
62
7
70
0
10
0.000000
20
0.000000
66
1
0
VERTEX
8
Sketch
10
203.351699
20
14.661610
70
0
0
VERTEX
8
Sketch
10
203.234380
20
14.944155
70
0
0
VERTEX
8
Sketch
10
202.951700
20
15.061149
70
0
0
VERTEX
8
Sketch
10
202.669021
20
14.944155
70
0
0
VERTEX
8
Sketch
10
202.551701
20
14.661610
70
0
0
VERTEX
8
Sketch
10
202.669021
20
14.379065
70
0
0
VERTEX
8
Sketch
10
202.951700
20
14.262071
70
0
0
VERTEX
8
Sketch
10
203.234380
20
14.379065
70
0
0
VERTEX
8
Sketch
10
203.351699
20
14.661610
70
0
0
VERTEX
8
Sketch
10
203.351699
20
14.661610
70
0
0
SEQEND
8
Sketch
0
POLYLINE
8
Sketch
62
7
70
0
10
0.000000
20
0.000000
66
1
0
VERTEX
8
Sketch
10
208.354517
20
15.543756
70
0
0
VERTEX
8
Sketch
10
208.154517
20
15.890167
70
0
0
VERTEX
8
Sketch
10
207.754516
20
15.890167
70
0
0
VERTEX
8
Sketch
10
207.554516
20
15.543756
70
0
0
VERTEX
8
Sketch
10
207.754516
20
15.197346
70
0
0
VERTEX
8
Sketch
10
208.154517
20
15.197346
70
0
0
VERTEX
8
Sketch
10
208.354517
20
15.543756
70
0
0
VERTEX
8
Sketch
10
208.354517
20
15.543756
70
0
0
SEQEND
8
Sketch
0
POLYLINE
8
44.7
62
170
70
0
10
0.000000
20
0.000000
66
1
0
VERTEX
8
44.7
10
165.433180
20
264.647840
70
0
0
VERTEX
8
44.7
10
160.708621
20
264.559049
70
0
0
VERTEX
8
44.7
10
156.017124
20
264.294409
70
0
0
VERTEX
8
44.7
10
151.362579
20
263.856522
70
0
0
VERTEX
8
44.7
10
146.748879
20
263.247986
70
0
0
VERTEX
8
44.7
10
142.179914
20
262.471403
70
0
0
VERTEX
8
44.7
10
137.659578
20
261.529372
70
0
0
VERTEX
8
44.7
10
133.191760
20
260.424495
70
0
0
VERTEX
8
44.7
10
128.780354
20
259.159371
70
0
0
VERTEX
8
44.7
10
124.429250
20
257.736601
70
0
0
VERTEX
8
44.7
10
120.142341
20
256.158785
70
0
0
VERTEX
8
44.7
10
115.923518
20
254.428523
70
0
0
VERTEX
8
44.7
10
111.776673
20
252.548416
70
0
0
VERTEX
8
44.7
10
107.705696
20
250.521064
70
0
0
VERTEX
8
44.7
10
103.714481
20
248.349067
70
0
0
VERTEX
8
44.7
10
99.806919
20
246.035026
70
0
0
VERTEX
8
44.7
10
95.986901
20
243.581542
70
0
0
VERTEX
8
44.7
10
92.258319
20
240.991213
70
0
0
VERTEX
8
44.7
10
88.625064
20
238.266641
70
0
0
VERTEX
8
44.7
10
85.091029
20
235.410426
70
0
0
VERTEX
8
44.7
10
81.660105
20
232.425169
70
0
0
VERTEX
8
44.7
10
78.336184
20
229.313469
70
0
0
VERTEX
8
44.7
10
75.123157
20
226.077927
70
0
0
VERTEX
8
44.7
10
72.024915
20
222.721144
70
0
0
VERTEX
8
44.7
10
69.045352
20
219.245719
70
0
0
VERTEX
8
44.7
10
66.188358
20
215.654253
70
0
0
VERTEX
8
44.7
10
63.457825
20
211.949346
70
0
0
VERTEX
8
44.7
10
60.857644
20
208.133599
70
0
0
VERTEX
8
44.7
10
58.391708
20
204.209612
70
0
0
VERTEX
8
44.7
10
56.063907
20
200.179985
70
0
0
VERTEX
8
44.7
10
53.878134
20
196.047319
70
0
0
VERTEX
8
44.7
10
51.838281
20
191.814213
70
0
0
VERTEX
8
44.7
10
49.948238
20
187.483269
70
0
0
VERTEX
8
44.7
10
48.222260
20
183.084367
70
0
0
VERTEX
8
44.7
10
46.671397
20
178.648715
70
0
0
VERTEX
8
44.7
10
45.294735
20
174.180904
70
0
0
VERTEX
8
44.7
10
44.091362
20
169.685524
70
0
0
VERTEX
8
44.7
10
43.060365
20
165.167166
70
0
0
VERTEX
8
44.7
10
42.200829
20
160.630420
70
0
0
VERTEX
8
44.7
10
41.511843
20
156.079877
70
0
0
VERTEX
8
44.7
10
40.992493
20
151.520127
70
0
0
VERTEX
8
44.7
10
40.641866
20
146.955761
70
0
0
VERTEX
8
44.7
10
40.459049
20
142.391369
70
0
0
VERTEX
8
44.7
10
40.443129
20
137.831542
70
0
0
VERTEX
8
44.7
10
40.593192
20
133.280871
70
0
0
VERTEX
8
44.7
10
40.908326
20
128.743945
70
0
0
VERTEX
8
44.7
10
41.387618
20
124.225356
70
0
0
VERTEX
8
44.7
10
42.030153
20
119.729694
70
0
0
VERTEX
8
44.7
10
42.835020
20
115.261550
70
0
0
VERTEX
8
44.7
10
43.801305
20
110.825513
70
0
0
VERTEX
8
44.7
10
44.928095
20
106.426175
70
0
0
VERTEX
8
44.7
10
46.214476
20
102.068127
70
0
0
VERTEX
8
44.7
10
47.659537
20
97.755957
70
0
0
VERTEX
8
44.7
10
49.262363
20
93.494258
70
0
0
VERTEX
8
44.7
10
51.022042
20
89.287620
70
0
0
VERTEX
8
44.7
10
52.937660
20
85.140633
70
0
0
VERTEX
8
44.7
10
55.008304
20
81.057888
70
0
0
VERTEX
8
44.7
10
57.233062
20
77.043975
70
0
0
VERTEX
8
44.7
10
59.611019
20
73.103485
70
0
0
VERTEX
8
44.7
10
62.141264
20
69.241008
70
0
0
VERTEX
8
44.7
10
64.822882
20
65.461135
70
0
0
VERTEX
8
44.7
10
67.654962
20
61.768456
70
0
0
VERTEX
8
44.7
10
70.636588
20
58.167563
70
0
0
VERTEX
8
44.7
10
73.766850
20
54.663045
70
0
0
VERTEX
8
44.7
10
77.044832
20
51.259492
70
0
0
VERTEX
8
44.7
10
80.448385
20
47.981510
70
0
0
VERTEX
8
44.7
10
83.952903
20
44.851248
70
0
0
VERTEX
8
44.7
10
87.553796
20
41.869622
70
0
0
VERTEX
8
44.7
10
91.246475
20
39.037542
70
0
0
VERTEX
8
44.7
10
95.026348
20
36.355924
70
0
0
VERTEX
8
44.7
10
98.888825
20
33.825679
70
0
0
VERTEX
8
44.7
10
102.829315
20
31.447722
70
0
0
VERTEX
8
44.7
10
106.843228
20
29.222964
70
0
0
VERTEX
8
44.7
10
110.925973
20
27.152320
70
0
0
VERTEX
8
44.7
10
115.072960
20
25.236702
70
0
0
VERTEX
8
44.7
10
119.279598
20
23.477023
70
0
0
VERTEX
8
44.7
10
123.541297
20
21.874197
70
0
0
VERTEX
8
44.7
10
127.853467
20
20.429136
70
0
0
VERTEX
8
44.7
10
132.211515
20
19.142755
70
0
0
VERTEX
8
44.7
10
136.610853
20
18.015965
70
0
0
VERTEX
8
44.7
10
141.046890
20
17.049680
70
0
0
VERTEX
8
44.7
10
145.515034
20
16.244813
70
0
0
VERTEX
8
44.7
10
150.010696
20
15.602278
70
0
0
VERTEX
8
44.7
10
154.529285
20
15.122986
70
0
0
VERTEX
8
44.7
10
159.066211
20
14.807852
70
0
0
VERTEX
8
44.7
10
163.616882
20
14.657789
70
0
0
VERTEX
8
44.7
10
168.176709
20
14.673709
70
0
0
VERTEX
8
44.7
10
172.741101
20
14.856526
70
0
0
VERTEX
8
44.7
10
177.305467
20
15.207153
70
0
0
VERTEX
8
44.7
10
181.865217
20
15.726503
70
0
0
VERTEX
8
44.7
10
186.415760
20
16.415489
70
0
0
VERTEX
8
44.7
10
190.952506
20
17.275025
70
0
0
VERTEX
8
44.7
10
195.470864
20
18.306022
70
0
0
VERTEX
8
44.7
10
199.966244
20
19.509395
70
0
0
VERTEX
8
44.7
10
204.434055
20
20.886057
70
0
0
VERTEX
8
44.7
10
208.869707
20
22.436920
70
0
0
VERTEX
8
44.7
10
213.268609
20
24.162898
70
0
0
VERTEX
8
44.7
10
217.599553
20
26.052941
70
0
0
VERTEX
8
44.7
10
221.832659
20
28.092794
70
0
0
VERTEX
8
44.7
10
225.965325
20
30.278567
70
0
0
VERTEX
8
44.7
10
229.994952
20
32.606368
70
0
0
VERTEX
8
44.7
10
233.918939
20
35.072304
70
0
0
VERTEX
8
44.7
10
237.734686
20
37.672485
70
0
0
VERTEX
8
44.7
10
241.439593
20
40.403018
70
0
0
VERTEX
8
44.7
10
245.031059
20
43.260012
70
0
0
VERTEX
8
44.7
10
248.506484
20
46.239575
70
0
0
VERTEX
8
44.7
10
251.863267
20
49.337817
70
0
0
VERTEX
8
44.7
10
255.098809
20
52.550844
70
0
0
VERTEX
8
44.7
10
258.210509
20
55.874765
70
0
0
VERTEX
8
44.7
10
261.195766
20
59.305689
70
0
0
VERTEX
8
44.7
10
264.051981
20
62.839724
70
0
0
VERTEX
8
44.7
10
266.776553
20
66.472979
70
0
0
VERTEX
8
44.7
10
269.366882
20
70.201561
70
0
0
VERTEX
8
44.7
10
271.820366
20
74.021579
70
0
0
VERTEX
8
44.7
10
274.134407
20
77.929141
70
0
0
VERTEX
8
44.7
10
276.306404
20
81.920356
70
0
0
VERTEX
8
44.7
10
278.333756
20
85.991333
70
0
0
VERTEX
8
44.7
10
280.213863
20
90.138178
70
0
0
VERTEX
8
44.7
10
281.944125
20
94.357001
70
0
0
VERTEX
8
44.7
10
283.521941
20
98.643910
70
0
0
VERTEX
8
44.7
10
284.944711
20
102.995014
70
0
0
VERTEX
8
44.7
10
286.209835
20
107.406420
70
0
0
VERTEX
8
44.7
10
287.314712
20
111.874238
70
0
0
VERTEX
8
44.7
10
288.256743
20
116.394574
70
0
0
VERTEX
8
44.7
10
289.033326
20
120.963539
70
0
0
VERTEX
8
44.7
10
289.641862
20
125.577239
70
0
0
VERTEX
8
44.7
10
290.079749
20
130.231784
70
0
0
VERTEX
8
44.7
10
290.344389
20
134.923281
70
0
0
VERTEX
8
44.7
10
290.433180
20
139.647840
70
0
0
VERTEX
8
44.7
10
290.279556
20
145.846232
70
0
0
VERTEX
8
44.7
10
289.821513
20
152.002554
70
0
0
VERTEX
8
44.7
10
289.063296
20
158.106561
70
0
0
VERTEX
8
44.7
10
288.009147
20
164.148007
70
0
0
VERTEX
8
44.7
10
286.663312
20
170.116647
70
0
0
VERTEX
8
44.7
10
285.030033
20
176.002234
70
0
0
VERTEX
8
44.7
10
283.113555
20
181.794523
70
0
0
VERTEX
8
44.7
10
280.918122
20
187.483269
70
0
0
VERTEX
8
44.7
10
278.447977
20
193.058226
70
0
0
VERTEX
8
44.7
10
275.707364
20
198.509147
70
0
0
VERTEX
8
44.7
10
272.700528
20
203.825788
70
0
0
VERTEX
8
44.7
10
269.431712
20
208.997903
70
0
0
VERTEX
8
44.7
10
265.905160
20
214.015246
70
0
0
VERTEX
8
44.7
10
262.125116
20
218.867572
70
0
0
VERTEX
8
44.7
10
258.095824
20
223.544634
70
0
0
VERTEX
8
44.7
10
253.821528
20
228.036188
70
0
0
VERTEX
8
44.7
10
249.329974
20
232.310484
70
0
0
VERTEX
8
44.7
10
244.652912
20
236.339776
70
0
0
VERTEX
8
44.7
10
239.800586
20
240.119820
70
0
0
VERTEX
8
44.7
10
234.783243
20
243.646372
70
0
0
VERTEX
8
44.7
10
229.611128
20
246.915188
70
0
0
VERTEX
8
44.7
10
224.294487
20
249.922024
70
0
0
VERTEX
8
44.7
10
218.843566
20
252.662637
70
0
0
VERTEX
8
44.7
10
213.268609
20
255.132782
70
0
0
VERTEX
8
44.7
10
207.579863
20
257.328215
70
0
0
VERTEX
8
44.7
10
201.787574
20
259.244693
70
0
0
VERTEX
8
44.7
10
195.901987
20
260.877972
70
0
0
VERTEX
8
44.7
10
189.933347
20
262.223807
70
0
0
VERTEX
8
44.7
10
183.891901
20
263.277956
70
0
0
VERTEX
8
44.7
10
177.787894
20
264.036173
70
0
0
VERTEX
8
44.7
10
171.631572
20
264.494216
70
0
0
VERTEX
8
44.7
10
165.433180
20
264.647840
70
0
0
VERTEX
8
44.7
10
165.433180
20
264.647840
70
0
0
SEQEND
8
44.7
0
POLYLINE
8
44.7
62
170
70
0
10
0.000000
20
0.000000
66
1
0
VERTEX
8
44.7
10
163.556380
20
268.005893
70
0
0
VERTEX
8
44.7
10
162.826190
20
266.782712
70
0
0
VERTEX
8
44.7
10
163.556380
20
266.782712
70
0
0
VERTEX
8
44.7
10
163.556380
20
268.005893
70
0
0
SEQEND
8
44.7
0
POLYLINE
8
44.7
62
170
70
1
10
0.000000
20
0.000000
66
1
0
VERTEX
8
44.7
10
163.505180
20
268.291147
70
0
0
VERTEX
8
44.7
10
163.867950
20
268.291147
70
0
0
VERTEX
8
44.7
10
163.867950
20
266.782712
70
0
0
VERTEX
8
44.7
10
164.176460
20
266.782712
70
0
0
VERTEX
8
44.7
10
164.176460
20
266.528464
70
0
0
VERTEX
8
44.7
10
163.867950
20
266.528464
70
0
0
VERTEX
8
44.7
10
163.867950
20
265.976559
70
0
0
VERTEX
8
44.7
10
163.556340
20
265.976559
70
0
0
VERTEX
8
44.7
10
163.556340
20
266.528464
70
0
0
VERTEX
8
44.7
10
162.575010
20
266.528464
70
0
0
VERTEX
8
44.7
10
162.575010
20
266.824570
70
0
0
VERTEX
8
44.7
10
163.505180
20
268.291147
70
0
0
SEQEND
8
44.7
0
POLYLINE
8
44.7
62
170
70
0
10
0.000000
20
0.000000
66
1
0
VERTEX
8
44.7
10
165.467850
20
268.005893
70
0
0
VERTEX
8
44.7
10
164.737660
20
266.782712
70
0
0
VERTEX
8
44.7
10
165.467850
20
266.782712
70
0
0
VERTEX
8
44.7
10
165.467850
20
268.005893
70
0
0
SEQEND
8
44.7
0
POLYLINE
8
44.7
62
170
70
1
10
0.000000
20
0.000000
66
1
0
VERTEX
8
44.7
10
165.416650
20
268.291147
70
0
0
VERTEX
8
44.7
10
165.779420
20
268.291147
70
0
0
VERTEX
8
44.7
10
165.779420
20
266.782712
70
0
0
VERTEX
8
44.7
10
166.087930
20
266.782712
70
0
0
VERTEX
8
44.7
10
166.087930
20
266.528464
70
0
0
VERTEX
8
44.7
10
165.779420
20
266.528464
70
0
0
VERTEX
8
44.7
10
165.779420
20
265.976559
70
0
0
VERTEX
8
44.7
10
165.467810
20
265.976559
70
0
0
VERTEX
8
44.7
10
165.467810
20
266.528464
70
0
0
VERTEX
8
44.7
10
164.486480
20
266.528464
70
0
0
VERTEX
8
44.7
10
164.486480
20
266.824570
70
0
0
VERTEX
8
44.7
10
165.416650
20
268.291147
70
0
0
SEQEND
8
44.7
0
POLYLINE
8
44.7
62
170
70
0
10
0.000000
20
0.000000
66
1
0
VERTEX
8
44.7
10
166.997950
20
266.449399
70
0
0
VERTEX
8
44.7
10
167.388630
20
266.449399
70
0
0
VERTEX
8
44.7
10
167.388630
20
265.976559
70
0
0
VERTEX
8
44.7
10
166.997950
20
265.976559
70
0
0
VERTEX
8
44.7
10
166.997950
20
266.449399
70
0
0
SEQEND
8
44.7
0
POLYLINE
8
44.7
62
170
70
0
10
0.000000
20
0.000000
66
1
0
VERTEX
8
44.7
10
168.366860
20
268.291147
70
0
0
VERTEX
8
44.7
10
169.824140
20
268.291147
70
0
0
VERTEX
8
44.7
10
169.824140
20
268.157822
70
0
0
VERTEX
8
44.7
10
168.996280
20
265.976559
70
0
0
VERTEX
8
44.7
10
168.669170
20
265.976559
70
0
0
VERTEX
8
44.7
10
169.475320
20
268.027597
70
0
0
VERTEX
8
44.7
10
168.366860
20
268.027597
70
0
0
VERTEX
8
44.7
10
168.366860
20
268.291147
70
0
0
SEQEND
8
44.7
0
POLYLINE
8
44.7
62
210
70
0
10
0.000000
20
0.000000
66
1
0
VERTEX
8
44.7
10
5.124733
20
304.748579
70
0
0
VERTEX
8
44.7
10
297.135278
20
304.748579
70
0
0
VERTEX
8
44.7
10
298.129654
20
304.647513
70
0
0
VERTEX
8
44.7
10
299.076751
20
304.351862
70
0
0
VERTEX
8
44.7
10
299.949954
20
303.872952
70
0
0
VERTEX
8
44.7
10
300.722652
20
303.222107
70
0
0
VERTEX
8
44.7
10
301.356214
20
302.428332
70
0
0
VERTEX
8
44.7
10
301.822408
20
301.531309
70
0
0
VERTEX
8
44.7
10
302.110208
20
300.558378
70
0
0
VERTEX
8
44.7
10
302.208591
20
299.536877
70
0
0
VERTEX
8
44.7
10
302.208591
20
7.803112
70
0
0
VERTEX
8
44.7
10
302.110208
20
6.781611
70
0
0
VERTEX
8
44.7
10
301.822408
20
5.808680
70
0
0
VERTEX
8
44.7
10
301.356214
20
4.911657
70
0
0
VERTEX
8
44.7
10
300.722652
20
4.117882
70
0
0
VERTEX
8
44.7
10
299.949954
20
3.467037
70
0
0
VERTEX
8
44.7
10
299.076751
20
2.988127
70
0
0
VERTEX
8
44.7
10
298.129654
20
2.692476
70
0
0
VERTEX
8
44.7
10
297.135278
20
2.591409
70
0
0
VERTEX
8
44.7
10
5.124733
20
2.591409
70
0
0
VERTEX
8
44.7
10
4.130357
20
2.692476
70
0
0
VERTEX
8
44.7
10
3.183261
20
2.988127
70
0
0
VERTEX
8
44.7
10
2.310057
20
3.467037
70
0
0
VERTEX
8
44.7
10
1.537360
20
4.117882
70
0
0
VERTEX
8
44.7
10
0.903797
20
4.911657
70
0
0
VERTEX
8
44.7
10
0.437604
20
5.808680
70
0
0
VERTEX
8
44.7
10
0.149804
20
6.781611
70
0
0
VERTEX
8
44.7
10
0.051421
20
7.803112
70
0
0
VERTEX
8
44.7
10
0.051421
20
299.536877
70
0
0
VERTEX
8
44.7
10
0.154492
20
300.587217
70
0
0
VERTEX
8
44.7
10
0.450107
20
301.565507
70
0
0
VERTEX
8
44.7
10
0.917863
20
302.450789
70
0
0
VERTEX
8
44.7
10
1.537360
20
303.222107
70
0
0
VERTEX
8
44.7
10
2.288196
20
303.858502
70
0
0
VERTEX
8
44.7
10
3.149971
20
304.339018
70
0
0
VERTEX
8
44.7
10
4.102284
20
304.642696
70
0
0
VERTEX
8
44.7
10
5.124733
20
304.748579
70
0
0
VERTEX
8
44.7
10
5.124733
20
304.748579
70
0
0
SEQEND
8
44.7
 0 
ENDSEC
 0 
EOF